2025-08-22 15:21:39,319 [Worker-5: Loading available Gradle versions] INFO  o.e.b.c.i.u.g.PublishedGradleVersions - Gradle version information cache is not available. Remote download required.
2025-08-22 15:23:53,209 [Worker-5: Loading available Gradle versions] INFO  o.e.b.c.i.u.g.PublishedGradleVersions - Gradle version information cache is up-to-date. Trying to read.
2025-08-22 20:20:17,860 [Worker-15: Import Getting Started Content] INFO  o.e.m.c.i.e.AbstractTransferListenerAdapter - Downloading https://repo.maven.apache.org/maven2/org/springframework/boot/spring-boot-starter-parent/3.5.5/spring-boot-starter-parent-3.5.5.pom
2025-08-22 20:20:17,892 [Worker-15: Import Getting Started Content] INFO  o.e.m.c.i.e.AbstractTransferListenerAdapter - Downloaded https://repo.maven.apache.org/maven2/org/springframework/boot/spring-boot-starter-parent/3.5.5/spring-boot-starter-parent-3.5.5.pom
2025-08-22 20:20:18,345 [Worker-15: Import Getting Started Content] INFO  o.e.m.c.i.e.AbstractTransferListenerAdapter - Downloading https://repo.maven.apache.org/maven2/org/springframework/boot/spring-boot-dependencies/3.5.5/spring-boot-dependencies-3.5.5.pom
2025-08-22 20:20:19,718 [Worker-15: Import Getting Started Content] INFO  o.e.m.c.i.e.AbstractTransferListenerAdapter - Downloaded https://repo.maven.apache.org/maven2/org/springframework/boot/spring-boot-dependencies/3.5.5/spring-boot-dependencies-3.5.5.pom
2025-08-22 20:20:20,499 [Worker-15: Import Getting Started Content] INFO  o.e.m.c.i.e.AbstractTransferListenerAdapter - Downloading https://repo.maven.apache.org/maven2/org/assertj/assertj-bom/3.27.4/assertj-bom-3.27.4.pom
2025-08-22 20:20:20,527 [Worker-15: Import Getting Started Content] INFO  o.e.m.c.i.e.AbstractTransferListenerAdapter - Downloaded https://repo.maven.apache.org/maven2/org/assertj/assertj-bom/3.27.4/assertj-bom-3.27.4.pom
2025-08-22 20:20:21,224 [Worker-15: Import Getting Started Content] INFO  o.e.m.c.i.e.AbstractTransferListenerAdapter - Downloading https://repo.maven.apache.org/maven2/org/glassfish/jersey/jersey-bom/3.1.11/jersey-bom-3.1.11.pom
2025-08-22 20:20:25,542 [Worker-15: Import Getting Started Content] INFO  o.e.m.c.i.e.AbstractTransferListenerAdapter - Downloaded https://repo.maven.apache.org/maven2/org/glassfish/jersey/jersey-bom/3.1.11/jersey-bom-3.1.11.pom
2025-08-22 20:20:25,822 [Worker-15: Import Getting Started Content] INFO  o.e.m.c.i.e.AbstractTransferListenerAdapter - Downloading https://repo.maven.apache.org/maven2/org/eclipse/jetty/ee10/jetty-ee10-bom/12.0.25/jetty-ee10-bom-12.0.25.pom
2025-08-22 20:20:26,875 [Worker-15: Import Getting Started Content] INFO  o.e.m.c.i.e.AbstractTransferListenerAdapter - Downloaded https://repo.maven.apache.org/maven2/org/eclipse/jetty/ee10/jetty-ee10-bom/12.0.25/jetty-ee10-bom-12.0.25.pom
2025-08-22 20:20:27,053 [Worker-15: Import Getting Started Content] INFO  o.e.m.c.i.e.AbstractTransferListenerAdapter - Downloading https://repo.maven.apache.org/maven2/org/eclipse/jetty/jetty-bom/12.0.25/jetty-bom-12.0.25.pom
2025-08-22 20:20:28,319 [Worker-15: Import Getting Started Content] INFO  o.e.m.c.i.e.AbstractTransferListenerAdapter - Downloaded https://repo.maven.apache.org/maven2/org/eclipse/jetty/jetty-bom/12.0.25/jetty-bom-12.0.25.pom
2025-08-22 20:20:28,721 [Worker-15: Import Getting Started Content] INFO  o.e.m.c.i.e.AbstractTransferListenerAdapter - Downloading https://repo.maven.apache.org/maven2/io/micrometer/micrometer-bom/1.15.3/micrometer-bom-1.15.3.pom
2025-08-22 20:20:29,125 [Worker-15: Import Getting Started Content] INFO  o.e.m.c.i.e.AbstractTransferListenerAdapter - Downloaded https://repo.maven.apache.org/maven2/io/micrometer/micrometer-bom/1.15.3/micrometer-bom-1.15.3.pom
2025-08-22 20:20:29,444 [Worker-15: Import Getting Started Content] INFO  o.e.m.c.i.e.AbstractTransferListenerAdapter - Downloading https://repo.maven.apache.org/maven2/io/micrometer/micrometer-tracing-bom/1.5.3/micrometer-tracing-bom-1.5.3.pom
2025-08-22 20:20:29,456 [Worker-15: Import Getting Started Content] INFO  o.e.m.c.i.e.AbstractTransferListenerAdapter - Downloaded https://repo.maven.apache.org/maven2/io/micrometer/micrometer-tracing-bom/1.5.3/micrometer-tracing-bom-1.5.3.pom
2025-08-22 20:20:29,919 [Worker-15: Import Getting Started Content] INFO  o.e.m.c.i.e.AbstractTransferListenerAdapter - Downloading https://repo.maven.apache.org/maven2/io/netty/netty-bom/4.1.124.Final/netty-bom-4.1.124.Final.pom
2025-08-22 20:20:30,562 [Worker-15: Import Getting Started Content] INFO  o.e.m.c.i.e.AbstractTransferListenerAdapter - Downloaded https://repo.maven.apache.org/maven2/io/netty/netty-bom/4.1.124.Final/netty-bom-4.1.124.Final.pom
2025-08-22 20:20:30,869 [Worker-15: Import Getting Started Content] INFO  o.e.m.c.i.e.AbstractTransferListenerAdapter - Downloading https://repo.maven.apache.org/maven2/org/apache/pulsar/pulsar-bom/4.0.6/pulsar-bom-4.0.6.pom
2025-08-22 20:20:32,223 [Worker-15: Import Getting Started Content] INFO  o.e.m.c.i.e.AbstractTransferListenerAdapter - Downloaded https://repo.maven.apache.org/maven2/org/apache/pulsar/pulsar-bom/4.0.6/pulsar-bom-4.0.6.pom
2025-08-22 20:20:32,483 [Worker-15: Import Getting Started Content] INFO  o.e.m.c.i.e.AbstractTransferListenerAdapter - Downloading https://repo.maven.apache.org/maven2/io/projectreactor/reactor-bom/2024.0.9/reactor-bom-2024.0.9.pom
2025-08-22 20:20:32,728 [Worker-15: Import Getting Started Content] INFO  o.e.m.c.i.e.AbstractTransferListenerAdapter - Downloaded https://repo.maven.apache.org/maven2/io/projectreactor/reactor-bom/2024.0.9/reactor-bom-2024.0.9.pom
2025-08-22 20:20:33,018 [Worker-15: Import Getting Started Content] INFO  o.e.m.c.i.e.AbstractTransferListenerAdapter - Downloading https://repo.maven.apache.org/maven2/io/rest-assured/rest-assured-bom/5.5.6/rest-assured-bom-5.5.6.pom
2025-08-22 20:20:33,124 [Worker-15: Import Getting Started Content] INFO  o.e.m.c.i.e.AbstractTransferListenerAdapter - Downloaded https://repo.maven.apache.org/maven2/io/rest-assured/rest-assured-bom/5.5.6/rest-assured-bom-5.5.6.pom
2025-08-22 20:20:33,530 [Worker-15: Import Getting Started Content] INFO  o.e.m.c.i.e.AbstractTransferListenerAdapter - Downloading https://repo.maven.apache.org/maven2/org/springframework/data/spring-data-bom/2025.0.3/spring-data-bom-2025.0.3.pom
2025-08-22 20:20:34,145 [Worker-15: Import Getting Started Content] INFO  o.e.m.c.i.e.AbstractTransferListenerAdapter - Downloaded https://repo.maven.apache.org/maven2/org/springframework/data/spring-data-bom/2025.0.3/spring-data-bom-2025.0.3.pom
2025-08-22 20:20:34,355 [Worker-15: Import Getting Started Content] INFO  o.e.m.c.i.e.AbstractTransferListenerAdapter - Downloading https://repo.maven.apache.org/maven2/org/springframework/spring-framework-bom/6.2.10/spring-framework-bom-6.2.10.pom
2025-08-22 20:20:34,429 [Worker-15: Import Getting Started Content] INFO  o.e.m.c.i.e.AbstractTransferListenerAdapter - Downloaded https://repo.maven.apache.org/maven2/org/springframework/spring-framework-bom/6.2.10/spring-framework-bom-6.2.10.pom
2025-08-22 20:20:34,854 [Worker-15: Import Getting Started Content] INFO  o.e.m.c.i.e.AbstractTransferListenerAdapter - Downloading https://repo.maven.apache.org/maven2/org/springframework/pulsar/spring-pulsar-bom/1.2.9/spring-pulsar-bom-1.2.9.pom
2025-08-22 20:20:34,866 [Worker-15: Import Getting Started Content] INFO  o.e.m.c.i.e.AbstractTransferListenerAdapter - Downloaded https://repo.maven.apache.org/maven2/org/springframework/pulsar/spring-pulsar-bom/1.2.9/spring-pulsar-bom-1.2.9.pom
2025-08-22 20:20:35,120 [Worker-15: Import Getting Started Content] INFO  o.e.m.c.i.e.AbstractTransferListenerAdapter - Downloading https://repo.maven.apache.org/maven2/org/springframework/restdocs/spring-restdocs-bom/3.0.5/spring-restdocs-bom-3.0.5.pom
2025-08-22 20:20:35,270 [Worker-15: Import Getting Started Content] INFO  o.e.m.c.i.e.AbstractTransferListenerAdapter - Downloaded https://repo.maven.apache.org/maven2/org/springframework/restdocs/spring-restdocs-bom/3.0.5/spring-restdocs-bom-3.0.5.pom
2025-08-22 20:20:35,755 [Worker-15: Import Getting Started Content] INFO  o.e.m.c.i.e.AbstractTransferListenerAdapter - Downloading https://repo.maven.apache.org/maven2/org/springframework/security/spring-security-bom/6.5.3/spring-security-bom-6.5.3.pom
2025-08-22 20:20:35,783 [Worker-15: Import Getting Started Content] INFO  o.e.m.c.i.e.AbstractTransferListenerAdapter - Downloaded https://repo.maven.apache.org/maven2/org/springframework/security/spring-security-bom/6.5.3/spring-security-bom-6.5.3.pom
2025-08-22 20:20:36,101 [Worker-15: Import Getting Started Content] INFO  o.e.m.c.i.e.AbstractTransferListenerAdapter - Downloading https://repo.maven.apache.org/maven2/org/springframework/session/spring-session-bom/3.5.2/spring-session-bom-3.5.2.pom
2025-08-22 20:20:36,292 [Worker-15: Import Getting Started Content] INFO  o.e.m.c.i.e.AbstractTransferListenerAdapter - Downloaded https://repo.maven.apache.org/maven2/org/springframework/session/spring-session-bom/3.5.2/spring-session-bom-3.5.2.pom
2025-08-22 20:20:37,203 [Worker-15: Import Getting Started Content] INFO  o.e.m.c.i.e.AbstractTransferListenerAdapter - Downloading https://repo.maven.apache.org/maven2/org/springframework/boot/spring-boot-maven-plugin/3.5.5/spring-boot-maven-plugin-3.5.5.pom
2025-08-22 20:20:37,319 [Worker-15: Import Getting Started Content] INFO  o.e.m.c.i.e.AbstractTransferListenerAdapter - Downloaded https://repo.maven.apache.org/maven2/org/springframework/boot/spring-boot-maven-plugin/3.5.5/spring-boot-maven-plugin-3.5.5.pom
2025-08-22 20:20:37,606 [Worker-15: Import Getting Started Content] INFO  o.e.m.c.i.e.AbstractTransferListenerAdapter - Downloading https://repo.maven.apache.org/maven2/org/springframework/boot/spring-boot-maven-plugin/3.5.5/spring-boot-maven-plugin-3.5.5.jar
2025-08-22 20:20:42,440 [Worker-15: Import Getting Started Content] INFO  o.e.m.c.i.e.AbstractTransferListenerAdapter - Downloaded https://repo.maven.apache.org/maven2/org/springframework/boot/spring-boot-maven-plugin/3.5.5/spring-boot-maven-plugin-3.5.5.jar
2025-08-22 20:20:44,768 [Worker-15: Import Getting Started Content] INFO  o.e.m.c.i.l.LifecycleMappingFactory - Using org.eclipse.m2e.jdt.JarLifecycleMapping lifecycle mapping for MavenProject: com.atm:ATM-Project:1.0 @ C:\Users\SRUTHI\Documents\atm\ATM-Project\pom.xml.
2025-08-22 20:20:45,487 [Worker-15: Import Getting Started Content] INFO  o.e.m.c.i.e.AbstractTransferListenerAdapter - Downloading https://repo.maven.apache.org/maven2/org/springframework/boot/spring-boot-starter-data-jpa/3.5.5/spring-boot-starter-data-jpa-3.5.5.pom
2025-08-22 20:20:45,717 [Worker-15: Import Getting Started Content] INFO  o.e.m.c.i.e.AbstractTransferListenerAdapter - Downloaded https://repo.maven.apache.org/maven2/org/springframework/boot/spring-boot-starter-data-jpa/3.5.5/spring-boot-starter-data-jpa-3.5.5.pom
2025-08-22 20:20:46,000 [Worker-15: Import Getting Started Content] INFO  o.e.m.c.i.e.AbstractTransferListenerAdapter - Downloading https://repo.maven.apache.org/maven2/org/springframework/boot/spring-boot-starter/3.5.5/spring-boot-starter-3.5.5.pom
2025-08-22 20:20:46,122 [Worker-15: Import Getting Started Content] INFO  o.e.m.c.i.e.AbstractTransferListenerAdapter - Downloaded https://repo.maven.apache.org/maven2/org/springframework/boot/spring-boot-starter/3.5.5/spring-boot-starter-3.5.5.pom
2025-08-22 20:20:46,310 [Worker-15: Import Getting Started Content] INFO  o.e.m.c.i.e.AbstractTransferListenerAdapter - Downloading https://repo.maven.apache.org/maven2/org/springframework/boot/spring-boot/3.5.5/spring-boot-3.5.5.pom
2025-08-22 20:20:46,436 [Worker-15: Import Getting Started Content] INFO  o.e.m.c.i.e.AbstractTransferListenerAdapter - Downloaded https://repo.maven.apache.org/maven2/org/springframework/boot/spring-boot/3.5.5/spring-boot-3.5.5.pom
2025-08-22 20:20:46,746 [Worker-15: Import Getting Started Content] INFO  o.e.m.c.i.e.AbstractTransferListenerAdapter - Downloading https://repo.maven.apache.org/maven2/org/springframework/spring-core/6.2.10/spring-core-6.2.10.pom
2025-08-22 20:20:46,756 [Worker-15: Import Getting Started Content] INFO  o.e.m.c.i.e.AbstractTransferListenerAdapter - Downloaded https://repo.maven.apache.org/maven2/org/springframework/spring-core/6.2.10/spring-core-6.2.10.pom
2025-08-22 20:20:47,132 [Worker-15: Import Getting Started Content] INFO  o.e.m.c.i.e.AbstractTransferListenerAdapter - Downloading https://repo.maven.apache.org/maven2/org/springframework/spring-jcl/6.2.10/spring-jcl-6.2.10.pom
2025-08-22 20:20:48,094 [Worker-15: Import Getting Started Content] INFO  o.e.m.c.i.e.AbstractTransferListenerAdapter - Downloaded https://repo.maven.apache.org/maven2/org/springframework/spring-jcl/6.2.10/spring-jcl-6.2.10.pom
2025-08-22 20:20:48,382 [Worker-15: Import Getting Started Content] INFO  o.e.m.c.i.e.AbstractTransferListenerAdapter - Downloading https://repo.maven.apache.org/maven2/org/springframework/spring-context/6.2.10/spring-context-6.2.10.pom
2025-08-22 20:20:48,459 [Worker-15: Import Getting Started Content] INFO  o.e.m.c.i.e.AbstractTransferListenerAdapter - Downloaded https://repo.maven.apache.org/maven2/org/springframework/spring-context/6.2.10/spring-context-6.2.10.pom
2025-08-22 20:20:48,679 [Worker-15: Import Getting Started Content] INFO  o.e.m.c.i.e.AbstractTransferListenerAdapter - Downloading https://repo.maven.apache.org/maven2/org/springframework/spring-aop/6.2.10/spring-aop-6.2.10.pom
2025-08-22 20:20:48,971 [Worker-15: Import Getting Started Content] INFO  o.e.m.c.i.e.AbstractTransferListenerAdapter - Downloaded https://repo.maven.apache.org/maven2/org/springframework/spring-aop/6.2.10/spring-aop-6.2.10.pom
2025-08-22 20:20:49,271 [Worker-15: Import Getting Started Content] INFO  o.e.m.c.i.e.AbstractTransferListenerAdapter - Downloading https://repo.maven.apache.org/maven2/org/springframework/spring-beans/6.2.10/spring-beans-6.2.10.pom
2025-08-22 20:20:50,947 [Worker-15: Import Getting Started Content] INFO  o.e.m.c.i.e.AbstractTransferListenerAdapter - Downloaded https://repo.maven.apache.org/maven2/org/springframework/spring-beans/6.2.10/spring-beans-6.2.10.pom
2025-08-22 20:20:51,440 [Worker-15: Import Getting Started Content] INFO  o.e.m.c.i.e.AbstractTransferListenerAdapter - Downloading https://repo.maven.apache.org/maven2/org/springframework/spring-expression/6.2.10/spring-expression-6.2.10.pom
2025-08-22 20:20:51,643 [Worker-15: Import Getting Started Content] INFO  o.e.m.c.i.e.AbstractTransferListenerAdapter - Downloaded https://repo.maven.apache.org/maven2/org/springframework/spring-expression/6.2.10/spring-expression-6.2.10.pom
2025-08-22 20:20:51,960 [Worker-15: Import Getting Started Content] INFO  o.e.m.c.i.e.AbstractTransferListenerAdapter - Downloading https://repo.maven.apache.org/maven2/io/micrometer/micrometer-observation/1.15.3/micrometer-observation-1.15.3.pom
2025-08-22 20:20:52,556 [Worker-15: Import Getting Started Content] INFO  o.e.m.c.i.e.AbstractTransferListenerAdapter - Downloaded https://repo.maven.apache.org/maven2/io/micrometer/micrometer-observation/1.15.3/micrometer-observation-1.15.3.pom
2025-08-22 20:20:52,860 [Worker-15: Import Getting Started Content] INFO  o.e.m.c.i.e.AbstractTransferListenerAdapter - Downloading https://repo.maven.apache.org/maven2/io/micrometer/micrometer-commons/1.15.3/micrometer-commons-1.15.3.pom
2025-08-22 20:20:53,496 [Worker-15: Import Getting Started Content] INFO  o.e.m.c.i.e.AbstractTransferListenerAdapter - Downloaded https://repo.maven.apache.org/maven2/io/micrometer/micrometer-commons/1.15.3/micrometer-commons-1.15.3.pom
2025-08-22 20:20:53,906 [Worker-15: Import Getting Started Content] INFO  o.e.m.c.i.e.AbstractTransferListenerAdapter - Downloading https://repo.maven.apache.org/maven2/org/springframework/boot/spring-boot-autoconfigure/3.5.5/spring-boot-autoconfigure-3.5.5.pom
2025-08-22 20:20:54,723 [Worker-15: Import Getting Started Content] INFO  o.e.m.c.i.e.AbstractTransferListenerAdapter - Downloaded https://repo.maven.apache.org/maven2/org/springframework/boot/spring-boot-autoconfigure/3.5.5/spring-boot-autoconfigure-3.5.5.pom
2025-08-22 20:20:55,228 [Worker-15: Import Getting Started Content] INFO  o.e.m.c.i.e.AbstractTransferListenerAdapter - Downloading https://repo.maven.apache.org/maven2/org/springframework/boot/spring-boot-starter-logging/3.5.5/spring-boot-starter-logging-3.5.5.pom
2025-08-22 20:20:55,444 [Worker-15: Import Getting Started Content] INFO  o.e.m.c.i.e.AbstractTransferListenerAdapter - Downloaded https://repo.maven.apache.org/maven2/org/springframework/boot/spring-boot-starter-logging/3.5.5/spring-boot-starter-logging-3.5.5.pom
2025-08-22 20:20:56,664 [Worker-15: Import Getting Started Content] INFO  o.e.m.c.i.e.AbstractTransferListenerAdapter - Downloading https://repo.maven.apache.org/maven2/org/springframework/boot/spring-boot-starter-jdbc/3.5.5/spring-boot-starter-jdbc-3.5.5.pom
2025-08-22 20:20:56,873 [Worker-15: Import Getting Started Content] INFO  o.e.m.c.i.e.AbstractTransferListenerAdapter - Downloaded https://repo.maven.apache.org/maven2/org/springframework/boot/spring-boot-starter-jdbc/3.5.5/spring-boot-starter-jdbc-3.5.5.pom
2025-08-22 20:20:57,075 [Worker-15: Import Getting Started Content] INFO  o.e.m.c.i.e.AbstractTransferListenerAdapter - Downloading https://repo.maven.apache.org/maven2/com/zaxxer/HikariCP/6.3.2/HikariCP-6.3.2.pom
2025-08-22 20:20:59,024 [Worker-15: Import Getting Started Content] INFO  o.e.m.c.i.e.AbstractTransferListenerAdapter - Downloaded https://repo.maven.apache.org/maven2/com/zaxxer/HikariCP/6.3.2/HikariCP-6.3.2.pom
2025-08-22 20:20:59,216 [Worker-15: Import Getting Started Content] INFO  o.e.m.c.i.e.AbstractTransferListenerAdapter - Downloading https://repo.maven.apache.org/maven2/org/springframework/spring-jdbc/6.2.10/spring-jdbc-6.2.10.pom
2025-08-22 20:20:59,864 [Worker-15: Import Getting Started Content] INFO  o.e.m.c.i.e.AbstractTransferListenerAdapter - Downloaded https://repo.maven.apache.org/maven2/org/springframework/spring-jdbc/6.2.10/spring-jdbc-6.2.10.pom
2025-08-22 20:21:00,125 [Worker-15: Import Getting Started Content] INFO  o.e.m.c.i.e.AbstractTransferListenerAdapter - Downloading https://repo.maven.apache.org/maven2/org/springframework/spring-tx/6.2.10/spring-tx-6.2.10.pom
2025-08-22 20:21:00,363 [Worker-15: Import Getting Started Content] INFO  o.e.m.c.i.e.AbstractTransferListenerAdapter - Downloaded https://repo.maven.apache.org/maven2/org/springframework/spring-tx/6.2.10/spring-tx-6.2.10.pom
2025-08-22 20:21:00,658 [Worker-15: Import Getting Started Content] INFO  o.e.m.c.i.e.AbstractTransferListenerAdapter - Downloading https://repo.maven.apache.org/maven2/org/hibernate/orm/hibernate-core/6.6.26.Final/hibernate-core-6.6.26.Final.pom
2025-08-22 20:21:01,071 [Worker-15: Import Getting Started Content] INFO  o.e.m.c.i.e.AbstractTransferListenerAdapter - Downloaded https://repo.maven.apache.org/maven2/org/hibernate/orm/hibernate-core/6.6.26.Final/hibernate-core-6.6.26.Final.pom
2025-08-22 20:21:01,366 [Worker-15: Import Getting Started Content] INFO  o.e.m.c.i.e.AbstractTransferListenerAdapter - Downloading https://repo.maven.apache.org/maven2/net/bytebuddy/byte-buddy/1.17.7/byte-buddy-1.17.7.pom
2025-08-22 20:21:02,294 [Worker-15: Import Getting Started Content] INFO  o.e.m.c.i.e.AbstractTransferListenerAdapter - Downloaded https://repo.maven.apache.org/maven2/net/bytebuddy/byte-buddy/1.17.7/byte-buddy-1.17.7.pom
2025-08-22 20:21:02,485 [Worker-15: Import Getting Started Content] INFO  o.e.m.c.i.e.AbstractTransferListenerAdapter - Downloading https://repo.maven.apache.org/maven2/net/bytebuddy/byte-buddy-parent/1.17.7/byte-buddy-parent-1.17.7.pom
2025-08-22 20:21:04,783 [Worker-15: Import Getting Started Content] INFO  o.e.m.c.i.e.AbstractTransferListenerAdapter - Downloaded https://repo.maven.apache.org/maven2/net/bytebuddy/byte-buddy-parent/1.17.7/byte-buddy-parent-1.17.7.pom
2025-08-22 20:21:05,150 [Worker-15: Import Getting Started Content] INFO  o.e.m.c.i.e.AbstractTransferListenerAdapter - Downloading https://repo.maven.apache.org/maven2/org/springframework/data/spring-data-jpa/3.5.3/spring-data-jpa-3.5.3.pom
2025-08-22 20:21:05,992 [Worker-15: Import Getting Started Content] INFO  o.e.m.c.i.e.AbstractTransferListenerAdapter - Downloaded https://repo.maven.apache.org/maven2/org/springframework/data/spring-data-jpa/3.5.3/spring-data-jpa-3.5.3.pom
2025-08-22 20:21:06,174 [Worker-15: Import Getting Started Content] INFO  o.e.m.c.i.e.AbstractTransferListenerAdapter - Downloading https://repo.maven.apache.org/maven2/org/springframework/data/spring-data-jpa-parent/3.5.3/spring-data-jpa-parent-3.5.3.pom
2025-08-22 20:21:06,296 [Worker-15: Import Getting Started Content] INFO  o.e.m.c.i.e.AbstractTransferListenerAdapter - Downloaded https://repo.maven.apache.org/maven2/org/springframework/data/spring-data-jpa-parent/3.5.3/spring-data-jpa-parent-3.5.3.pom
2025-08-22 20:21:06,612 [Worker-15: Import Getting Started Content] INFO  o.e.m.c.i.e.AbstractTransferListenerAdapter - Downloading https://repo.maven.apache.org/maven2/org/springframework/data/build/spring-data-parent/3.5.3/spring-data-parent-3.5.3.pom
2025-08-22 20:21:10,171 [Worker-15: Import Getting Started Content] INFO  o.e.m.c.i.e.AbstractTransferListenerAdapter - Downloaded https://repo.maven.apache.org/maven2/org/springframework/data/build/spring-data-parent/3.5.3/spring-data-parent-3.5.3.pom
2025-08-22 20:21:10,339 [Worker-15: Import Getting Started Content] INFO  o.e.m.c.i.e.AbstractTransferListenerAdapter - Downloading https://repo.maven.apache.org/maven2/org/springframework/data/build/spring-data-build/3.5.3/spring-data-build-3.5.3.pom
2025-08-22 20:21:11,105 [Worker-15: Import Getting Started Content] INFO  o.e.m.c.i.e.AbstractTransferListenerAdapter - Downloaded https://repo.maven.apache.org/maven2/org/springframework/data/build/spring-data-build/3.5.3/spring-data-build-3.5.3.pom
2025-08-22 20:21:11,510 [Worker-15: Import Getting Started Content] INFO  o.e.m.c.i.e.AbstractTransferListenerAdapter - Downloading https://repo.maven.apache.org/maven2/org/springframework/data/spring-data-commons/3.5.3/spring-data-commons-3.5.3.pom
2025-08-22 20:21:11,735 [Worker-15: Import Getting Started Content] INFO  o.e.m.c.i.e.AbstractTransferListenerAdapter - Downloaded https://repo.maven.apache.org/maven2/org/springframework/data/spring-data-commons/3.5.3/spring-data-commons-3.5.3.pom
2025-08-22 20:21:12,312 [Worker-15: Import Getting Started Content] INFO  o.e.m.c.i.e.AbstractTransferListenerAdapter - Downloading https://repo.maven.apache.org/maven2/org/springframework/spring-orm/6.2.10/spring-orm-6.2.10.pom
2025-08-22 20:21:12,394 [Worker-15: Import Getting Started Content] INFO  o.e.m.c.i.e.AbstractTransferListenerAdapter - Downloaded https://repo.maven.apache.org/maven2/org/springframework/spring-orm/6.2.10/spring-orm-6.2.10.pom
2025-08-22 20:21:12,843 [Worker-15: Import Getting Started Content] INFO  o.e.m.c.i.e.AbstractTransferListenerAdapter - Downloading https://repo.maven.apache.org/maven2/org/springframework/spring-aspects/6.2.10/spring-aspects-6.2.10.pom
2025-08-22 20:21:13,873 [Worker-15: Import Getting Started Content] INFO  o.e.m.c.i.e.AbstractTransferListenerAdapter - Downloaded https://repo.maven.apache.org/maven2/org/springframework/spring-aspects/6.2.10/spring-aspects-6.2.10.pom
2025-08-22 20:21:14,071 [Worker-15: Import Getting Started Content] INFO  o.e.m.c.i.e.AbstractTransferListenerAdapter - Downloading https://repo.maven.apache.org/maven2/org/springframework/boot/spring-boot-starter-test/3.5.5/spring-boot-starter-test-3.5.5.pom
2025-08-22 20:21:15,821 [Worker-15: Import Getting Started Content] INFO  o.e.m.c.i.e.AbstractTransferListenerAdapter - Downloaded https://repo.maven.apache.org/maven2/org/springframework/boot/spring-boot-starter-test/3.5.5/spring-boot-starter-test-3.5.5.pom
2025-08-22 20:21:16,836 [Worker-15: Import Getting Started Content] INFO  o.e.m.c.i.e.AbstractTransferListenerAdapter - Downloading https://repo.maven.apache.org/maven2/org/springframework/boot/spring-boot-test/3.5.5/spring-boot-test-3.5.5.pom
2025-08-22 20:21:17,060 [Worker-15: Import Getting Started Content] INFO  o.e.m.c.i.e.AbstractTransferListenerAdapter - Downloaded https://repo.maven.apache.org/maven2/org/springframework/boot/spring-boot-test/3.5.5/spring-boot-test-3.5.5.pom
2025-08-22 20:21:17,539 [Worker-15: Import Getting Started Content] INFO  o.e.m.c.i.e.AbstractTransferListenerAdapter - Downloading https://repo.maven.apache.org/maven2/org/springframework/spring-test/6.2.10/spring-test-6.2.10.pom
2025-08-22 20:21:17,869 [Worker-15: Import Getting Started Content] INFO  o.e.m.c.i.e.AbstractTransferListenerAdapter - Downloaded https://repo.maven.apache.org/maven2/org/springframework/spring-test/6.2.10/spring-test-6.2.10.pom
2025-08-22 20:21:18,156 [Worker-15: Import Getting Started Content] INFO  o.e.m.c.i.e.AbstractTransferListenerAdapter - Downloading https://repo.maven.apache.org/maven2/org/springframework/boot/spring-boot-test-autoconfigure/3.5.5/spring-boot-test-autoconfigure-3.5.5.pom
2025-08-22 20:21:18,905 [Worker-15: Import Getting Started Content] INFO  o.e.m.c.i.e.AbstractTransferListenerAdapter - Downloaded https://repo.maven.apache.org/maven2/org/springframework/boot/spring-boot-test-autoconfigure/3.5.5/spring-boot-test-autoconfigure-3.5.5.pom
2025-08-22 20:21:19,202 [Worker-15: Import Getting Started Content] INFO  o.e.m.c.i.e.AbstractTransferListenerAdapter - Downloading https://repo.maven.apache.org/maven2/org/assertj/assertj-core/3.27.4/assertj-core-3.27.4.pom
2025-08-22 20:21:19,477 [Worker-15: Import Getting Started Content] INFO  o.e.m.c.i.e.AbstractTransferListenerAdapter - Downloaded https://repo.maven.apache.org/maven2/org/assertj/assertj-core/3.27.4/assertj-core-3.27.4.pom
2025-08-22 20:21:19,913 [Worker-15: Import Getting Started Content] INFO  o.e.m.c.i.e.AbstractTransferListenerAdapter - Downloading https://repo.maven.apache.org/maven2/net/bytebuddy/byte-buddy-agent/1.17.7/byte-buddy-agent-1.17.7.pom
2025-08-22 20:21:20,540 [Worker-15: Import Getting Started Content] INFO  o.e.m.c.i.e.AbstractTransferListenerAdapter - Downloaded https://repo.maven.apache.org/maven2/net/bytebuddy/byte-buddy-agent/1.17.7/byte-buddy-agent-1.17.7.pom
2025-08-22 20:21:20,918 [Worker-15: Import Getting Started Content] INFO  o.e.m.c.i.e.AbstractTransferListenerAdapter - Downloading https://repo.maven.apache.org/maven2/org/springframework/boot/spring-boot-starter-data-jpa/3.5.5/spring-boot-starter-data-jpa-3.5.5.jar
2025-08-22 20:21:21,852 [Worker-15: Import Getting Started Content] INFO  o.e.m.c.i.e.AbstractTransferListenerAdapter - Downloaded https://repo.maven.apache.org/maven2/org/springframework/boot/spring-boot-starter-data-jpa/3.5.5/spring-boot-starter-data-jpa-3.5.5.jar
2025-08-22 20:21:22,164 [BasicRepositoryConnector-repo.maven.apache.org-0-2] INFO  o.e.m.c.i.e.AbstractTransferListenerAdapter - Downloading https://repo.maven.apache.org/maven2/org/springframework/boot/spring-boot-autoconfigure/3.5.5/spring-boot-autoconfigure-3.5.5.jar
2025-08-22 20:21:22,468 [BasicRepositoryConnector-repo.maven.apache.org-0-4] INFO  o.e.m.c.i.e.AbstractTransferListenerAdapter - Downloading https://repo.maven.apache.org/maven2/org/springframework/boot/spring-boot-starter-jdbc/3.5.5/spring-boot-starter-jdbc-3.5.5.jar
2025-08-22 20:21:22,471 [BasicRepositoryConnector-repo.maven.apache.org-0-3] INFO  o.e.m.c.i.e.AbstractTransferListenerAdapter - Downloading https://repo.maven.apache.org/maven2/org/springframework/boot/spring-boot-starter-logging/3.5.5/spring-boot-starter-logging-3.5.5.jar
2025-08-22 20:21:22,476 [BasicRepositoryConnector-repo.maven.apache.org-0-0] INFO  o.e.m.c.i.e.AbstractTransferListenerAdapter - Downloading https://repo.maven.apache.org/maven2/org/springframework/boot/spring-boot-starter/3.5.5/spring-boot-starter-3.5.5.jar
2025-08-22 20:21:22,482 [BasicRepositoryConnector-repo.maven.apache.org-0-1] INFO  o.e.m.c.i.e.AbstractTransferListenerAdapter - Downloading https://repo.maven.apache.org/maven2/org/springframework/boot/spring-boot/3.5.5/spring-boot-3.5.5.jar
2025-08-22 20:21:22,490 [BasicRepositoryConnector-repo.maven.apache.org-0-3] INFO  o.e.m.c.i.e.AbstractTransferListenerAdapter - Downloaded https://repo.maven.apache.org/maven2/org/springframework/boot/spring-boot-starter-logging/3.5.5/spring-boot-starter-logging-3.5.5.jar
2025-08-22 20:21:22,496 [BasicRepositoryConnector-repo.maven.apache.org-0-0] INFO  o.e.m.c.i.e.AbstractTransferListenerAdapter - Downloaded https://repo.maven.apache.org/maven2/org/springframework/boot/spring-boot-starter/3.5.5/spring-boot-starter-3.5.5.jar
2025-08-22 20:21:22,499 [BasicRepositoryConnector-repo.maven.apache.org-0-4] INFO  o.e.m.c.i.e.AbstractTransferListenerAdapter - Downloaded https://repo.maven.apache.org/maven2/org/springframework/boot/spring-boot-starter-jdbc/3.5.5/spring-boot-starter-jdbc-3.5.5.jar
2025-08-22 20:21:22,657 [BasicRepositoryConnector-repo.maven.apache.org-0-3] INFO  o.e.m.c.i.e.AbstractTransferListenerAdapter - Downloading https://repo.maven.apache.org/maven2/com/zaxxer/HikariCP/6.3.2/HikariCP-6.3.2.jar
2025-08-22 20:21:22,660 [BasicRepositoryConnector-repo.maven.apache.org-0-4] INFO  o.e.m.c.i.e.AbstractTransferListenerAdapter - Downloading https://repo.maven.apache.org/maven2/org/hibernate/orm/hibernate-core/6.6.26.Final/hibernate-core-6.6.26.Final.jar
2025-08-22 20:21:22,688 [BasicRepositoryConnector-repo.maven.apache.org-0-0] INFO  o.e.m.c.i.e.AbstractTransferListenerAdapter - Downloading https://repo.maven.apache.org/maven2/org/springframework/spring-jdbc/6.2.10/spring-jdbc-6.2.10.jar
2025-08-22 20:21:22,903 [BasicRepositoryConnector-repo.maven.apache.org-0-3] INFO  o.e.m.c.i.e.AbstractTransferListenerAdapter - Downloaded https://repo.maven.apache.org/maven2/com/zaxxer/HikariCP/6.3.2/HikariCP-6.3.2.jar
2025-08-22 20:21:23,218 [BasicRepositoryConnector-repo.maven.apache.org-0-3] INFO  o.e.m.c.i.e.AbstractTransferListenerAdapter - Downloading https://repo.maven.apache.org/maven2/net/bytebuddy/byte-buddy/1.17.7/byte-buddy-1.17.7.jar
2025-08-22 20:21:23,454 [BasicRepositoryConnector-repo.maven.apache.org-0-1] INFO  o.e.m.c.i.e.AbstractTransferListenerAdapter - Downloaded https://repo.maven.apache.org/maven2/org/springframework/boot/spring-boot/3.5.5/spring-boot-3.5.5.jar
2025-08-22 20:21:23,476 [BasicRepositoryConnector-repo.maven.apache.org-0-0] INFO  o.e.m.c.i.e.AbstractTransferListenerAdapter - Downloaded https://repo.maven.apache.org/maven2/org/springframework/spring-jdbc/6.2.10/spring-jdbc-6.2.10.jar
2025-08-22 20:21:23,526 [BasicRepositoryConnector-repo.maven.apache.org-0-0] INFO  o.e.m.c.i.e.AbstractTransferListenerAdapter - Downloading https://repo.maven.apache.org/maven2/org/springframework/data/spring-data-commons/3.5.3/spring-data-commons-3.5.3.jar
2025-08-22 20:21:23,556 [BasicRepositoryConnector-repo.maven.apache.org-0-1] INFO  o.e.m.c.i.e.AbstractTransferListenerAdapter - Downloading https://repo.maven.apache.org/maven2/org/springframework/data/spring-data-jpa/3.5.3/spring-data-jpa-3.5.3.jar
2025-08-22 20:21:24,566 [BasicRepositoryConnector-repo.maven.apache.org-0-1] INFO  o.e.m.c.i.e.AbstractTransferListenerAdapter - Downloaded https://repo.maven.apache.org/maven2/org/springframework/data/spring-data-jpa/3.5.3/spring-data-jpa-3.5.3.jar
2025-08-22 20:21:24,676 [BasicRepositoryConnector-repo.maven.apache.org-0-1] INFO  o.e.m.c.i.e.AbstractTransferListenerAdapter - Downloading https://repo.maven.apache.org/maven2/org/springframework/spring-orm/6.2.10/spring-orm-6.2.10.jar
2025-08-22 20:21:24,835 [BasicRepositoryConnector-repo.maven.apache.org-0-1] INFO  o.e.m.c.i.e.AbstractTransferListenerAdapter - Downloaded https://repo.maven.apache.org/maven2/org/springframework/spring-orm/6.2.10/spring-orm-6.2.10.jar
2025-08-22 20:21:25,075 [BasicRepositoryConnector-repo.maven.apache.org-0-1] INFO  o.e.m.c.i.e.AbstractTransferListenerAdapter - Downloading https://repo.maven.apache.org/maven2/org/springframework/spring-context/6.2.10/spring-context-6.2.10.jar
2025-08-22 20:21:25,676 [BasicRepositoryConnector-repo.maven.apache.org-0-1] INFO  o.e.m.c.i.e.AbstractTransferListenerAdapter - Downloaded https://repo.maven.apache.org/maven2/org/springframework/spring-context/6.2.10/spring-context-6.2.10.jar
2025-08-22 20:21:25,937 [BasicRepositoryConnector-repo.maven.apache.org-0-1] INFO  o.e.m.c.i.e.AbstractTransferListenerAdapter - Downloading https://repo.maven.apache.org/maven2/org/springframework/spring-expression/6.2.10/spring-expression-6.2.10.jar
2025-08-22 20:21:26,069 [BasicRepositoryConnector-repo.maven.apache.org-0-1] INFO  o.e.m.c.i.e.AbstractTransferListenerAdapter - Downloaded https://repo.maven.apache.org/maven2/org/springframework/spring-expression/6.2.10/spring-expression-6.2.10.jar
2025-08-22 20:21:26,153 [BasicRepositoryConnector-repo.maven.apache.org-0-0] INFO  o.e.m.c.i.e.AbstractTransferListenerAdapter - Downloaded https://repo.maven.apache.org/maven2/org/springframework/data/spring-data-commons/3.5.3/spring-data-commons-3.5.3.jar
2025-08-22 20:21:26,207 [BasicRepositoryConnector-repo.maven.apache.org-0-1] INFO  o.e.m.c.i.e.AbstractTransferListenerAdapter - Downloading https://repo.maven.apache.org/maven2/io/micrometer/micrometer-observation/1.15.3/micrometer-observation-1.15.3.jar
2025-08-22 20:21:26,224 [BasicRepositoryConnector-repo.maven.apache.org-0-1] INFO  o.e.m.c.i.e.AbstractTransferListenerAdapter - Downloaded https://repo.maven.apache.org/maven2/io/micrometer/micrometer-observation/1.15.3/micrometer-observation-1.15.3.jar
2025-08-22 20:21:26,234 [BasicRepositoryConnector-repo.maven.apache.org-0-0] INFO  o.e.m.c.i.e.AbstractTransferListenerAdapter - Downloading https://repo.maven.apache.org/maven2/io/micrometer/micrometer-commons/1.15.3/micrometer-commons-1.15.3.jar
2025-08-22 20:21:26,260 [BasicRepositoryConnector-repo.maven.apache.org-0-0] INFO  o.e.m.c.i.e.AbstractTransferListenerAdapter - Downloaded https://repo.maven.apache.org/maven2/io/micrometer/micrometer-commons/1.15.3/micrometer-commons-1.15.3.jar
2025-08-22 20:21:26,300 [BasicRepositoryConnector-repo.maven.apache.org-0-1] INFO  o.e.m.c.i.e.AbstractTransferListenerAdapter - Downloading https://repo.maven.apache.org/maven2/org/springframework/spring-aop/6.2.10/spring-aop-6.2.10.jar
2025-08-22 20:21:26,395 [BasicRepositoryConnector-repo.maven.apache.org-0-0] INFO  o.e.m.c.i.e.AbstractTransferListenerAdapter - Downloading https://repo.maven.apache.org/maven2/org/springframework/spring-tx/6.2.10/spring-tx-6.2.10.jar
2025-08-22 20:21:26,426 [BasicRepositoryConnector-repo.maven.apache.org-0-1] INFO  o.e.m.c.i.e.AbstractTransferListenerAdapter - Downloaded https://repo.maven.apache.org/maven2/org/springframework/spring-aop/6.2.10/spring-aop-6.2.10.jar
2025-08-22 20:21:26,534 [BasicRepositoryConnector-repo.maven.apache.org-0-0] INFO  o.e.m.c.i.e.AbstractTransferListenerAdapter - Downloaded https://repo.maven.apache.org/maven2/org/springframework/spring-tx/6.2.10/spring-tx-6.2.10.jar
2025-08-22 20:21:26,534 [BasicRepositoryConnector-repo.maven.apache.org-0-1] INFO  o.e.m.c.i.e.AbstractTransferListenerAdapter - Downloading https://repo.maven.apache.org/maven2/org/springframework/spring-beans/6.2.10/spring-beans-6.2.10.jar
2025-08-22 20:21:26,603 [BasicRepositoryConnector-repo.maven.apache.org-0-0] INFO  o.e.m.c.i.e.AbstractTransferListenerAdapter - Downloading https://repo.maven.apache.org/maven2/org/springframework/spring-aspects/6.2.10/spring-aspects-6.2.10.jar
2025-08-22 20:21:26,635 [BasicRepositoryConnector-repo.maven.apache.org-0-0] INFO  o.e.m.c.i.e.AbstractTransferListenerAdapter - Downloaded https://repo.maven.apache.org/maven2/org/springframework/spring-aspects/6.2.10/spring-aspects-6.2.10.jar
2025-08-22 20:21:26,751 [BasicRepositoryConnector-repo.maven.apache.org-0-0] INFO  o.e.m.c.i.e.AbstractTransferListenerAdapter - Downloading https://repo.maven.apache.org/maven2/org/springframework/boot/spring-boot-starter-test/3.5.5/spring-boot-starter-test-3.5.5.jar
2025-08-22 20:21:26,756 [BasicRepositoryConnector-repo.maven.apache.org-0-1] INFO  o.e.m.c.i.e.AbstractTransferListenerAdapter - Downloaded https://repo.maven.apache.org/maven2/org/springframework/spring-beans/6.2.10/spring-beans-6.2.10.jar
2025-08-22 20:21:26,758 [BasicRepositoryConnector-repo.maven.apache.org-0-0] INFO  o.e.m.c.i.e.AbstractTransferListenerAdapter - Downloaded https://repo.maven.apache.org/maven2/org/springframework/boot/spring-boot-starter-test/3.5.5/spring-boot-starter-test-3.5.5.jar
2025-08-22 20:21:26,856 [BasicRepositoryConnector-repo.maven.apache.org-0-0] INFO  o.e.m.c.i.e.AbstractTransferListenerAdapter - Downloading https://repo.maven.apache.org/maven2/org/springframework/boot/spring-boot-test-autoconfigure/3.5.5/spring-boot-test-autoconfigure-3.5.5.jar
2025-08-22 20:21:26,894 [BasicRepositoryConnector-repo.maven.apache.org-0-1] INFO  o.e.m.c.i.e.AbstractTransferListenerAdapter - Downloading https://repo.maven.apache.org/maven2/org/springframework/boot/spring-boot-test/3.5.5/spring-boot-test-3.5.5.jar
2025-08-22 20:21:26,978 [BasicRepositoryConnector-repo.maven.apache.org-0-0] INFO  o.e.m.c.i.e.AbstractTransferListenerAdapter - Downloaded https://repo.maven.apache.org/maven2/org/springframework/boot/spring-boot-test-autoconfigure/3.5.5/spring-boot-test-autoconfigure-3.5.5.jar
2025-08-22 20:21:27,043 [BasicRepositoryConnector-repo.maven.apache.org-0-1] INFO  o.e.m.c.i.e.AbstractTransferListenerAdapter - Downloaded https://repo.maven.apache.org/maven2/org/springframework/boot/spring-boot-test/3.5.5/spring-boot-test-3.5.5.jar
2025-08-22 20:21:27,093 [BasicRepositoryConnector-repo.maven.apache.org-0-0] INFO  o.e.m.c.i.e.AbstractTransferListenerAdapter - Downloading https://repo.maven.apache.org/maven2/org/assertj/assertj-core/3.27.4/assertj-core-3.27.4.jar
2025-08-22 20:21:27,127 [BasicRepositoryConnector-repo.maven.apache.org-0-1] INFO  o.e.m.c.i.e.AbstractTransferListenerAdapter - Downloading https://repo.maven.apache.org/maven2/net/bytebuddy/byte-buddy-agent/1.17.7/byte-buddy-agent-1.17.7.jar
2025-08-22 20:21:27,341 [BasicRepositoryConnector-repo.maven.apache.org-0-1] INFO  o.e.m.c.i.e.AbstractTransferListenerAdapter - Downloaded https://repo.maven.apache.org/maven2/net/bytebuddy/byte-buddy-agent/1.17.7/byte-buddy-agent-1.17.7.jar
2025-08-22 20:21:27,404 [BasicRepositoryConnector-repo.maven.apache.org-0-1] INFO  o.e.m.c.i.e.AbstractTransferListenerAdapter - Downloading https://repo.maven.apache.org/maven2/org/springframework/spring-core/6.2.10/spring-core-6.2.10.jar
2025-08-22 20:21:27,449 [BasicRepositoryConnector-repo.maven.apache.org-0-0] INFO  o.e.m.c.i.e.AbstractTransferListenerAdapter - Downloaded https://repo.maven.apache.org/maven2/org/assertj/assertj-core/3.27.4/assertj-core-3.27.4.jar
2025-08-22 20:21:27,516 [BasicRepositoryConnector-repo.maven.apache.org-0-0] INFO  o.e.m.c.i.e.AbstractTransferListenerAdapter - Downloading https://repo.maven.apache.org/maven2/org/springframework/spring-jcl/6.2.10/spring-jcl-6.2.10.jar
2025-08-22 20:21:27,527 [BasicRepositoryConnector-repo.maven.apache.org-0-0] INFO  o.e.m.c.i.e.AbstractTransferListenerAdapter - Downloaded https://repo.maven.apache.org/maven2/org/springframework/spring-jcl/6.2.10/spring-jcl-6.2.10.jar
2025-08-22 20:21:27,746 [BasicRepositoryConnector-repo.maven.apache.org-0-0] INFO  o.e.m.c.i.e.AbstractTransferListenerAdapter - Downloading https://repo.maven.apache.org/maven2/org/springframework/spring-test/6.2.10/spring-test-6.2.10.jar
2025-08-22 20:21:28,015 [BasicRepositoryConnector-repo.maven.apache.org-0-0] INFO  o.e.m.c.i.e.AbstractTransferListenerAdapter - Downloaded https://repo.maven.apache.org/maven2/org/springframework/spring-test/6.2.10/spring-test-6.2.10.jar
2025-08-22 20:21:28,329 [BasicRepositoryConnector-repo.maven.apache.org-0-1] INFO  o.e.m.c.i.e.AbstractTransferListenerAdapter - Downloaded https://repo.maven.apache.org/maven2/org/springframework/spring-core/6.2.10/spring-core-6.2.10.jar
2025-08-22 20:21:28,390 [BasicRepositoryConnector-repo.maven.apache.org-0-3] INFO  o.e.m.c.i.e.AbstractTransferListenerAdapter - Downloaded https://repo.maven.apache.org/maven2/net/bytebuddy/byte-buddy/1.17.7/byte-buddy-1.17.7.jar
2025-08-22 20:21:29,011 [BasicRepositoryConnector-repo.maven.apache.org-0-4] INFO  o.e.m.c.i.e.AbstractTransferListenerAdapter - Downloaded https://repo.maven.apache.org/maven2/org/hibernate/orm/hibernate-core/6.6.26.Final/hibernate-core-6.6.26.Final.jar
2025-08-22 20:23:56,074 [BasicRepositoryConnector-repo.maven.apache.org-0-2] INFO  o.e.m.c.i.e.AbstractTransferListenerAdapter - Downloaded https://repo.maven.apache.org/maven2/org/springframework/boot/spring-boot-autoconfigure/3.5.5/spring-boot-autoconfigure-3.5.5.jar
2025-08-22 20:23:57,414 [Worker-15: Import Getting Started Content] INFO  o.e.m.j.i.AbstractJavaProjectConfigurator - Adding source folder /ATM-Project/src/main/java
2025-08-22 20:23:57,416 [Worker-15: Import Getting Started Content] INFO  o.e.m.j.i.AbstractJavaProjectConfigurator - Adding resource folder /ATM-Project/src/main/resources
2025-08-22 20:23:57,422 [Worker-15: Import Getting Started Content] INFO  o.e.m.j.i.AbstractJavaProjectConfigurator - Adding resource folder /ATM-Project/src/main/resources
2025-08-22 20:23:57,427 [Worker-15: Import Getting Started Content] INFO  o.e.m.j.i.AbstractJavaProjectConfigurator - Adding source folder /ATM-Project/src/test/java
2025-08-22 20:23:57,428 [Worker-15: Import Getting Started Content] INFO  o.e.m.j.i.AbstractJavaProjectConfigurator - Adding resource folder /ATM-Project/src/test/resources
2025-08-22 20:23:58,751 [Worker-15: Import Getting Started Content] INFO  o.e.m.c.i.p.ProjectConfigurationManager - Imported and configured 1 project(s) in 225 sec
2025-08-22 20:23:58,757 [Worker-15: Import Getting Started Content] INFO  o.e.m.c.i.p.ProjectConfigurationManager - Update started
2025-08-22 20:23:58,802 [Worker-20: Download sources and javadoc] INFO  o.e.m.c.i.e.AbstractTransferListenerAdapter - Downloading https://repo.maven.apache.org/maven2/org/springframework/boot/spring-boot-starter-data-jpa/3.5.5/spring-boot-starter-data-jpa-3.5.5-sources.jar
2025-08-22 20:23:58,813 [Worker-20: Download sources and javadoc] INFO  o.e.m.c.i.e.AbstractTransferListenerAdapter - Downloaded https://repo.maven.apache.org/maven2/org/springframework/boot/spring-boot-starter-data-jpa/3.5.5/spring-boot-starter-data-jpa-3.5.5-sources.jar
2025-08-22 20:23:58,824 [Worker-20: Download sources and javadoc] INFO  o.e.m.j.internal.DownloadSourcesJob - Downloaded sources for org.springframework.boot:spring-boot-starter-data-jpa:3.5.5
2025-08-22 20:23:59,963 [Worker-15: Import Getting Started Content] INFO  o.e.m.c.i.l.LifecycleMappingFactory - Using org.eclipse.m2e.jdt.JarLifecycleMapping lifecycle mapping for MavenProject: com.atm:ATM-Project:1.0 @ C:\Users\SRUTHI\Documents\atm\ATM-Project\pom.xml.
2025-08-22 20:24:01,278 [Worker-20: Download sources and javadoc] INFO  o.e.m.c.i.e.AbstractTransferListenerAdapter - Downloading https://repo.maven.apache.org/maven2/org/springframework/boot/spring-boot-starter/3.5.5/spring-boot-starter-3.5.5-sources.jar
2025-08-22 20:24:01,470 [Worker-20: Download sources and javadoc] INFO  o.e.m.c.i.e.AbstractTransferListenerAdapter - Downloaded https://repo.maven.apache.org/maven2/org/springframework/boot/spring-boot-starter/3.5.5/spring-boot-starter-3.5.5-sources.jar
2025-08-22 20:24:01,476 [Worker-20: Download sources and javadoc] INFO  o.e.m.j.internal.DownloadSourcesJob - Downloaded sources for org.springframework.boot:spring-boot-starter:3.5.5
2025-08-22 20:24:02,274 [Worker-15: Import Getting Started Content] INFO  o.e.m.j.i.AbstractJavaProjectConfigurator - Adding source folder /ATM-Project/src/main/java
2025-08-22 20:24:02,275 [Worker-15: Import Getting Started Content] INFO  o.e.m.j.i.AbstractJavaProjectConfigurator - Adding resource folder /ATM-Project/src/main/resources
2025-08-22 20:24:02,276 [Worker-15: Import Getting Started Content] INFO  o.e.m.j.i.AbstractJavaProjectConfigurator - Adding resource folder /ATM-Project/src/main/resources
2025-08-22 20:24:02,276 [Worker-15: Import Getting Started Content] INFO  o.e.m.j.i.AbstractJavaProjectConfigurator - Adding source folder /ATM-Project/src/test/java
2025-08-22 20:24:02,277 [Worker-15: Import Getting Started Content] INFO  o.e.m.j.i.AbstractJavaProjectConfigurator - Adding resource folder /ATM-Project/src/test/resources
2025-08-22 20:24:02,903 [Worker-15: Import Getting Started Content] INFO  o.e.m.c.i.p.ProjectConfigurationManager - Update completed for 1 poms: local refresh takes 0.00 sec, refresh facades takes 3.00 sec, update config takes 0.00 sec 
2025-08-22 20:24:02,949 [Worker-20: Download sources and javadoc] INFO  o.e.m.c.i.e.AbstractTransferListenerAdapter - Downloading https://repo.maven.apache.org/maven2/org/springframework/boot/spring-boot/3.5.5/spring-boot-3.5.5-sources.jar
2025-08-22 20:24:05,071 [Worker-20: Download sources and javadoc] INFO  o.e.m.c.i.e.AbstractTransferListenerAdapter - Downloaded https://repo.maven.apache.org/maven2/org/springframework/boot/spring-boot/3.5.5/spring-boot-3.5.5-sources.jar
2025-08-22 20:24:05,077 [Worker-20: Download sources and javadoc] INFO  o.e.m.j.internal.DownloadSourcesJob - Downloaded sources for org.springframework.boot:spring-boot:3.5.5
2025-08-22 20:24:28,721 [Worker-5: Loading available Gradle versions] INFO  o.e.b.c.i.u.g.PublishedGradleVersions - Gradle version information cache is up-to-date. Trying to read.
2025-08-22 20:36:25,731 [ModalContext] ERROR o.e.m.c.i.p.r.ProjectRegistryReader - Can't write workspace state
java.io.FileNotFoundException: C:\Users\SRUTHI\Documents\atm\.metadata\.plugins\org.eclipse.m2e.core\workspaceState.ser (The system cannot find the path specified)
	at java.base/java.io.FileOutputStream.open0(Native Method)
	at java.base/java.io.FileOutputStream.open(FileOutputStream.java:289)
	at java.base/java.io.FileOutputStream.<init>(FileOutputStream.java:230)
	at java.base/java.io.FileOutputStream.<init>(FileOutputStream.java:179)
	at org.eclipse.m2e.core.internal.project.registry.ProjectRegistryReader.createObjectOutputStream(ProjectRegistryReader.java:127)
	at org.eclipse.m2e.core.internal.project.registry.ProjectRegistryReader.writeWorkspaceState(ProjectRegistryReader.java:116)
	at org.eclipse.m2e.core.internal.project.registry.ProjectRegistryManager.writeWorkspaceState(ProjectRegistryManager.java:1047)
	at org.eclipse.m2e.core.internal.project.registry.ProjectRegistryManager.saving(ProjectRegistryManager.java:1198)
	at org.eclipse.core.internal.resources.SaveManager.executeLifecycle(SaveManager.java:453)
	at org.eclipse.core.internal.resources.SaveManager$1.run(SaveManager.java:269)
	at org.eclipse.core.runtime.SafeRunner.run(SafeRunner.java:47)
	at org.eclipse.core.internal.resources.SaveManager.broadcastLifecycle(SaveManager.java:272)
	at org.eclipse.core.internal.resources.SaveManager.save(SaveManager.java:1226)
	at org.eclipse.core.internal.resources.Workspace.save(Workspace.java:2498)
	at org.eclipse.ui.internal.ide.application.IDEWorkbenchAdvisor.lambda$1(IDEWorkbenchAdvisor.java:555)
	at org.eclipse.jface.operation.ModalContext$ModalContextThread.run(ModalContext.java:123)
2025-08-22 20:37:59,144 [Worker-2: Loading available Gradle versions] INFO  o.e.b.c.i.u.g.PublishedGradleVersions - Gradle version information cache is not available. Remote download required.
2025-08-22 21:31:43,542 [Worker-13: Import Getting Started Content] INFO  o.e.m.c.i.l.LifecycleMappingFactory - Using org.eclipse.m2e.jdt.JarLifecycleMapping lifecycle mapping for MavenProject: com.atm:ATM-Project:1.0 @ C:\Users\SRUTHI\Documents\atm\ATM-Project\pom.xml.
2025-08-22 21:31:44,845 [Worker-13: Import Getting Started Content] INFO  o.e.m.c.i.e.AbstractTransferListenerAdapter - Downloading https://repo.maven.apache.org/maven2/org/springframework/boot/spring-boot-starter-web/3.5.5/spring-boot-starter-web-3.5.5.pom
2025-08-22 21:31:44,908 [Worker-13: Import Getting Started Content] INFO  o.e.m.c.i.e.AbstractTransferListenerAdapter - Downloaded https://repo.maven.apache.org/maven2/org/springframework/boot/spring-boot-starter-web/3.5.5/spring-boot-starter-web-3.5.5.pom
2025-08-22 21:31:47,497 [Worker-13: Import Getting Started Content] INFO  o.e.m.c.i.e.AbstractTransferListenerAdapter - Downloading https://repo.maven.apache.org/maven2/org/springframework/boot/spring-boot-starter-json/3.5.5/spring-boot-starter-json-3.5.5.pom
2025-08-22 21:31:47,532 [Worker-13: Import Getting Started Content] INFO  o.e.m.c.i.e.AbstractTransferListenerAdapter - Downloaded https://repo.maven.apache.org/maven2/org/springframework/boot/spring-boot-starter-json/3.5.5/spring-boot-starter-json-3.5.5.pom
2025-08-22 21:31:47,904 [Worker-13: Import Getting Started Content] INFO  o.e.m.c.i.e.AbstractTransferListenerAdapter - Downloading https://repo.maven.apache.org/maven2/org/springframework/spring-web/6.2.10/spring-web-6.2.10.pom
2025-08-22 21:31:47,924 [Worker-13: Import Getting Started Content] INFO  o.e.m.c.i.e.AbstractTransferListenerAdapter - Downloaded https://repo.maven.apache.org/maven2/org/springframework/spring-web/6.2.10/spring-web-6.2.10.pom
2025-08-22 21:31:48,522 [Worker-13: Import Getting Started Content] INFO  o.e.m.c.i.e.AbstractTransferListenerAdapter - Downloading https://repo.maven.apache.org/maven2/org/springframework/boot/spring-boot-starter-tomcat/3.5.5/spring-boot-starter-tomcat-3.5.5.pom
2025-08-22 21:31:48,536 [Worker-13: Import Getting Started Content] INFO  o.e.m.c.i.e.AbstractTransferListenerAdapter - Downloaded https://repo.maven.apache.org/maven2/org/springframework/boot/spring-boot-starter-tomcat/3.5.5/spring-boot-starter-tomcat-3.5.5.pom
2025-08-22 21:31:48,724 [Worker-13: Import Getting Started Content] INFO  o.e.m.c.i.e.AbstractTransferListenerAdapter - Downloading https://repo.maven.apache.org/maven2/org/apache/tomcat/embed/tomcat-embed-core/10.1.44/tomcat-embed-core-10.1.44.pom
2025-08-22 21:31:48,758 [Worker-13: Import Getting Started Content] INFO  o.e.m.c.i.e.AbstractTransferListenerAdapter - Downloaded https://repo.maven.apache.org/maven2/org/apache/tomcat/embed/tomcat-embed-core/10.1.44/tomcat-embed-core-10.1.44.pom
2025-08-22 21:31:49,031 [Worker-13: Import Getting Started Content] INFO  o.e.m.c.i.e.AbstractTransferListenerAdapter - Downloading https://repo.maven.apache.org/maven2/org/apache/tomcat/embed/tomcat-embed-el/10.1.44/tomcat-embed-el-10.1.44.pom
2025-08-22 21:31:49,062 [Worker-13: Import Getting Started Content] INFO  o.e.m.c.i.e.AbstractTransferListenerAdapter - Downloaded https://repo.maven.apache.org/maven2/org/apache/tomcat/embed/tomcat-embed-el/10.1.44/tomcat-embed-el-10.1.44.pom
2025-08-22 21:31:49,342 [Worker-13: Import Getting Started Content] INFO  o.e.m.c.i.e.AbstractTransferListenerAdapter - Downloading https://repo.maven.apache.org/maven2/org/apache/tomcat/embed/tomcat-embed-websocket/10.1.44/tomcat-embed-websocket-10.1.44.pom
2025-08-22 21:31:49,355 [Worker-13: Import Getting Started Content] INFO  o.e.m.c.i.e.AbstractTransferListenerAdapter - Downloaded https://repo.maven.apache.org/maven2/org/apache/tomcat/embed/tomcat-embed-websocket/10.1.44/tomcat-embed-websocket-10.1.44.pom
2025-08-22 21:31:49,702 [Worker-13: Import Getting Started Content] INFO  o.e.m.c.i.e.AbstractTransferListenerAdapter - Downloading https://repo.maven.apache.org/maven2/org/springframework/spring-webmvc/6.2.10/spring-webmvc-6.2.10.pom
2025-08-22 21:31:49,732 [Worker-13: Import Getting Started Content] INFO  o.e.m.c.i.e.AbstractTransferListenerAdapter - Downloaded https://repo.maven.apache.org/maven2/org/springframework/spring-webmvc/6.2.10/spring-webmvc-6.2.10.pom
2025-08-22 21:31:51,192 [Worker-13: Import Getting Started Content] INFO  o.e.m.c.i.e.AbstractTransferListenerAdapter - Downloading https://repo.maven.apache.org/maven2/org/springframework/boot/spring-boot-devtools/3.5.5/spring-boot-devtools-3.5.5.pom
2025-08-22 21:31:51,200 [Worker-13: Import Getting Started Content] INFO  o.e.m.c.i.e.AbstractTransferListenerAdapter - Downloaded https://repo.maven.apache.org/maven2/org/springframework/boot/spring-boot-devtools/3.5.5/spring-boot-devtools-3.5.5.pom
2025-08-22 21:31:51,489 [Worker-13: Import Getting Started Content] INFO  o.e.m.c.i.e.AbstractTransferListenerAdapter - Downloading https://repo.maven.apache.org/maven2/com/mysql/mysql-connector-j/9.4.0/mysql-connector-j-9.4.0.pom
2025-08-22 21:31:51,516 [Worker-13: Import Getting Started Content] INFO  o.e.m.c.i.e.AbstractTransferListenerAdapter - Downloaded https://repo.maven.apache.org/maven2/com/mysql/mysql-connector-j/9.4.0/mysql-connector-j-9.4.0.pom
2025-08-22 21:31:52,205 [Worker-13: Import Getting Started Content] INFO  o.e.m.c.i.e.AbstractTransferListenerAdapter - Downloading https://repo.maven.apache.org/maven2/org/projectlombok/lombok/1.18.38/lombok-1.18.38.pom
2025-08-22 21:31:52,233 [Worker-13: Import Getting Started Content] INFO  o.e.m.c.i.e.AbstractTransferListenerAdapter - Downloaded https://repo.maven.apache.org/maven2/org/projectlombok/lombok/1.18.38/lombok-1.18.38.pom
2025-08-22 21:31:53,553 [Worker-13: Import Getting Started Content] INFO  o.e.m.c.i.e.AbstractTransferListenerAdapter - Downloading https://repo.maven.apache.org/maven2/org/springframework/boot/spring-boot-starter-web/3.5.5/spring-boot-starter-web-3.5.5.jar
2025-08-22 21:31:53,560 [Worker-13: Import Getting Started Content] INFO  o.e.m.c.i.e.AbstractTransferListenerAdapter - Downloaded https://repo.maven.apache.org/maven2/org/springframework/boot/spring-boot-starter-web/3.5.5/spring-boot-starter-web-3.5.5.jar
2025-08-22 21:31:54,252 [BasicRepositoryConnector-repo.maven.apache.org-0-1] INFO  o.e.m.c.i.e.AbstractTransferListenerAdapter - Downloading https://repo.maven.apache.org/maven2/org/springframework/boot/spring-boot-starter-tomcat/3.5.5/spring-boot-starter-tomcat-3.5.5.jar
2025-08-22 21:31:54,362 [BasicRepositoryConnector-repo.maven.apache.org-0-1] INFO  o.e.m.c.i.e.AbstractTransferListenerAdapter - Downloaded https://repo.maven.apache.org/maven2/org/springframework/boot/spring-boot-starter-tomcat/3.5.5/spring-boot-starter-tomcat-3.5.5.jar
2025-08-22 21:31:54,635 [BasicRepositoryConnector-repo.maven.apache.org-0-1] INFO  o.e.m.c.i.e.AbstractTransferListenerAdapter - Downloading https://repo.maven.apache.org/maven2/org/springframework/spring-web/6.2.10/spring-web-6.2.10.jar
2025-08-22 21:31:56,945 [BasicRepositoryConnector-repo.maven.apache.org-0-0] INFO  o.e.m.c.i.e.AbstractTransferListenerAdapter - Downloading https://repo.maven.apache.org/maven2/org/springframework/boot/spring-boot-starter-json/3.5.5/spring-boot-starter-json-3.5.5.jar
2025-08-22 21:31:56,948 [BasicRepositoryConnector-repo.maven.apache.org-0-2] INFO  o.e.m.c.i.e.AbstractTransferListenerAdapter - Downloading https://repo.maven.apache.org/maven2/org/apache/tomcat/embed/tomcat-embed-core/10.1.44/tomcat-embed-core-10.1.44.jar
2025-08-22 21:31:56,974 [BasicRepositoryConnector-repo.maven.apache.org-0-3] INFO  o.e.m.c.i.e.AbstractTransferListenerAdapter - Downloading https://repo.maven.apache.org/maven2/org/apache/tomcat/embed/tomcat-embed-el/10.1.44/tomcat-embed-el-10.1.44.jar
2025-08-22 21:31:56,987 [BasicRepositoryConnector-repo.maven.apache.org-0-0] INFO  o.e.m.c.i.e.AbstractTransferListenerAdapter - Downloaded https://repo.maven.apache.org/maven2/org/springframework/boot/spring-boot-starter-json/3.5.5/spring-boot-starter-json-3.5.5.jar
2025-08-22 21:31:56,998 [BasicRepositoryConnector-repo.maven.apache.org-0-4] INFO  o.e.m.c.i.e.AbstractTransferListenerAdapter - Downloading https://repo.maven.apache.org/maven2/org/apache/tomcat/embed/tomcat-embed-websocket/10.1.44/tomcat-embed-websocket-10.1.44.jar
2025-08-22 21:31:58,499 [BasicRepositoryConnector-repo.maven.apache.org-0-0] INFO  o.e.m.c.i.e.AbstractTransferListenerAdapter - Downloading https://repo.maven.apache.org/maven2/org/springframework/spring-webmvc/6.2.10/spring-webmvc-6.2.10.jar
2025-08-22 21:32:00,097 [BasicRepositoryConnector-repo.maven.apache.org-0-3] INFO  o.e.m.c.i.e.AbstractTransferListenerAdapter - Downloaded https://repo.maven.apache.org/maven2/org/apache/tomcat/embed/tomcat-embed-el/10.1.44/tomcat-embed-el-10.1.44.jar
2025-08-22 21:32:00,446 [BasicRepositoryConnector-repo.maven.apache.org-0-4] INFO  o.e.m.c.i.e.AbstractTransferListenerAdapter - Downloaded https://repo.maven.apache.org/maven2/org/apache/tomcat/embed/tomcat-embed-websocket/10.1.44/tomcat-embed-websocket-10.1.44.jar
2025-08-22 21:32:00,952 [BasicRepositoryConnector-repo.maven.apache.org-0-3] INFO  o.e.m.c.i.e.AbstractTransferListenerAdapter - Downloading https://repo.maven.apache.org/maven2/org/springframework/boot/spring-boot-devtools/3.5.5/spring-boot-devtools-3.5.5.jar
2025-08-22 21:32:01,033 [BasicRepositoryConnector-repo.maven.apache.org-0-3] INFO  o.e.m.c.i.e.AbstractTransferListenerAdapter - Downloaded https://repo.maven.apache.org/maven2/org/springframework/boot/spring-boot-devtools/3.5.5/spring-boot-devtools-3.5.5.jar
2025-08-22 21:32:04,293 [BasicRepositoryConnector-repo.maven.apache.org-0-4] INFO  o.e.m.c.i.e.AbstractTransferListenerAdapter - Downloading https://repo.maven.apache.org/maven2/com/mysql/mysql-connector-j/9.4.0/mysql-connector-j-9.4.0.jar
2025-08-22 21:32:04,293 [BasicRepositoryConnector-repo.maven.apache.org-0-3] INFO  o.e.m.c.i.e.AbstractTransferListenerAdapter - Downloading https://repo.maven.apache.org/maven2/org/projectlombok/lombok/1.18.38/lombok-1.18.38.jar
2025-08-22 21:32:10,249 [BasicRepositoryConnector-repo.maven.apache.org-0-3] INFO  o.e.m.c.i.e.AbstractTransferListenerAdapter - Downloaded https://repo.maven.apache.org/maven2/org/projectlombok/lombok/1.18.38/lombok-1.18.38.jar
2025-08-22 21:32:10,442 [BasicRepositoryConnector-repo.maven.apache.org-0-0] INFO  o.e.m.c.i.e.AbstractTransferListenerAdapter - Downloaded https://repo.maven.apache.org/maven2/org/springframework/spring-webmvc/6.2.10/spring-webmvc-6.2.10.jar
2025-08-22 21:32:20,907 [BasicRepositoryConnector-repo.maven.apache.org-0-4] INFO  o.e.m.c.i.e.AbstractTransferListenerAdapter - Downloaded https://repo.maven.apache.org/maven2/com/mysql/mysql-connector-j/9.4.0/mysql-connector-j-9.4.0.jar
2025-08-22 21:32:20,910 [BasicRepositoryConnector-repo.maven.apache.org-0-2] INFO  o.e.m.c.i.e.AbstractTransferListenerAdapter - Downloaded https://repo.maven.apache.org/maven2/org/apache/tomcat/embed/tomcat-embed-core/10.1.44/tomcat-embed-core-10.1.44.jar
2025-08-22 21:32:20,923 [BasicRepositoryConnector-repo.maven.apache.org-0-1] INFO  o.e.m.c.i.e.AbstractTransferListenerAdapter - Downloaded https://repo.maven.apache.org/maven2/org/springframework/spring-web/6.2.10/spring-web-6.2.10.jar
2025-08-22 21:32:22,437 [Worker-13: Import Getting Started Content] INFO  o.e.m.j.i.AbstractJavaProjectConfigurator - Adding source folder /ATM-Project/src/main/java
2025-08-22 21:32:22,442 [Worker-13: Import Getting Started Content] INFO  o.e.m.j.i.AbstractJavaProjectConfigurator - Adding resource folder /ATM-Project/src/main/resources
2025-08-22 21:32:22,449 [Worker-13: Import Getting Started Content] INFO  o.e.m.j.i.AbstractJavaProjectConfigurator - Adding resource folder /ATM-Project/src/main/resources
2025-08-22 21:32:22,457 [Worker-13: Import Getting Started Content] INFO  o.e.m.j.i.AbstractJavaProjectConfigurator - Adding source folder /ATM-Project/src/test/java
2025-08-22 21:32:22,460 [Worker-13: Import Getting Started Content] INFO  o.e.m.j.i.AbstractJavaProjectConfigurator - Adding resource folder /ATM-Project/src/test/resources
2025-08-22 21:32:23,533 [Worker-15: Download sources and javadoc] INFO  o.e.m.c.i.e.AbstractTransferListenerAdapter - Downloading https://repo.maven.apache.org/maven2/org/springframework/boot/spring-boot-starter-logging/3.5.5/spring-boot-starter-logging-3.5.5-sources.jar
2025-08-22 21:32:23,545 [Worker-15: Download sources and javadoc] INFO  o.e.m.c.i.e.AbstractTransferListenerAdapter - Downloaded https://repo.maven.apache.org/maven2/org/springframework/boot/spring-boot-starter-logging/3.5.5/spring-boot-starter-logging-3.5.5-sources.jar
2025-08-22 21:32:23,556 [Worker-15: Download sources and javadoc] INFO  o.e.m.j.internal.DownloadSourcesJob - Downloaded sources for org.springframework.boot:spring-boot-starter-logging:3.5.5
2025-08-22 21:32:23,874 [Worker-13: Import Getting Started Content] INFO  o.e.m.c.i.p.ProjectConfigurationManager - Imported and configured 1 project(s) in 42 sec
2025-08-22 21:32:23,880 [Worker-13: Import Getting Started Content] INFO  o.e.m.c.i.p.ProjectConfigurationManager - Update started
2025-08-22 21:32:24,470 [Worker-13: Import Getting Started Content] INFO  o.e.m.c.i.l.LifecycleMappingFactory - Using org.eclipse.m2e.jdt.JarLifecycleMapping lifecycle mapping for MavenProject: com.atm:ATM-Project:1.0 @ C:\Users\SRUTHI\Documents\atm\ATM-Project\pom.xml.
2025-08-22 21:32:24,518 [Worker-15: Download sources and javadoc] INFO  o.e.m.c.i.e.AbstractTransferListenerAdapter - Downloading https://repo.maven.apache.org/maven2/org/springframework/boot/spring-boot-starter-jdbc/3.5.5/spring-boot-starter-jdbc-3.5.5-sources.jar
2025-08-22 21:32:24,547 [Worker-15: Download sources and javadoc] INFO  o.e.m.c.i.e.AbstractTransferListenerAdapter - Downloaded https://repo.maven.apache.org/maven2/org/springframework/boot/spring-boot-starter-jdbc/3.5.5/spring-boot-starter-jdbc-3.5.5-sources.jar
2025-08-22 21:32:24,560 [Worker-15: Download sources and javadoc] INFO  o.e.m.j.internal.DownloadSourcesJob - Downloaded sources for org.springframework.boot:spring-boot-starter-jdbc:3.5.5
2025-08-22 21:32:25,385 [Worker-15: Download sources and javadoc] INFO  o.e.m.c.i.e.AbstractTransferListenerAdapter - Downloading https://repo.maven.apache.org/maven2/com/zaxxer/HikariCP/6.3.2/HikariCP-6.3.2-sources.jar
2025-08-22 21:32:25,750 [Worker-13: Import Getting Started Content] INFO  o.e.m.j.i.AbstractJavaProjectConfigurator - Adding source folder /ATM-Project/src/main/java
2025-08-22 21:32:25,751 [Worker-13: Import Getting Started Content] INFO  o.e.m.j.i.AbstractJavaProjectConfigurator - Adding resource folder /ATM-Project/src/main/resources
2025-08-22 21:32:25,752 [Worker-13: Import Getting Started Content] INFO  o.e.m.j.i.AbstractJavaProjectConfigurator - Adding resource folder /ATM-Project/src/main/resources
2025-08-22 21:32:25,753 [Worker-13: Import Getting Started Content] INFO  o.e.m.j.i.AbstractJavaProjectConfigurator - Adding source folder /ATM-Project/src/test/java
2025-08-22 21:32:25,762 [Worker-13: Import Getting Started Content] INFO  o.e.m.j.i.AbstractJavaProjectConfigurator - Adding resource folder /ATM-Project/src/test/resources
2025-08-22 21:32:26,774 [Worker-13: Import Getting Started Content] INFO  o.e.m.c.i.p.ProjectConfigurationManager - Update completed for 1 poms: local refresh takes 0.00 sec, refresh facades takes 1.00 sec, update config takes 0.00 sec 
2025-08-22 21:32:28,341 [Worker-18: Building] INFO  o.a.m.s.f.DefaultMavenResourcesFiltering - Copying 1 resource from src\main\resources to target\classes
2025-08-22 21:32:28,425 [Worker-18: Building] INFO  o.a.m.s.f.DefaultMavenResourcesFiltering - Copying 0 resource from src\main\resources to target\classes
2025-08-22 21:32:28,438 [Worker-18: Building] INFO  o.a.m.s.f.DefaultMavenResourcesFiltering - skip non existing resourceDirectory C:\Users\SRUTHI\Documents\atm\ATM-Project\src\test\resources
2025-08-22 21:32:28,584 [Worker-15: Download sources and javadoc] INFO  o.e.m.c.i.e.AbstractTransferListenerAdapter - Downloaded https://repo.maven.apache.org/maven2/com/zaxxer/HikariCP/6.3.2/HikariCP-6.3.2-sources.jar
2025-08-22 21:32:28,593 [Worker-15: Download sources and javadoc] INFO  o.e.m.j.internal.DownloadSourcesJob - Downloaded sources for com.zaxxer:HikariCP:6.3.2
2025-08-22 21:32:29,005 [Worker-15: Download sources and javadoc] INFO  o.e.m.c.i.e.AbstractTransferListenerAdapter - Downloading https://repo.maven.apache.org/maven2/org/springframework/spring-jdbc/6.2.10/spring-jdbc-6.2.10-sources.jar
2025-08-22 21:32:29,916 [Worker-15: Download sources and javadoc] INFO  o.e.m.c.i.e.AbstractTransferListenerAdapter - Downloaded https://repo.maven.apache.org/maven2/org/springframework/spring-jdbc/6.2.10/spring-jdbc-6.2.10-sources.jar
2025-08-22 21:32:29,922 [Worker-15: Download sources and javadoc] INFO  o.e.m.j.internal.DownloadSourcesJob - Downloaded sources for org.springframework:spring-jdbc:6.2.10
2025-08-22 21:32:30,329 [Worker-15: Download sources and javadoc] INFO  o.e.m.c.i.e.AbstractTransferListenerAdapter - Downloading https://repo.maven.apache.org/maven2/org/hibernate/orm/hibernate-core/6.6.26.Final/hibernate-core-6.6.26.Final-sources.jar
2025-08-22 21:32:35,537 [Worker-15: Download sources and javadoc] INFO  o.e.m.c.i.e.AbstractTransferListenerAdapter - Downloaded https://repo.maven.apache.org/maven2/org/hibernate/orm/hibernate-core/6.6.26.Final/hibernate-core-6.6.26.Final-sources.jar
2025-08-22 21:32:35,543 [Worker-15: Download sources and javadoc] INFO  o.e.m.j.internal.DownloadSourcesJob - Downloaded sources for org.hibernate.orm:hibernate-core:6.6.26.Final
2025-08-22 21:32:36,040 [Worker-15: Download sources and javadoc] INFO  o.e.m.c.i.e.AbstractTransferListenerAdapter - Downloading https://repo.maven.apache.org/maven2/net/bytebuddy/byte-buddy/1.17.7/byte-buddy-1.17.7-sources.jar
2025-08-22 21:32:52,506 [Worker-15: Download sources and javadoc] INFO  o.e.m.c.i.e.AbstractTransferListenerAdapter - Downloaded https://repo.maven.apache.org/maven2/net/bytebuddy/byte-buddy/1.17.7/byte-buddy-1.17.7-sources.jar
2025-08-22 21:32:52,520 [Worker-15: Download sources and javadoc] INFO  o.e.m.j.internal.DownloadSourcesJob - Downloaded sources for net.bytebuddy:byte-buddy:1.17.7
2025-08-22 21:32:54,222 [Worker-15: Download sources and javadoc] INFO  o.e.m.c.i.e.AbstractTransferListenerAdapter - Downloading https://repo.maven.apache.org/maven2/org/springframework/data/spring-data-jpa/3.5.3/spring-data-jpa-3.5.3-sources.jar
2025-08-22 21:32:58,423 [Worker-15: Download sources and javadoc] INFO  o.e.m.c.i.e.AbstractTransferListenerAdapter - Downloaded https://repo.maven.apache.org/maven2/org/springframework/data/spring-data-jpa/3.5.3/spring-data-jpa-3.5.3-sources.jar
2025-08-22 21:32:58,435 [Worker-15: Download sources and javadoc] INFO  o.e.m.j.internal.DownloadSourcesJob - Downloaded sources for org.springframework.data:spring-data-jpa:3.5.3
2025-08-22 21:32:59,593 [Worker-15: Download sources and javadoc] INFO  o.e.m.c.i.e.AbstractTransferListenerAdapter - Downloading https://repo.maven.apache.org/maven2/org/springframework/data/spring-data-commons/3.5.3/spring-data-commons-3.5.3-sources.jar
2025-08-22 21:34:44,499 [Worker-15: Download sources and javadoc] INFO  o.e.m.c.i.e.AbstractTransferListenerAdapter - Downloaded https://repo.maven.apache.org/maven2/org/springframework/data/spring-data-commons/3.5.3/spring-data-commons-3.5.3-sources.jar
2025-08-22 21:34:44,499 [Worker-15: Download sources and javadoc] INFO  o.e.m.j.internal.DownloadSourcesJob - Downloaded sources for org.springframework.data:spring-data-commons:3.5.3
2025-08-22 21:34:45,432 [Worker-15: Download sources and javadoc] INFO  o.e.m.c.i.e.AbstractTransferListenerAdapter - Downloading https://repo.maven.apache.org/maven2/org/springframework/spring-orm/6.2.10/spring-orm-6.2.10-sources.jar
2025-08-22 21:34:46,623 [Worker-15: Download sources and javadoc] INFO  o.e.m.c.i.e.AbstractTransferListenerAdapter - Downloaded https://repo.maven.apache.org/maven2/org/springframework/spring-orm/6.2.10/spring-orm-6.2.10-sources.jar
2025-08-22 21:34:46,634 [Worker-15: Download sources and javadoc] INFO  o.e.m.j.internal.DownloadSourcesJob - Downloaded sources for org.springframework:spring-orm:6.2.10
2025-08-22 21:34:47,950 [Worker-15: Download sources and javadoc] INFO  o.e.m.c.i.e.AbstractTransferListenerAdapter - Downloading https://repo.maven.apache.org/maven2/org/springframework/spring-context/6.2.10/spring-context-6.2.10-sources.jar
2025-08-22 21:35:37,695 [Worker-15: Download sources and javadoc] INFO  o.e.m.c.i.e.AbstractTransferListenerAdapter - Downloaded https://repo.maven.apache.org/maven2/org/springframework/spring-context/6.2.10/spring-context-6.2.10-sources.jar
2025-08-22 21:35:37,699 [Worker-15: Download sources and javadoc] INFO  o.e.m.j.internal.DownloadSourcesJob - Downloaded sources for org.springframework:spring-context:6.2.10
2025-08-22 21:35:42,281 [Worker-15: Download sources and javadoc] INFO  o.e.m.c.i.e.AbstractTransferListenerAdapter - Downloading https://repo.maven.apache.org/maven2/org/springframework/spring-aop/6.2.10/spring-aop-6.2.10-sources.jar
2025-08-22 21:36:07,420 [Worker-15: Download sources and javadoc] INFO  o.e.m.c.i.e.AbstractTransferListenerAdapter - Downloaded https://repo.maven.apache.org/maven2/org/springframework/spring-aop/6.2.10/spring-aop-6.2.10-sources.jar
2025-08-22 21:36:07,429 [Worker-15: Download sources and javadoc] INFO  o.e.m.j.internal.DownloadSourcesJob - Downloaded sources for org.springframework:spring-aop:6.2.10
2025-08-22 21:36:08,616 [Worker-15: Download sources and javadoc] INFO  o.e.m.c.i.e.AbstractTransferListenerAdapter - Downloading https://repo.maven.apache.org/maven2/org/springframework/spring-tx/6.2.10/spring-tx-6.2.10-sources.jar
2025-08-22 21:37:02,519 [Worker-15: Download sources and javadoc] INFO  o.e.m.c.i.e.AbstractTransferListenerAdapter - Downloaded https://repo.maven.apache.org/maven2/org/springframework/spring-tx/6.2.10/spring-tx-6.2.10-sources.jar
2025-08-22 21:37:02,527 [Worker-15: Download sources and javadoc] INFO  o.e.m.j.internal.DownloadSourcesJob - Downloaded sources for org.springframework:spring-tx:6.2.10
2025-08-22 21:37:04,164 [Worker-15: Download sources and javadoc] INFO  o.e.m.c.i.e.AbstractTransferListenerAdapter - Downloading https://repo.maven.apache.org/maven2/org/springframework/spring-beans/6.2.10/spring-beans-6.2.10-sources.jar
2025-08-22 21:37:06,848 [Worker-15: Download sources and javadoc] INFO  o.e.m.c.i.e.AbstractTransferListenerAdapter - Downloaded https://repo.maven.apache.org/maven2/org/springframework/spring-beans/6.2.10/spring-beans-6.2.10-sources.jar
2025-08-22 21:37:06,866 [Worker-15: Download sources and javadoc] INFO  o.e.m.j.internal.DownloadSourcesJob - Downloaded sources for org.springframework:spring-beans:6.2.10
2025-08-22 21:37:07,872 [Worker-15: Download sources and javadoc] INFO  o.e.m.c.i.e.AbstractTransferListenerAdapter - Downloading https://repo.maven.apache.org/maven2/org/springframework/spring-aspects/6.2.10/spring-aspects-6.2.10-sources.jar
2025-08-22 21:37:08,382 [Worker-15: Download sources and javadoc] INFO  o.e.m.c.i.e.AbstractTransferListenerAdapter - Downloaded https://repo.maven.apache.org/maven2/org/springframework/spring-aspects/6.2.10/spring-aspects-6.2.10-sources.jar
2025-08-22 21:37:08,390 [Worker-15: Download sources and javadoc] INFO  o.e.m.j.internal.DownloadSourcesJob - Downloaded sources for org.springframework:spring-aspects:6.2.10
2025-08-22 21:37:08,949 [Worker-15: Download sources and javadoc] INFO  o.e.m.c.i.e.AbstractTransferListenerAdapter - Downloading https://repo.maven.apache.org/maven2/org/springframework/boot/spring-boot-starter-web/3.5.5/spring-boot-starter-web-3.5.5-sources.jar
2025-08-22 21:37:09,002 [Worker-15: Download sources and javadoc] INFO  o.e.m.c.i.e.AbstractTransferListenerAdapter - Downloaded https://repo.maven.apache.org/maven2/org/springframework/boot/spring-boot-starter-web/3.5.5/spring-boot-starter-web-3.5.5-sources.jar
2025-08-22 21:37:09,010 [Worker-15: Download sources and javadoc] INFO  o.e.m.j.internal.DownloadSourcesJob - Downloaded sources for org.springframework.boot:spring-boot-starter-web:3.5.5
2025-08-22 21:37:10,304 [Worker-15: Download sources and javadoc] INFO  o.e.m.c.i.e.AbstractTransferListenerAdapter - Downloading https://repo.maven.apache.org/maven2/org/springframework/boot/spring-boot-starter-json/3.5.5/spring-boot-starter-json-3.5.5-sources.jar
2025-08-22 21:37:10,326 [Worker-15: Download sources and javadoc] INFO  o.e.m.c.i.e.AbstractTransferListenerAdapter - Downloaded https://repo.maven.apache.org/maven2/org/springframework/boot/spring-boot-starter-json/3.5.5/spring-boot-starter-json-3.5.5-sources.jar
2025-08-22 21:37:10,349 [Worker-15: Download sources and javadoc] INFO  o.e.m.j.internal.DownloadSourcesJob - Downloaded sources for org.springframework.boot:spring-boot-starter-json:3.5.5
2025-08-22 21:37:11,424 [Worker-15: Download sources and javadoc] INFO  o.e.m.c.i.e.AbstractTransferListenerAdapter - Downloading https://repo.maven.apache.org/maven2/org/springframework/boot/spring-boot-starter-tomcat/3.5.5/spring-boot-starter-tomcat-3.5.5-sources.jar
2025-08-22 21:37:11,489 [Worker-15: Download sources and javadoc] INFO  o.e.m.c.i.e.AbstractTransferListenerAdapter - Downloaded https://repo.maven.apache.org/maven2/org/springframework/boot/spring-boot-starter-tomcat/3.5.5/spring-boot-starter-tomcat-3.5.5-sources.jar
2025-08-22 21:37:11,505 [Worker-15: Download sources and javadoc] INFO  o.e.m.j.internal.DownloadSourcesJob - Downloaded sources for org.springframework.boot:spring-boot-starter-tomcat:3.5.5
2025-08-22 21:37:13,042 [Worker-15: Download sources and javadoc] INFO  o.e.m.c.i.e.AbstractTransferListenerAdapter - Downloading https://repo.maven.apache.org/maven2/org/apache/tomcat/embed/tomcat-embed-core/10.1.44/tomcat-embed-core-10.1.44-sources.jar
2025-08-22 21:37:18,188 [Worker-15: Download sources and javadoc] INFO  o.e.m.c.i.e.AbstractTransferListenerAdapter - Downloaded https://repo.maven.apache.org/maven2/org/apache/tomcat/embed/tomcat-embed-core/10.1.44/tomcat-embed-core-10.1.44-sources.jar
2025-08-22 21:37:18,207 [Worker-15: Download sources and javadoc] INFO  o.e.m.j.internal.DownloadSourcesJob - Downloaded sources for org.apache.tomcat.embed:tomcat-embed-core:10.1.44
2025-08-22 21:37:18,785 [Worker-15: Download sources and javadoc] INFO  o.e.m.c.i.e.AbstractTransferListenerAdapter - Downloading https://repo.maven.apache.org/maven2/org/apache/tomcat/embed/tomcat-embed-el/10.1.44/tomcat-embed-el-10.1.44-sources.jar
2025-08-22 21:37:19,218 [Worker-15: Download sources and javadoc] INFO  o.e.m.c.i.e.AbstractTransferListenerAdapter - Downloaded https://repo.maven.apache.org/maven2/org/apache/tomcat/embed/tomcat-embed-el/10.1.44/tomcat-embed-el-10.1.44-sources.jar
2025-08-22 21:37:19,233 [Worker-15: Download sources and javadoc] INFO  o.e.m.j.internal.DownloadSourcesJob - Downloaded sources for org.apache.tomcat.embed:tomcat-embed-el:10.1.44
2025-08-22 21:37:19,697 [Worker-15: Download sources and javadoc] INFO  o.e.m.c.i.e.AbstractTransferListenerAdapter - Downloading https://repo.maven.apache.org/maven2/org/apache/tomcat/embed/tomcat-embed-websocket/10.1.44/tomcat-embed-websocket-10.1.44-sources.jar
2025-08-22 21:37:19,921 [Worker-15: Download sources and javadoc] INFO  o.e.m.c.i.e.AbstractTransferListenerAdapter - Downloaded https://repo.maven.apache.org/maven2/org/apache/tomcat/embed/tomcat-embed-websocket/10.1.44/tomcat-embed-websocket-10.1.44-sources.jar
2025-08-22 21:37:19,921 [Worker-15: Download sources and javadoc] INFO  o.e.m.j.internal.DownloadSourcesJob - Downloaded sources for org.apache.tomcat.embed:tomcat-embed-websocket:10.1.44
2025-08-22 21:37:20,290 [Worker-15: Download sources and javadoc] INFO  o.e.m.c.i.e.AbstractTransferListenerAdapter - Downloading https://repo.maven.apache.org/maven2/org/springframework/spring-web/6.2.10/spring-web-6.2.10-sources.jar
2025-08-22 21:37:21,861 [Worker-15: Download sources and javadoc] INFO  o.e.m.c.i.e.AbstractTransferListenerAdapter - Downloaded https://repo.maven.apache.org/maven2/org/springframework/spring-web/6.2.10/spring-web-6.2.10-sources.jar
2025-08-22 21:37:21,861 [Worker-15: Download sources and javadoc] INFO  o.e.m.j.internal.DownloadSourcesJob - Downloaded sources for org.springframework:spring-web:6.2.10
2025-08-22 21:37:22,365 [Worker-15: Download sources and javadoc] INFO  o.e.m.c.i.e.AbstractTransferListenerAdapter - Downloading https://repo.maven.apache.org/maven2/io/micrometer/micrometer-observation/1.15.3/micrometer-observation-1.15.3-sources.jar
2025-08-22 21:37:22,596 [Worker-15: Download sources and javadoc] INFO  o.e.m.c.i.e.AbstractTransferListenerAdapter - Downloaded https://repo.maven.apache.org/maven2/io/micrometer/micrometer-observation/1.15.3/micrometer-observation-1.15.3-sources.jar
2025-08-22 21:37:22,612 [Worker-15: Download sources and javadoc] INFO  o.e.m.j.internal.DownloadSourcesJob - Downloaded sources for io.micrometer:micrometer-observation:1.15.3
2025-08-22 21:37:23,077 [Worker-15: Download sources and javadoc] INFO  o.e.m.c.i.e.AbstractTransferListenerAdapter - Downloading https://repo.maven.apache.org/maven2/io/micrometer/micrometer-commons/1.15.3/micrometer-commons-1.15.3-sources.jar
2025-08-22 21:37:23,504 [Worker-15: Download sources and javadoc] INFO  o.e.m.c.i.e.AbstractTransferListenerAdapter - Downloaded https://repo.maven.apache.org/maven2/io/micrometer/micrometer-commons/1.15.3/micrometer-commons-1.15.3-sources.jar
2025-08-22 21:37:23,530 [Worker-15: Download sources and javadoc] INFO  o.e.m.j.internal.DownloadSourcesJob - Downloaded sources for io.micrometer:micrometer-commons:1.15.3
2025-08-22 21:37:24,001 [Worker-15: Download sources and javadoc] INFO  o.e.m.c.i.e.AbstractTransferListenerAdapter - Downloading https://repo.maven.apache.org/maven2/org/springframework/spring-webmvc/6.2.10/spring-webmvc-6.2.10-sources.jar
2025-08-22 21:37:25,012 [Worker-15: Download sources and javadoc] INFO  o.e.m.c.i.e.AbstractTransferListenerAdapter - Downloaded https://repo.maven.apache.org/maven2/org/springframework/spring-webmvc/6.2.10/spring-webmvc-6.2.10-sources.jar
2025-08-22 21:37:25,035 [Worker-15: Download sources and javadoc] INFO  o.e.m.j.internal.DownloadSourcesJob - Downloaded sources for org.springframework:spring-webmvc:6.2.10
2025-08-22 21:37:25,428 [Worker-15: Download sources and javadoc] INFO  o.e.m.c.i.e.AbstractTransferListenerAdapter - Downloading https://repo.maven.apache.org/maven2/org/springframework/spring-expression/6.2.10/spring-expression-6.2.10-sources.jar
2025-08-22 21:37:25,880 [Worker-15: Download sources and javadoc] INFO  o.e.m.c.i.e.AbstractTransferListenerAdapter - Downloaded https://repo.maven.apache.org/maven2/org/springframework/spring-expression/6.2.10/spring-expression-6.2.10-sources.jar
2025-08-22 21:37:25,896 [Worker-15: Download sources and javadoc] INFO  o.e.m.j.internal.DownloadSourcesJob - Downloaded sources for org.springframework:spring-expression:6.2.10
2025-08-22 21:37:26,352 [Worker-15: Download sources and javadoc] INFO  o.e.m.c.i.e.AbstractTransferListenerAdapter - Downloading https://repo.maven.apache.org/maven2/org/springframework/boot/spring-boot-devtools/3.5.5/spring-boot-devtools-3.5.5-sources.jar
2025-08-22 21:37:26,565 [Worker-15: Download sources and javadoc] INFO  o.e.m.c.i.e.AbstractTransferListenerAdapter - Downloaded https://repo.maven.apache.org/maven2/org/springframework/boot/spring-boot-devtools/3.5.5/spring-boot-devtools-3.5.5-sources.jar
2025-08-22 21:37:26,578 [Worker-15: Download sources and javadoc] INFO  o.e.m.j.internal.DownloadSourcesJob - Downloaded sources for org.springframework.boot:spring-boot-devtools:3.5.5
2025-08-22 21:37:27,137 [Worker-15: Download sources and javadoc] INFO  o.e.m.c.i.e.AbstractTransferListenerAdapter - Downloading https://repo.maven.apache.org/maven2/org/springframework/boot/spring-boot-autoconfigure/3.5.5/spring-boot-autoconfigure-3.5.5-sources.jar
2025-08-22 21:37:28,521 [Worker-15: Download sources and javadoc] INFO  o.e.m.c.i.e.AbstractTransferListenerAdapter - Downloaded https://repo.maven.apache.org/maven2/org/springframework/boot/spring-boot-autoconfigure/3.5.5/spring-boot-autoconfigure-3.5.5-sources.jar
2025-08-22 21:37:28,529 [Worker-15: Download sources and javadoc] INFO  o.e.m.j.internal.DownloadSourcesJob - Downloaded sources for org.springframework.boot:spring-boot-autoconfigure:3.5.5
2025-08-22 21:37:29,517 [Worker-15: Download sources and javadoc] INFO  o.e.m.c.i.e.AbstractTransferListenerAdapter - Downloading https://repo.maven.apache.org/maven2/com/mysql/mysql-connector-j/9.4.0/mysql-connector-j-9.4.0-sources.jar
2025-08-22 21:37:31,714 [Worker-15: Download sources and javadoc] INFO  o.e.m.c.i.e.AbstractTransferListenerAdapter - Downloaded https://repo.maven.apache.org/maven2/com/mysql/mysql-connector-j/9.4.0/mysql-connector-j-9.4.0-sources.jar
2025-08-22 21:37:31,785 [Worker-15: Download sources and javadoc] INFO  o.e.m.j.internal.DownloadSourcesJob - Downloaded sources for com.mysql:mysql-connector-j:9.4.0
2025-08-22 21:37:32,184 [Worker-15: Download sources and javadoc] INFO  o.e.m.c.i.e.AbstractTransferListenerAdapter - Downloading https://repo.maven.apache.org/maven2/org/projectlombok/lombok/1.18.38/lombok-1.18.38-sources.jar
2025-08-22 21:37:37,638 [Worker-15: Download sources and javadoc] INFO  o.e.m.c.i.e.AbstractTransferListenerAdapter - Downloaded https://repo.maven.apache.org/maven2/org/projectlombok/lombok/1.18.38/lombok-1.18.38-sources.jar
2025-08-22 21:37:37,642 [Worker-15: Download sources and javadoc] INFO  o.e.m.j.internal.DownloadSourcesJob - Downloaded sources for org.projectlombok:lombok:1.18.38
2025-08-22 21:37:38,249 [Worker-15: Download sources and javadoc] INFO  o.e.m.c.i.e.AbstractTransferListenerAdapter - Downloading https://repo.maven.apache.org/maven2/org/springframework/boot/spring-boot-starter-test/3.5.5/spring-boot-starter-test-3.5.5-sources.jar
2025-08-22 21:37:38,261 [Worker-15: Download sources and javadoc] INFO  o.e.m.c.i.e.AbstractTransferListenerAdapter - Downloaded https://repo.maven.apache.org/maven2/org/springframework/boot/spring-boot-starter-test/3.5.5/spring-boot-starter-test-3.5.5-sources.jar
2025-08-22 21:37:38,269 [Worker-15: Download sources and javadoc] INFO  o.e.m.j.internal.DownloadSourcesJob - Downloaded sources for org.springframework.boot:spring-boot-starter-test:3.5.5
2025-08-22 21:37:38,819 [Worker-15: Download sources and javadoc] INFO  o.e.m.c.i.e.AbstractTransferListenerAdapter - Downloading https://repo.maven.apache.org/maven2/org/springframework/boot/spring-boot-test/3.5.5/spring-boot-test-3.5.5-sources.jar
2025-08-22 21:37:39,785 [Worker-15: Download sources and javadoc] INFO  o.e.m.c.i.e.AbstractTransferListenerAdapter - Downloaded https://repo.maven.apache.org/maven2/org/springframework/boot/spring-boot-test/3.5.5/spring-boot-test-3.5.5-sources.jar
2025-08-22 21:37:39,791 [Worker-15: Download sources and javadoc] INFO  o.e.m.j.internal.DownloadSourcesJob - Downloaded sources for org.springframework.boot:spring-boot-test:3.5.5
2025-08-22 21:37:40,265 [Worker-15: Download sources and javadoc] INFO  o.e.m.c.i.e.AbstractTransferListenerAdapter - Downloading https://repo.maven.apache.org/maven2/org/springframework/boot/spring-boot-test-autoconfigure/3.5.5/spring-boot-test-autoconfigure-3.5.5-sources.jar
2025-08-22 21:37:40,918 [Worker-15: Download sources and javadoc] INFO  o.e.m.c.i.e.AbstractTransferListenerAdapter - Downloaded https://repo.maven.apache.org/maven2/org/springframework/boot/spring-boot-test-autoconfigure/3.5.5/spring-boot-test-autoconfigure-3.5.5-sources.jar
2025-08-22 21:37:40,923 [Worker-15: Download sources and javadoc] INFO  o.e.m.j.internal.DownloadSourcesJob - Downloaded sources for org.springframework.boot:spring-boot-test-autoconfigure:3.5.5
2025-08-22 21:37:41,450 [Worker-15: Download sources and javadoc] INFO  o.e.m.c.i.e.AbstractTransferListenerAdapter - Downloading https://repo.maven.apache.org/maven2/org/assertj/assertj-core/3.27.4/assertj-core-3.27.4-sources.jar
2025-08-22 21:37:43,296 [Worker-15: Download sources and javadoc] INFO  o.e.m.c.i.e.AbstractTransferListenerAdapter - Downloaded https://repo.maven.apache.org/maven2/org/assertj/assertj-core/3.27.4/assertj-core-3.27.4-sources.jar
2025-08-22 21:37:43,301 [Worker-15: Download sources and javadoc] INFO  o.e.m.j.internal.DownloadSourcesJob - Downloaded sources for org.assertj:assertj-core:3.27.4
2025-08-22 21:37:43,964 [Worker-15: Download sources and javadoc] INFO  o.e.m.c.i.e.AbstractTransferListenerAdapter - Downloading https://repo.maven.apache.org/maven2/net/bytebuddy/byte-buddy-agent/1.17.7/byte-buddy-agent-1.17.7-sources.jar
2025-08-22 21:37:44,596 [Worker-15: Download sources and javadoc] INFO  o.e.m.c.i.e.AbstractTransferListenerAdapter - Downloaded https://repo.maven.apache.org/maven2/net/bytebuddy/byte-buddy-agent/1.17.7/byte-buddy-agent-1.17.7-sources.jar
2025-08-22 21:37:44,605 [Worker-15: Download sources and javadoc] INFO  o.e.m.j.internal.DownloadSourcesJob - Downloaded sources for net.bytebuddy:byte-buddy-agent:1.17.7
2025-08-22 21:37:45,154 [Worker-15: Download sources and javadoc] INFO  o.e.m.c.i.e.AbstractTransferListenerAdapter - Downloading https://repo.maven.apache.org/maven2/org/springframework/spring-core/6.2.10/spring-core-6.2.10-sources.jar
2025-08-22 21:37:48,070 [Worker-15: Download sources and javadoc] INFO  o.e.m.c.i.e.AbstractTransferListenerAdapter - Downloaded https://repo.maven.apache.org/maven2/org/springframework/spring-core/6.2.10/spring-core-6.2.10-sources.jar
2025-08-22 21:37:48,075 [Worker-15: Download sources and javadoc] INFO  o.e.m.j.internal.DownloadSourcesJob - Downloaded sources for org.springframework:spring-core:6.2.10
2025-08-22 21:37:49,072 [Worker-15: Download sources and javadoc] INFO  o.e.m.c.i.e.AbstractTransferListenerAdapter - Downloading https://repo.maven.apache.org/maven2/org/springframework/spring-jcl/6.2.10/spring-jcl-6.2.10-sources.jar
2025-08-22 21:37:49,087 [Worker-15: Download sources and javadoc] INFO  o.e.m.c.i.e.AbstractTransferListenerAdapter - Downloaded https://repo.maven.apache.org/maven2/org/springframework/spring-jcl/6.2.10/spring-jcl-6.2.10-sources.jar
2025-08-22 21:37:49,094 [Worker-15: Download sources and javadoc] INFO  o.e.m.j.internal.DownloadSourcesJob - Downloaded sources for org.springframework:spring-jcl:6.2.10
2025-08-22 21:37:50,095 [Worker-15: Download sources and javadoc] INFO  o.e.m.c.i.e.AbstractTransferListenerAdapter - Downloading https://repo.maven.apache.org/maven2/org/springframework/spring-test/6.2.10/spring-test-6.2.10-sources.jar
2025-08-22 21:37:51,338 [Worker-15: Download sources and javadoc] INFO  o.e.m.c.i.e.AbstractTransferListenerAdapter - Downloaded https://repo.maven.apache.org/maven2/org/springframework/spring-test/6.2.10/spring-test-6.2.10-sources.jar
2025-08-22 21:37:51,342 [Worker-15: Download sources and javadoc] INFO  o.e.m.j.internal.DownloadSourcesJob - Downloaded sources for org.springframework:spring-test:6.2.10
2025-08-22 21:43:34,884 [Worker-17: Building] INFO  o.a.m.s.f.DefaultMavenResourcesFiltering - Copying 1 resource from src\main\resources to target\classes
2025-08-22 21:43:34,896 [Worker-17: Building] INFO  o.a.m.s.f.DefaultMavenResourcesFiltering - Copying 0 resource from src\main\resources to target\classes
2025-08-22 21:43:34,903 [Worker-17: Building] INFO  o.a.m.s.f.DefaultMavenResourcesFiltering - skip non existing resourceDirectory C:\Users\SRUTHI\Documents\atm\ATM-Project\src\test\resources
2025-08-22 21:45:36,759 [Worker-9: Building] INFO  o.a.m.s.f.DefaultMavenResourcesFiltering - Copying 1 resource from src\main\resources to target\classes
2025-08-22 21:45:36,770 [Worker-9: Building] INFO  o.a.m.s.f.DefaultMavenResourcesFiltering - Copying 0 resource from src\main\resources to target\classes
2025-08-22 21:45:36,779 [Worker-9: Building] INFO  o.a.m.s.f.DefaultMavenResourcesFiltering - skip non existing resourceDirectory C:\Users\SRUTHI\Documents\atm\ATM-Project\src\test\resources
2025-08-22 21:47:24,261 [Worker-17: Building] INFO  o.a.m.s.f.DefaultMavenResourcesFiltering - Copying 1 resource from src\main\resources to target\classes
2025-08-22 21:47:24,268 [Worker-17: Building] INFO  o.a.m.s.f.DefaultMavenResourcesFiltering - Copying 0 resource from src\main\resources to target\classes
2025-08-22 21:47:24,274 [Worker-17: Building] INFO  o.a.m.s.f.DefaultMavenResourcesFiltering - skip non existing resourceDirectory C:\Users\SRUTHI\Documents\atm\ATM-Project\src\test\resources
2025-08-22 21:47:39,596 [Worker-9: Building] INFO  o.a.m.s.f.DefaultMavenResourcesFiltering - Copying 1 resource from src\main\resources to target\classes
2025-08-22 21:47:39,607 [Worker-9: Building] INFO  o.a.m.s.f.DefaultMavenResourcesFiltering - Copying 0 resource from src\main\resources to target\classes
2025-08-22 21:47:39,612 [Worker-9: Building] INFO  o.a.m.s.f.DefaultMavenResourcesFiltering - skip non existing resourceDirectory C:\Users\SRUTHI\Documents\atm\ATM-Project\src\test\resources
2025-08-22 21:47:53,197 [Worker-13: Building] INFO  o.a.m.s.f.DefaultMavenResourcesFiltering - Copying 1 resource from src\main\resources to target\classes
2025-08-22 21:47:53,211 [Worker-13: Building] INFO  o.a.m.s.f.DefaultMavenResourcesFiltering - Copying 0 resource from src\main\resources to target\classes
2025-08-22 21:47:53,215 [Worker-13: Building] INFO  o.a.m.s.f.DefaultMavenResourcesFiltering - skip non existing resourceDirectory C:\Users\SRUTHI\Documents\atm\ATM-Project\src\test\resources
2025-08-22 21:48:00,494 [Worker-13: Building] INFO  o.a.m.s.f.DefaultMavenResourcesFiltering - Copying 1 resource from src\main\resources to target\classes
2025-08-22 21:48:00,501 [Worker-13: Building] INFO  o.a.m.s.f.DefaultMavenResourcesFiltering - Copying 0 resource from src\main\resources to target\classes
2025-08-22 21:48:00,506 [Worker-13: Building] INFO  o.a.m.s.f.DefaultMavenResourcesFiltering - skip non existing resourceDirectory C:\Users\SRUTHI\Documents\atm\ATM-Project\src\test\resources
2025-08-22 21:48:16,683 [Worker-9: Building] INFO  o.a.m.s.f.DefaultMavenResourcesFiltering - Copying 1 resource from src\main\resources to target\classes
2025-08-22 21:48:16,692 [Worker-9: Building] INFO  o.a.m.s.f.DefaultMavenResourcesFiltering - Copying 0 resource from src\main\resources to target\classes
2025-08-22 21:48:16,696 [Worker-9: Building] INFO  o.a.m.s.f.DefaultMavenResourcesFiltering - skip non existing resourceDirectory C:\Users\SRUTHI\Documents\atm\ATM-Project\src\test\resources
2025-08-22 21:48:30,197 [Worker-13: Building] INFO  o.a.m.s.f.DefaultMavenResourcesFiltering - Copying 1 resource from src\main\resources to target\classes
2025-08-22 21:48:30,204 [Worker-13: Building] INFO  o.a.m.s.f.DefaultMavenResourcesFiltering - Copying 0 resource from src\main\resources to target\classes
2025-08-22 21:48:30,213 [Worker-13: Building] INFO  o.a.m.s.f.DefaultMavenResourcesFiltering - skip non existing resourceDirectory C:\Users\SRUTHI\Documents\atm\ATM-Project\src\test\resources
2025-08-22 21:48:43,579 [Worker-17: Building] INFO  o.a.m.s.f.DefaultMavenResourcesFiltering - Copying 1 resource from src\main\resources to target\classes
2025-08-22 21:48:43,591 [Worker-17: Building] INFO  o.a.m.s.f.DefaultMavenResourcesFiltering - Copying 0 resource from src\main\resources to target\classes
2025-08-22 21:48:43,599 [Worker-17: Building] INFO  o.a.m.s.f.DefaultMavenResourcesFiltering - skip non existing resourceDirectory C:\Users\SRUTHI\Documents\atm\ATM-Project\src\test\resources
2025-08-22 21:48:55,643 [Worker-9: Building] INFO  o.a.m.s.f.DefaultMavenResourcesFiltering - Copying 1 resource from src\main\resources to target\classes
2025-08-22 21:48:55,650 [Worker-9: Building] INFO  o.a.m.s.f.DefaultMavenResourcesFiltering - Copying 0 resource from src\main\resources to target\classes
2025-08-22 21:48:55,656 [Worker-9: Building] INFO  o.a.m.s.f.DefaultMavenResourcesFiltering - skip non existing resourceDirectory C:\Users\SRUTHI\Documents\atm\ATM-Project\src\test\resources
2025-08-22 21:49:09,361 [Worker-22: Building] INFO  o.a.m.s.f.DefaultMavenResourcesFiltering - Copying 1 resource from src\main\resources to target\classes
2025-08-22 21:49:09,368 [Worker-22: Building] INFO  o.a.m.s.f.DefaultMavenResourcesFiltering - Copying 0 resource from src\main\resources to target\classes
2025-08-22 21:49:09,373 [Worker-22: Building] INFO  o.a.m.s.f.DefaultMavenResourcesFiltering - skip non existing resourceDirectory C:\Users\SRUTHI\Documents\atm\ATM-Project\src\test\resources
2025-08-22 21:52:54,778 [Worker-21: Building] INFO  o.a.m.s.f.DefaultMavenResourcesFiltering - Copying 1 resource from src\main\resources to target\classes
2025-08-22 21:52:54,785 [Worker-21: Building] INFO  o.a.m.s.f.DefaultMavenResourcesFiltering - Copying 0 resource from src\main\resources to target\classes
2025-08-22 21:52:54,789 [Worker-21: Building] INFO  o.a.m.s.f.DefaultMavenResourcesFiltering - skip non existing resourceDirectory C:\Users\SRUTHI\Documents\atm\ATM-Project\src\test\resources
2025-08-22 21:53:23,543 [Worker-17: Building] INFO  o.a.m.s.f.DefaultMavenResourcesFiltering - Copying 1 resource from src\main\resources to target\classes
2025-08-22 21:53:23,551 [Worker-17: Building] INFO  o.a.m.s.f.DefaultMavenResourcesFiltering - Copying 0 resource from src\main\resources to target\classes
2025-08-22 21:53:23,555 [Worker-17: Building] INFO  o.a.m.s.f.DefaultMavenResourcesFiltering - skip non existing resourceDirectory C:\Users\SRUTHI\Documents\atm\ATM-Project\src\test\resources
2025-08-22 21:53:37,874 [Worker-19: Building] INFO  o.a.m.s.f.DefaultMavenResourcesFiltering - Copying 1 resource from src\main\resources to target\classes
2025-08-22 21:53:37,880 [Worker-19: Building] INFO  o.a.m.s.f.DefaultMavenResourcesFiltering - Copying 0 resource from src\main\resources to target\classes
2025-08-22 21:53:37,883 [Worker-19: Building] INFO  o.a.m.s.f.DefaultMavenResourcesFiltering - skip non existing resourceDirectory C:\Users\SRUTHI\Documents\atm\ATM-Project\src\test\resources
2025-08-22 21:54:15,181 [Worker-17: Building] INFO  o.a.m.s.f.DefaultMavenResourcesFiltering - Copying 1 resource from src\main\resources to target\classes
2025-08-22 21:54:15,194 [Worker-17: Building] INFO  o.a.m.s.f.DefaultMavenResourcesFiltering - Copying 0 resource from src\main\resources to target\classes
2025-08-22 21:54:15,199 [Worker-17: Building] INFO  o.a.m.s.f.DefaultMavenResourcesFiltering - skip non existing resourceDirectory C:\Users\SRUTHI\Documents\atm\ATM-Project\src\test\resources
2025-08-22 21:54:18,780 [Worker-19: Building] INFO  o.a.m.s.f.DefaultMavenResourcesFiltering - Copying 1 resource from src\main\resources to target\classes
2025-08-22 21:54:18,795 [Worker-19: Building] INFO  o.a.m.s.f.DefaultMavenResourcesFiltering - Copying 0 resource from src\main\resources to target\classes
2025-08-22 21:54:18,799 [Worker-19: Building] INFO  o.a.m.s.f.DefaultMavenResourcesFiltering - skip non existing resourceDirectory C:\Users\SRUTHI\Documents\atm\ATM-Project\src\test\resources
2025-08-22 21:54:21,434 [Worker-20: Building] INFO  o.a.m.s.f.DefaultMavenResourcesFiltering - Copying 1 resource from src\main\resources to target\classes
2025-08-22 21:54:21,451 [Worker-20: Building] INFO  o.a.m.s.f.DefaultMavenResourcesFiltering - Copying 0 resource from src\main\resources to target\classes
2025-08-22 21:54:21,464 [Worker-20: Building] INFO  o.a.m.s.f.DefaultMavenResourcesFiltering - skip non existing resourceDirectory C:\Users\SRUTHI\Documents\atm\ATM-Project\src\test\resources
2025-08-22 21:55:31,985 [Worker-23: Building] INFO  o.a.m.s.f.DefaultMavenResourcesFiltering - Copying 1 resource from src\main\resources to target\classes
2025-08-22 21:55:31,993 [Worker-23: Building] INFO  o.a.m.s.f.DefaultMavenResourcesFiltering - Copying 0 resource from src\main\resources to target\classes
2025-08-22 21:55:31,997 [Worker-23: Building] INFO  o.a.m.s.f.DefaultMavenResourcesFiltering - skip non existing resourceDirectory C:\Users\SRUTHI\Documents\atm\ATM-Project\src\test\resources
2025-08-22 21:56:31,338 [Worker-19: Building] INFO  o.a.m.s.f.DefaultMavenResourcesFiltering - Copying 1 resource from src\main\resources to target\classes
2025-08-22 21:56:31,347 [Worker-19: Building] INFO  o.a.m.s.f.DefaultMavenResourcesFiltering - Copying 0 resource from src\main\resources to target\classes
2025-08-22 21:56:31,350 [Worker-19: Building] INFO  o.a.m.s.f.DefaultMavenResourcesFiltering - skip non existing resourceDirectory C:\Users\SRUTHI\Documents\atm\ATM-Project\src\test\resources
2025-08-22 21:58:14,591 [Worker-23: Building] INFO  o.a.m.s.f.DefaultMavenResourcesFiltering - Copying 1 resource from src\main\resources to target\classes
2025-08-22 21:58:14,598 [Worker-23: Building] INFO  o.a.m.s.f.DefaultMavenResourcesFiltering - Copying 0 resource from src\main\resources to target\classes
2025-08-22 21:58:14,602 [Worker-23: Building] INFO  o.a.m.s.f.DefaultMavenResourcesFiltering - skip non existing resourceDirectory C:\Users\SRUTHI\Documents\atm\ATM-Project\src\test\resources
2025-08-22 22:09:58,955 [Worker-20: Updating Maven Project] INFO  o.e.m.c.i.p.ProjectConfigurationManager - Update started
2025-08-22 22:09:59,558 [Worker-20: Updating Maven Project] INFO  o.e.m.c.i.l.LifecycleMappingFactory - Using org.eclipse.m2e.jdt.JarLifecycleMapping lifecycle mapping for MavenProject: com.atm:ATM-Project:1.0 @ C:\Users\SRUTHI\Documents\atm\ATM-Project\pom.xml.
2025-08-22 22:10:00,367 [Worker-20: Updating Maven Project] INFO  o.e.m.j.i.AbstractJavaProjectConfigurator - Adding source folder /ATM-Project/src/main/java
2025-08-22 22:10:00,368 [Worker-20: Updating Maven Project] INFO  o.e.m.j.i.AbstractJavaProjectConfigurator - Adding resource folder /ATM-Project/src/main/resources
2025-08-22 22:10:00,368 [Worker-20: Updating Maven Project] INFO  o.e.m.j.i.AbstractJavaProjectConfigurator - Adding resource folder /ATM-Project/src/main/resources
2025-08-22 22:10:00,369 [Worker-20: Updating Maven Project] INFO  o.e.m.j.i.AbstractJavaProjectConfigurator - Adding source folder /ATM-Project/src/test/java
2025-08-22 22:10:00,370 [Worker-20: Updating Maven Project] INFO  o.e.m.j.i.AbstractJavaProjectConfigurator - Adding resource folder /ATM-Project/src/test/resources
2025-08-22 22:10:00,914 [Worker-20: Updating Maven Project] INFO  o.e.m.c.i.p.ProjectConfigurationManager - Update completed for 1 poms: local refresh takes 0.00 sec, refresh facades takes 1.00 sec, update config takes 0.00 sec 
2025-08-22 22:10:01,484 [Worker-20: Building] INFO  o.a.m.s.f.DefaultMavenResourcesFiltering - Copying 1 resource from src\main\resources to target\classes
2025-08-22 22:10:01,552 [Worker-20: Building] INFO  o.a.m.s.f.DefaultMavenResourcesFiltering - Copying 0 resource from src\main\resources to target\classes
2025-08-22 22:10:01,563 [Worker-20: Building] INFO  o.a.m.s.f.DefaultMavenResourcesFiltering - skip non existing resourceDirectory C:\Users\SRUTHI\Documents\atm\ATM-Project\src\test\resources
2025-08-22 22:11:18,117 [Worker-24: Updating Maven Project] INFO  o.e.m.c.i.p.ProjectConfigurationManager - Update started
2025-08-22 22:11:18,505 [Worker-24: Updating Maven Project] INFO  o.e.m.c.i.l.LifecycleMappingFactory - Using org.eclipse.m2e.jdt.JarLifecycleMapping lifecycle mapping for MavenProject: com.atm:ATM-Project:1.0 @ C:\Users\SRUTHI\Documents\atm\ATM-Project\pom.xml.
2025-08-22 22:11:19,144 [Worker-24: Updating Maven Project] INFO  o.e.m.j.i.AbstractJavaProjectConfigurator - Adding source folder /ATM-Project/src/main/java
2025-08-22 22:11:19,145 [Worker-24: Updating Maven Project] INFO  o.e.m.j.i.AbstractJavaProjectConfigurator - Adding resource folder /ATM-Project/src/main/resources
2025-08-22 22:11:19,147 [Worker-24: Updating Maven Project] INFO  o.e.m.j.i.AbstractJavaProjectConfigurator - Adding resource folder /ATM-Project/src/main/resources
2025-08-22 22:11:19,148 [Worker-24: Updating Maven Project] INFO  o.e.m.j.i.AbstractJavaProjectConfigurator - Adding source folder /ATM-Project/src/test/java
2025-08-22 22:11:19,149 [Worker-24: Updating Maven Project] INFO  o.e.m.j.i.AbstractJavaProjectConfigurator - Adding resource folder /ATM-Project/src/test/resources
2025-08-22 22:11:19,512 [Worker-24: Updating Maven Project] INFO  o.e.m.c.i.p.ProjectConfigurationManager - Update completed for 1 poms: local refresh takes 0.00 sec, refresh facades takes 0.00 sec, update config takes 0.00 sec 
2025-08-22 22:11:19,947 [Worker-25: Building] INFO  o.a.m.s.f.DefaultMavenResourcesFiltering - Copying 1 resource from src\main\resources to target\classes
2025-08-22 22:11:19,970 [Worker-25: Building] INFO  o.a.m.s.f.DefaultMavenResourcesFiltering - Copying 0 resource from src\main\resources to target\classes
2025-08-22 22:11:19,975 [Worker-25: Building] INFO  o.a.m.s.f.DefaultMavenResourcesFiltering - skip non existing resourceDirectory C:\Users\SRUTHI\Documents\atm\ATM-Project\src\test\resources
2025-08-22 22:11:42,000 [Worker-26: Building] INFO  o.a.m.s.f.DefaultMavenResourcesFiltering - Copying 1 resource from src\main\resources to target\classes
2025-08-22 22:11:42,003 [Worker-26: Building] INFO  o.a.m.s.f.DefaultMavenResourcesFiltering - Copying 0 resource from src\main\resources to target\classes
2025-08-22 22:11:42,008 [Worker-26: Building] INFO  o.a.m.s.f.DefaultMavenResourcesFiltering - skip non existing resourceDirectory C:\Users\SRUTHI\Documents\atm\ATM-Project\src\test\resources
2025-08-22 22:12:31,144 [Worker-25: Building] INFO  o.a.m.s.f.DefaultMavenResourcesFiltering - Copying 1 resource from src\main\resources to target\classes
2025-08-22 22:12:31,155 [Worker-25: Building] INFO  o.a.m.s.f.DefaultMavenResourcesFiltering - Copying 0 resource from src\main\resources to target\classes
2025-08-22 22:12:31,159 [Worker-25: Building] INFO  o.a.m.s.f.DefaultMavenResourcesFiltering - skip non existing resourceDirectory C:\Users\SRUTHI\Documents\atm\ATM-Project\src\test\resources
2025-08-22 22:13:14,057 [Worker-26: Building] INFO  o.e.m.c.i.l.LifecycleMappingFactory - Using org.eclipse.m2e.jdt.JarLifecycleMapping lifecycle mapping for MavenProject: com.atm:ATM-Project:1.0 @ C:\Users\SRUTHI\Documents\atm\ATM-Project\pom.xml.
2025-08-22 22:13:16,063 [DefaultMetadataResolver-1-0] INFO  o.e.m.c.i.e.AbstractTransferListenerAdapter - Downloading https://repo.maven.apache.org/maven2/com/sendgrid/java-http-client/maven-metadata.xml
2025-08-22 22:13:16,090 [DefaultMetadataResolver-1-0] INFO  o.e.m.c.i.e.AbstractTransferListenerAdapter - Downloaded https://repo.maven.apache.org/maven2/com/sendgrid/java-http-client/maven-metadata.xml
2025-08-22 22:13:16,773 [DefaultMetadataResolver-1-1] INFO  o.e.m.c.i.e.AbstractTransferListenerAdapter - Downloaded https://oss.sonatype.org/content/repositories/snapshots/com/sendgrid/java-http-client/maven-metadata.xml
2025-08-22 22:13:17,253 [Worker-26: Building] INFO  o.e.m.c.i.e.AbstractTransferListenerAdapter - Downloading https://repo.maven.apache.org/maven2/org/springframework/boot/spring-boot-starter-validation/3.5.5/spring-boot-starter-validation-3.5.5.pom
2025-08-22 22:13:17,282 [Worker-26: Building] INFO  o.e.m.c.i.e.AbstractTransferListenerAdapter - Downloaded https://repo.maven.apache.org/maven2/org/springframework/boot/spring-boot-starter-validation/3.5.5/spring-boot-starter-validation-3.5.5.pom
2025-08-22 22:13:18,232 [Worker-26: Building] INFO  o.e.m.c.i.e.AbstractTransferListenerAdapter - Downloading https://repo.maven.apache.org/maven2/org/hibernate/validator/hibernate-validator/8.0.3.Final/hibernate-validator-8.0.3.Final.pom
2025-08-22 22:13:18,244 [Worker-26: Building] INFO  o.e.m.c.i.e.AbstractTransferListenerAdapter - Downloaded https://repo.maven.apache.org/maven2/org/hibernate/validator/hibernate-validator/8.0.3.Final/hibernate-validator-8.0.3.Final.pom
2025-08-22 22:13:18,498 [Worker-26: Building] INFO  o.e.m.c.i.e.AbstractTransferListenerAdapter - Downloading https://repo.maven.apache.org/maven2/org/springframework/boot/spring-boot-starter-security/3.5.5/spring-boot-starter-security-3.5.5.pom
2025-08-22 22:13:18,529 [Worker-26: Building] INFO  o.e.m.c.i.e.AbstractTransferListenerAdapter - Downloaded https://repo.maven.apache.org/maven2/org/springframework/boot/spring-boot-starter-security/3.5.5/spring-boot-starter-security-3.5.5.pom
2025-08-22 22:13:18,715 [Worker-26: Building] INFO  o.e.m.c.i.e.AbstractTransferListenerAdapter - Downloading https://repo.maven.apache.org/maven2/org/springframework/security/spring-security-config/6.5.3/spring-security-config-6.5.3.pom
2025-08-22 22:13:18,749 [Worker-26: Building] INFO  o.e.m.c.i.e.AbstractTransferListenerAdapter - Downloaded https://repo.maven.apache.org/maven2/org/springframework/security/spring-security-config/6.5.3/spring-security-config-6.5.3.pom
2025-08-22 22:13:18,933 [Worker-26: Building] INFO  o.e.m.c.i.e.AbstractTransferListenerAdapter - Downloading https://repo.maven.apache.org/maven2/org/springframework/security/spring-security-core/6.5.3/spring-security-core-6.5.3.pom
2025-08-22 22:13:18,971 [Worker-26: Building] INFO  o.e.m.c.i.e.AbstractTransferListenerAdapter - Downloaded https://repo.maven.apache.org/maven2/org/springframework/security/spring-security-core/6.5.3/spring-security-core-6.5.3.pom
2025-08-22 22:13:19,104 [Worker-26: Building] INFO  o.e.m.c.i.e.AbstractTransferListenerAdapter - Downloading https://repo.maven.apache.org/maven2/org/springframework/security/spring-security-crypto/6.5.3/spring-security-crypto-6.5.3.pom
2025-08-22 22:13:19,137 [Worker-26: Building] INFO  o.e.m.c.i.e.AbstractTransferListenerAdapter - Downloaded https://repo.maven.apache.org/maven2/org/springframework/security/spring-security-crypto/6.5.3/spring-security-crypto-6.5.3.pom
2025-08-22 22:13:19,215 [Worker-26: Building] INFO  o.e.m.c.i.e.AbstractTransferListenerAdapter - Downloading https://repo.maven.apache.org/maven2/org/springframework/security/spring-security-web/6.5.3/spring-security-web-6.5.3.pom
2025-08-22 22:13:19,229 [Worker-26: Building] INFO  o.e.m.c.i.e.AbstractTransferListenerAdapter - Downloaded https://repo.maven.apache.org/maven2/org/springframework/security/spring-security-web/6.5.3/spring-security-web-6.5.3.pom
2025-08-22 22:13:19,420 [Worker-26: Building] INFO  o.e.m.c.i.e.AbstractTransferListenerAdapter - Downloading https://repo.maven.apache.org/maven2/org/springframework/boot/spring-boot-starter-mail/3.5.5/spring-boot-starter-mail-3.5.5.pom
2025-08-22 22:13:19,463 [Worker-26: Building] INFO  o.e.m.c.i.e.AbstractTransferListenerAdapter - Downloaded https://repo.maven.apache.org/maven2/org/springframework/boot/spring-boot-starter-mail/3.5.5/spring-boot-starter-mail-3.5.5.pom
2025-08-22 22:13:19,530 [Worker-26: Building] INFO  o.e.m.c.i.e.AbstractTransferListenerAdapter - Downloading https://repo.maven.apache.org/maven2/org/springframework/spring-context-support/6.2.10/spring-context-support-6.2.10.pom
2025-08-22 22:13:19,538 [Worker-26: Building] INFO  o.e.m.c.i.e.AbstractTransferListenerAdapter - Downloaded https://repo.maven.apache.org/maven2/org/springframework/spring-context-support/6.2.10/spring-context-support-6.2.10.pom
2025-08-22 22:13:19,641 [Worker-26: Building] INFO  o.e.m.c.i.e.AbstractTransferListenerAdapter - Downloading https://repo.maven.apache.org/maven2/org/eclipse/angus/jakarta.mail/2.0.4/jakarta.mail-2.0.4.pom
2025-08-22 22:13:19,653 [Worker-26: Building] INFO  o.e.m.c.i.e.AbstractTransferListenerAdapter - Downloaded https://repo.maven.apache.org/maven2/org/eclipse/angus/jakarta.mail/2.0.4/jakarta.mail-2.0.4.pom
2025-08-22 22:13:19,828 [Worker-26: Building] INFO  o.e.m.c.i.e.AbstractTransferListenerAdapter - Downloading https://repo.maven.apache.org/maven2/org/eclipse/angus/all/2.0.4/all-2.0.4.pom
2025-08-22 22:13:19,851 [Worker-26: Building] INFO  o.e.m.c.i.e.AbstractTransferListenerAdapter - Downloaded https://repo.maven.apache.org/maven2/org/eclipse/angus/all/2.0.4/all-2.0.4.pom
2025-08-22 22:13:20,133 [Worker-26: Building] INFO  o.e.m.c.i.e.AbstractTransferListenerAdapter - Downloading https://repo.maven.apache.org/maven2/org/springframework/boot/spring-boot-starter-validation/3.5.5/spring-boot-starter-validation-3.5.5.jar
2025-08-22 22:13:20,138 [Worker-26: Building] INFO  o.e.m.c.i.e.AbstractTransferListenerAdapter - Downloaded https://repo.maven.apache.org/maven2/org/springframework/boot/spring-boot-starter-validation/3.5.5/spring-boot-starter-validation-3.5.5.jar
2025-08-22 22:13:20,280 [BasicRepositoryConnector-repo.maven.apache.org-2-1] INFO  o.e.m.c.i.e.AbstractTransferListenerAdapter - Downloading https://repo.maven.apache.org/maven2/org/springframework/boot/spring-boot-starter-security/3.5.5/spring-boot-starter-security-3.5.5.jar
2025-08-22 22:13:20,309 [BasicRepositoryConnector-repo.maven.apache.org-2-1] INFO  o.e.m.c.i.e.AbstractTransferListenerAdapter - Downloaded https://repo.maven.apache.org/maven2/org/springframework/boot/spring-boot-starter-security/3.5.5/spring-boot-starter-security-3.5.5.jar
2025-08-22 22:13:20,343 [BasicRepositoryConnector-repo.maven.apache.org-2-2] INFO  o.e.m.c.i.e.AbstractTransferListenerAdapter - Downloading https://repo.maven.apache.org/maven2/org/springframework/security/spring-security-config/6.5.3/spring-security-config-6.5.3.jar
2025-08-22 22:13:20,355 [BasicRepositoryConnector-repo.maven.apache.org-2-1] INFO  o.e.m.c.i.e.AbstractTransferListenerAdapter - Downloading https://repo.maven.apache.org/maven2/org/springframework/security/spring-security-web/6.5.3/spring-security-web-6.5.3.jar
2025-08-22 22:13:20,398 [BasicRepositoryConnector-repo.maven.apache.org-2-3] INFO  o.e.m.c.i.e.AbstractTransferListenerAdapter - Downloading https://repo.maven.apache.org/maven2/org/springframework/security/spring-security-core/6.5.3/spring-security-core-6.5.3.jar
2025-08-22 22:13:20,399 [BasicRepositoryConnector-repo.maven.apache.org-2-4] INFO  o.e.m.c.i.e.AbstractTransferListenerAdapter - Downloading https://repo.maven.apache.org/maven2/org/springframework/security/spring-security-crypto/6.5.3/spring-security-crypto-6.5.3.jar
2025-08-22 22:13:20,450 [BasicRepositoryConnector-repo.maven.apache.org-2-0] INFO  o.e.m.c.i.e.AbstractTransferListenerAdapter - Downloading https://repo.maven.apache.org/maven2/org/hibernate/validator/hibernate-validator/8.0.3.Final/hibernate-validator-8.0.3.Final.jar
2025-08-22 22:13:20,783 [BasicRepositoryConnector-repo.maven.apache.org-2-4] INFO  o.e.m.c.i.e.AbstractTransferListenerAdapter - Downloaded https://repo.maven.apache.org/maven2/org/springframework/security/spring-security-crypto/6.5.3/spring-security-crypto-6.5.3.jar
2025-08-22 22:13:20,920 [BasicRepositoryConnector-repo.maven.apache.org-2-4] INFO  o.e.m.c.i.e.AbstractTransferListenerAdapter - Downloading https://repo.maven.apache.org/maven2/org/springframework/boot/spring-boot-starter-mail/3.5.5/spring-boot-starter-mail-3.5.5.jar
2025-08-22 22:13:20,950 [BasicRepositoryConnector-repo.maven.apache.org-2-4] INFO  o.e.m.c.i.e.AbstractTransferListenerAdapter - Downloaded https://repo.maven.apache.org/maven2/org/springframework/boot/spring-boot-starter-mail/3.5.5/spring-boot-starter-mail-3.5.5.jar
2025-08-22 22:13:21,319 [BasicRepositoryConnector-repo.maven.apache.org-2-4] INFO  o.e.m.c.i.e.AbstractTransferListenerAdapter - Downloading https://repo.maven.apache.org/maven2/org/springframework/spring-context-support/6.2.10/spring-context-support-6.2.10.jar
2025-08-22 22:13:21,323 [BasicRepositoryConnector-repo.maven.apache.org-2-1] INFO  o.e.m.c.i.e.AbstractTransferListenerAdapter - Downloaded https://repo.maven.apache.org/maven2/org/springframework/security/spring-security-web/6.5.3/spring-security-web-6.5.3.jar
2025-08-22 22:13:21,599 [BasicRepositoryConnector-repo.maven.apache.org-2-1] INFO  o.e.m.c.i.e.AbstractTransferListenerAdapter - Downloading https://repo.maven.apache.org/maven2/org/eclipse/angus/jakarta.mail/2.0.4/jakarta.mail-2.0.4.jar
2025-08-22 22:13:21,693 [BasicRepositoryConnector-repo.maven.apache.org-2-4] INFO  o.e.m.c.i.e.AbstractTransferListenerAdapter - Downloaded https://repo.maven.apache.org/maven2/org/springframework/spring-context-support/6.2.10/spring-context-support-6.2.10.jar
2025-08-22 22:13:22,093 [BasicRepositoryConnector-repo.maven.apache.org-2-1] INFO  o.e.m.c.i.e.AbstractTransferListenerAdapter - Downloaded https://repo.maven.apache.org/maven2/org/eclipse/angus/jakarta.mail/2.0.4/jakarta.mail-2.0.4.jar
2025-08-22 22:13:22,104 [BasicRepositoryConnector-repo.maven.apache.org-2-3] INFO  o.e.m.c.i.e.AbstractTransferListenerAdapter - Downloaded https://repo.maven.apache.org/maven2/org/springframework/security/spring-security-core/6.5.3/spring-security-core-6.5.3.jar
2025-08-22 22:13:28,552 [BasicRepositoryConnector-repo.maven.apache.org-2-0] INFO  o.e.m.c.i.e.AbstractTransferListenerAdapter - Downloaded https://repo.maven.apache.org/maven2/org/hibernate/validator/hibernate-validator/8.0.3.Final/hibernate-validator-8.0.3.Final.jar
2025-08-22 22:13:29,560 [BasicRepositoryConnector-repo.maven.apache.org-2-2] INFO  o.e.m.c.i.e.AbstractTransferListenerAdapter - Downloaded https://repo.maven.apache.org/maven2/org/springframework/security/spring-security-config/6.5.3/spring-security-config-6.5.3.jar
2025-08-22 22:13:29,989 [Worker-26: Building] INFO  o.a.m.s.f.DefaultMavenResourcesFiltering - Copying 0 resource from src\main\resources to target\classes
2025-08-22 22:13:29,991 [Worker-26: Building] INFO  o.a.m.s.f.DefaultMavenResourcesFiltering - Copying 0 resource from src\main\resources to target\classes
2025-08-22 22:13:29,997 [Worker-26: Building] INFO  o.a.m.s.f.DefaultMavenResourcesFiltering - skip non existing resourceDirectory C:\Users\SRUTHI\Documents\atm\ATM-Project\src\test\resources
2025-08-22 22:13:30,985 [Worker-26: Download sources and javadoc] INFO  o.e.m.c.i.e.AbstractTransferListenerAdapter - Downloading https://repo.maven.apache.org/maven2/org/springframework/boot/spring-boot-starter-validation/3.5.5/spring-boot-starter-validation-3.5.5-sources.jar
2025-08-22 22:13:31,000 [Worker-26: Download sources and javadoc] INFO  o.e.m.c.i.e.AbstractTransferListenerAdapter - Downloaded https://repo.maven.apache.org/maven2/org/springframework/boot/spring-boot-starter-validation/3.5.5/spring-boot-starter-validation-3.5.5-sources.jar
2025-08-22 22:13:31,005 [Worker-26: Download sources and javadoc] INFO  o.e.m.j.internal.DownloadSourcesJob - Downloaded sources for org.springframework.boot:spring-boot-starter-validation:3.5.5
2025-08-22 22:13:31,297 [Worker-26: Download sources and javadoc] INFO  o.e.m.c.i.e.AbstractTransferListenerAdapter - Downloading https://repo.maven.apache.org/maven2/org/hibernate/validator/hibernate-validator/8.0.3.Final/hibernate-validator-8.0.3.Final-sources.jar
2025-08-22 22:13:31,776 [Worker-25: Building] INFO  o.a.m.s.f.DefaultMavenResourcesFiltering - Copying 1 resource from src\main\resources to target\classes
2025-08-22 22:13:31,808 [Worker-25: Building] INFO  o.a.m.s.f.DefaultMavenResourcesFiltering - Copying 0 resource from src\main\resources to target\classes
2025-08-22 22:13:31,814 [Worker-25: Building] INFO  o.a.m.s.f.DefaultMavenResourcesFiltering - skip non existing resourceDirectory C:\Users\SRUTHI\Documents\atm\ATM-Project\src\test\resources
2025-08-22 22:13:32,029 [Worker-26: Download sources and javadoc] INFO  o.e.m.c.i.e.AbstractTransferListenerAdapter - Downloaded https://repo.maven.apache.org/maven2/org/hibernate/validator/hibernate-validator/8.0.3.Final/hibernate-validator-8.0.3.Final-sources.jar
2025-08-22 22:13:32,037 [Worker-26: Download sources and javadoc] INFO  o.e.m.j.internal.DownloadSourcesJob - Downloaded sources for org.hibernate.validator:hibernate-validator:8.0.3.Final
2025-08-22 22:13:32,348 [Worker-26: Download sources and javadoc] INFO  o.e.m.c.i.e.AbstractTransferListenerAdapter - Downloading https://repo.maven.apache.org/maven2/org/springframework/boot/spring-boot-starter-security/3.5.5/spring-boot-starter-security-3.5.5-sources.jar
2025-08-22 22:13:32,359 [Worker-26: Download sources and javadoc] INFO  o.e.m.c.i.e.AbstractTransferListenerAdapter - Downloaded https://repo.maven.apache.org/maven2/org/springframework/boot/spring-boot-starter-security/3.5.5/spring-boot-starter-security-3.5.5-sources.jar
2025-08-22 22:13:32,368 [Worker-26: Download sources and javadoc] INFO  o.e.m.j.internal.DownloadSourcesJob - Downloaded sources for org.springframework.boot:spring-boot-starter-security:3.5.5
2025-08-22 22:13:32,727 [Worker-26: Download sources and javadoc] INFO  o.e.m.c.i.e.AbstractTransferListenerAdapter - Downloading https://repo.maven.apache.org/maven2/org/springframework/security/spring-security-config/6.5.3/spring-security-config-6.5.3-sources.jar
2025-08-22 22:13:33,393 [Worker-26: Download sources and javadoc] INFO  o.e.m.c.i.e.AbstractTransferListenerAdapter - Downloaded https://repo.maven.apache.org/maven2/org/springframework/security/spring-security-config/6.5.3/spring-security-config-6.5.3-sources.jar
2025-08-22 22:13:33,400 [Worker-26: Download sources and javadoc] INFO  o.e.m.j.internal.DownloadSourcesJob - Downloaded sources for org.springframework.security:spring-security-config:6.5.3
2025-08-22 22:13:33,753 [Worker-26: Download sources and javadoc] INFO  o.e.m.c.i.e.AbstractTransferListenerAdapter - Downloading https://repo.maven.apache.org/maven2/org/springframework/security/spring-security-core/6.5.3/spring-security-core-6.5.3-sources.jar
2025-08-22 22:13:34,296 [Worker-26: Download sources and javadoc] INFO  o.e.m.c.i.e.AbstractTransferListenerAdapter - Downloaded https://repo.maven.apache.org/maven2/org/springframework/security/spring-security-core/6.5.3/spring-security-core-6.5.3-sources.jar
2025-08-22 22:13:34,301 [Worker-26: Download sources and javadoc] INFO  o.e.m.j.internal.DownloadSourcesJob - Downloaded sources for org.springframework.security:spring-security-core:6.5.3
2025-08-22 22:13:34,676 [Worker-26: Download sources and javadoc] INFO  o.e.m.c.i.e.AbstractTransferListenerAdapter - Downloading https://repo.maven.apache.org/maven2/org/springframework/security/spring-security-crypto/6.5.3/spring-security-crypto-6.5.3-sources.jar
2025-08-22 22:13:34,786 [Worker-26: Download sources and javadoc] INFO  o.e.m.c.i.e.AbstractTransferListenerAdapter - Downloaded https://repo.maven.apache.org/maven2/org/springframework/security/spring-security-crypto/6.5.3/spring-security-crypto-6.5.3-sources.jar
2025-08-22 22:13:34,791 [Worker-26: Download sources and javadoc] INFO  o.e.m.j.internal.DownloadSourcesJob - Downloaded sources for org.springframework.security:spring-security-crypto:6.5.3
2025-08-22 22:13:35,087 [Worker-26: Download sources and javadoc] INFO  o.e.m.c.i.e.AbstractTransferListenerAdapter - Downloading https://repo.maven.apache.org/maven2/org/springframework/security/spring-security-web/6.5.3/spring-security-web-6.5.3-sources.jar
2025-08-22 22:13:35,920 [Worker-26: Download sources and javadoc] INFO  o.e.m.c.i.e.AbstractTransferListenerAdapter - Downloaded https://repo.maven.apache.org/maven2/org/springframework/security/spring-security-web/6.5.3/spring-security-web-6.5.3-sources.jar
2025-08-22 22:13:35,929 [Worker-26: Download sources and javadoc] INFO  o.e.m.j.internal.DownloadSourcesJob - Downloaded sources for org.springframework.security:spring-security-web:6.5.3
2025-08-22 22:13:36,219 [Worker-26: Download sources and javadoc] INFO  o.e.m.c.i.e.AbstractTransferListenerAdapter - Downloading https://repo.maven.apache.org/maven2/org/springframework/boot/spring-boot-starter-mail/3.5.5/spring-boot-starter-mail-3.5.5-sources.jar
2025-08-22 22:13:36,245 [Worker-26: Download sources and javadoc] INFO  o.e.m.c.i.e.AbstractTransferListenerAdapter - Downloaded https://repo.maven.apache.org/maven2/org/springframework/boot/spring-boot-starter-mail/3.5.5/spring-boot-starter-mail-3.5.5-sources.jar
2025-08-22 22:13:36,249 [Worker-26: Download sources and javadoc] INFO  o.e.m.j.internal.DownloadSourcesJob - Downloaded sources for org.springframework.boot:spring-boot-starter-mail:3.5.5
2025-08-22 22:13:36,768 [Worker-26: Download sources and javadoc] INFO  o.e.m.c.i.e.AbstractTransferListenerAdapter - Downloading https://repo.maven.apache.org/maven2/org/springframework/spring-context-support/6.2.10/spring-context-support-6.2.10-sources.jar
2025-08-22 22:13:36,963 [Worker-26: Download sources and javadoc] INFO  o.e.m.c.i.e.AbstractTransferListenerAdapter - Downloaded https://repo.maven.apache.org/maven2/org/springframework/spring-context-support/6.2.10/spring-context-support-6.2.10-sources.jar
2025-08-22 22:13:36,968 [Worker-26: Download sources and javadoc] INFO  o.e.m.j.internal.DownloadSourcesJob - Downloaded sources for org.springframework:spring-context-support:6.2.10
2025-08-22 22:13:37,365 [Worker-26: Download sources and javadoc] INFO  o.e.m.c.i.e.AbstractTransferListenerAdapter - Downloading https://repo.maven.apache.org/maven2/org/eclipse/angus/jakarta.mail/2.0.4/jakarta.mail-2.0.4-sources.jar
2025-08-22 22:13:38,085 [Worker-26: Download sources and javadoc] INFO  o.e.m.c.i.e.AbstractTransferListenerAdapter - Downloaded https://repo.maven.apache.org/maven2/org/eclipse/angus/jakarta.mail/2.0.4/jakarta.mail-2.0.4-sources.jar
2025-08-22 22:13:38,091 [Worker-26: Download sources and javadoc] INFO  o.e.m.j.internal.DownloadSourcesJob - Downloaded sources for org.eclipse.angus:jakarta.mail:2.0.4
2025-08-22 22:15:56,126 [Worker-25: Building] INFO  o.a.m.s.f.DefaultMavenResourcesFiltering - Copying 1 resource from src\main\resources to target\classes
2025-08-22 22:15:56,134 [Worker-25: Building] INFO  o.a.m.s.f.DefaultMavenResourcesFiltering - Copying 0 resource from src\main\resources to target\classes
2025-08-22 22:15:56,139 [Worker-25: Building] INFO  o.a.m.s.f.DefaultMavenResourcesFiltering - skip non existing resourceDirectory C:\Users\SRUTHI\Documents\atm\ATM-Project\src\test\resources
2025-08-22 22:16:03,096 [Worker-29: Building] INFO  o.a.m.s.f.DefaultMavenResourcesFiltering - Copying 1 resource from src\main\resources to target\classes
2025-08-22 22:16:03,108 [Worker-29: Building] INFO  o.a.m.s.f.DefaultMavenResourcesFiltering - Copying 0 resource from src\main\resources to target\classes
2025-08-22 22:16:03,112 [Worker-29: Building] INFO  o.a.m.s.f.DefaultMavenResourcesFiltering - skip non existing resourceDirectory C:\Users\SRUTHI\Documents\atm\ATM-Project\src\test\resources
2025-08-22 22:16:09,548 [Worker-30: Building] INFO  o.a.m.s.f.DefaultMavenResourcesFiltering - Copying 1 resource from src\main\resources to target\classes
2025-08-22 22:16:09,558 [Worker-30: Building] INFO  o.a.m.s.f.DefaultMavenResourcesFiltering - Copying 0 resource from src\main\resources to target\classes
2025-08-22 22:16:09,561 [Worker-30: Building] INFO  o.a.m.s.f.DefaultMavenResourcesFiltering - skip non existing resourceDirectory C:\Users\SRUTHI\Documents\atm\ATM-Project\src\test\resources
2025-08-22 22:17:03,525 [Worker-28: Building] INFO  o.e.m.c.i.l.LifecycleMappingFactory - Using org.eclipse.m2e.jdt.JarLifecycleMapping lifecycle mapping for MavenProject: com.atm:ATM-Project:1.0 @ C:\Users\SRUTHI\Documents\atm\ATM-Project\pom.xml.
2025-08-22 22:17:04,308 [Worker-28: Building] INFO  o.a.m.s.f.DefaultMavenResourcesFiltering - Copying 0 resource from src\main\resources to target\classes
2025-08-22 22:17:04,310 [Worker-28: Building] INFO  o.a.m.s.f.DefaultMavenResourcesFiltering - Copying 0 resource from src\main\resources to target\classes
2025-08-22 22:17:04,317 [Worker-28: Building] INFO  o.a.m.s.f.DefaultMavenResourcesFiltering - skip non existing resourceDirectory C:\Users\SRUTHI\Documents\atm\ATM-Project\src\test\resources
2025-08-22 22:17:05,832 [Worker-31: Building] INFO  o.a.m.s.f.DefaultMavenResourcesFiltering - Copying 1 resource from src\main\resources to target\classes
2025-08-22 22:17:05,884 [Worker-31: Building] INFO  o.a.m.s.f.DefaultMavenResourcesFiltering - Copying 0 resource from src\main\resources to target\classes
2025-08-22 22:17:05,888 [Worker-31: Building] INFO  o.a.m.s.f.DefaultMavenResourcesFiltering - skip non existing resourceDirectory C:\Users\SRUTHI\Documents\atm\ATM-Project\src\test\resources
2025-08-22 22:35:15,785 [Worker-26: Building] INFO  o.a.m.s.f.DefaultMavenResourcesFiltering - Copying 1 resource from src\main\resources to target\classes
2025-08-22 22:35:15,812 [Worker-26: Building] INFO  o.a.m.s.f.DefaultMavenResourcesFiltering - Copying 0 resource from src\main\resources to target\classes
2025-08-22 22:35:15,815 [Worker-26: Building] INFO  o.a.m.s.f.DefaultMavenResourcesFiltering - skip non existing resourceDirectory C:\Users\SRUTHI\Documents\atm\ATM-Project\src\test\resources
2025-08-22 22:58:57,811 [Worker-31: Building] INFO  o.a.m.s.f.DefaultMavenResourcesFiltering - Copying 1 resource from src\main\resources to target\classes
2025-08-22 22:58:57,843 [Worker-31: Building] INFO  o.a.m.s.f.DefaultMavenResourcesFiltering - Copying 0 resource from src\main\resources to target\classes
2025-08-22 22:58:57,843 [Worker-31: Building] INFO  o.a.m.s.f.DefaultMavenResourcesFiltering - skip non existing resourceDirectory C:\Users\SRUTHI\Documents\atm\ATM-Project\src\test\resources
2025-08-22 22:59:58,990 [Worker-26: Building] INFO  o.a.m.s.f.DefaultMavenResourcesFiltering - Copying 1 resource from src\main\resources to target\classes
2025-08-22 22:59:59,012 [Worker-26: Building] INFO  o.a.m.s.f.DefaultMavenResourcesFiltering - Copying 0 resource from src\main\resources to target\classes
2025-08-22 22:59:59,017 [Worker-26: Building] INFO  o.a.m.s.f.DefaultMavenResourcesFiltering - skip non existing resourceDirectory C:\Users\SRUTHI\Documents\atm\ATM-Project\src\test\resources
2025-08-22 23:01:02,580 [Worker-35: Launching ATM-Project - AtmProjectApplication] INFO  o.a.m.s.f.DefaultMavenResourcesFiltering - Copying 1 resource from src\main\resources to target\classes
2025-08-22 23:01:02,592 [Worker-35: Launching ATM-Project - AtmProjectApplication] INFO  o.a.m.s.f.DefaultMavenResourcesFiltering - Copying 0 resource from src\main\resources to target\classes
2025-08-22 23:01:02,600 [Worker-35: Launching ATM-Project - AtmProjectApplication] INFO  o.a.m.s.f.DefaultMavenResourcesFiltering - skip non existing resourceDirectory C:\Users\SRUTHI\Documents\atm\ATM-Project\src\test\resources
2025-08-22 23:02:57,177 [Worker-23: Building] INFO  o.a.m.s.f.DefaultMavenResourcesFiltering - Copying 1 resource from src\main\resources to target\classes
2025-08-22 23:02:57,207 [Worker-23: Building] INFO  o.a.m.s.f.DefaultMavenResourcesFiltering - Copying 0 resource from src\main\resources to target\classes
2025-08-22 23:02:57,213 [Worker-23: Building] INFO  o.a.m.s.f.DefaultMavenResourcesFiltering - skip non existing resourceDirectory C:\Users\SRUTHI\Documents\atm\ATM-Project\src\test\resources
2025-08-22 23:03:17,027 [Worker-6: Loading available Gradle versions] INFO  o.e.b.c.i.u.g.PublishedGradleVersions - Gradle version information cache is up-to-date. Trying to read.
2025-08-22 23:05:49,536 [Worker-11: Building] INFO  o.a.m.s.f.DefaultMavenResourcesFiltering - Copying 1 resource from src\main\resources to target\classes
2025-08-22 23:05:49,574 [Worker-11: Building] INFO  o.a.m.s.f.DefaultMavenResourcesFiltering - Copying 0 resource from src\main\resources to target\classes
2025-08-22 23:05:49,582 [Worker-11: Building] INFO  o.a.m.s.f.DefaultMavenResourcesFiltering - skip non existing resourceDirectory C:\Users\SRUTHI\Documents\atm\ATM-Project\src\test\resources
2025-08-22 23:12:29,592 [Worker-11: Building] INFO  o.a.m.s.f.DefaultMavenResourcesFiltering - Copying 1 resource from src\main\resources to target\classes
2025-08-22 23:12:29,607 [Worker-11: Building] INFO  o.a.m.s.f.DefaultMavenResourcesFiltering - Copying 0 resource from src\main\resources to target\classes
2025-08-22 23:12:29,613 [Worker-11: Building] INFO  o.a.m.s.f.DefaultMavenResourcesFiltering - skip non existing resourceDirectory C:\Users\SRUTHI\Documents\atm\ATM-Project\src\test\resources
2025-08-22 23:12:39,552 [Worker-3: Building] INFO  o.a.m.s.f.DefaultMavenResourcesFiltering - Copying 1 resource from src\main\resources to target\classes
2025-08-22 23:12:39,560 [Worker-3: Building] INFO  o.a.m.s.f.DefaultMavenResourcesFiltering - Copying 0 resource from src\main\resources to target\classes
2025-08-22 23:12:39,565 [Worker-3: Building] INFO  o.a.m.s.f.DefaultMavenResourcesFiltering - skip non existing resourceDirectory C:\Users\SRUTHI\Documents\atm\ATM-Project\src\test\resources
2025-08-22 23:16:54,856 [Worker-7: Building] INFO  o.a.m.s.f.DefaultMavenResourcesFiltering - Copying 1 resource from src\main\resources to target\classes
2025-08-22 23:16:54,868 [Worker-7: Building] INFO  o.a.m.s.f.DefaultMavenResourcesFiltering - Copying 0 resource from src\main\resources to target\classes
2025-08-22 23:16:54,875 [Worker-7: Building] INFO  o.a.m.s.f.DefaultMavenResourcesFiltering - skip non existing resourceDirectory C:\Users\SRUTHI\Documents\atm\ATM-Project\src\test\resources
2025-08-22 23:17:49,904 [Worker-0: Building] INFO  o.a.m.s.f.DefaultMavenResourcesFiltering - Copying 1 resource from src\main\resources to target\classes
2025-08-22 23:17:49,914 [Worker-0: Building] INFO  o.a.m.s.f.DefaultMavenResourcesFiltering - Copying 0 resource from src\main\resources to target\classes
2025-08-22 23:17:49,919 [Worker-0: Building] INFO  o.a.m.s.f.DefaultMavenResourcesFiltering - skip non existing resourceDirectory C:\Users\SRUTHI\Documents\atm\ATM-Project\src\test\resources
2025-08-22 23:18:11,283 [Worker-9: Building] INFO  o.a.m.s.f.DefaultMavenResourcesFiltering - Copying 1 resource from src\main\resources to target\classes
2025-08-22 23:18:11,289 [Worker-9: Building] INFO  o.a.m.s.f.DefaultMavenResourcesFiltering - Copying 0 resource from src\main\resources to target\classes
2025-08-22 23:18:11,294 [Worker-9: Building] INFO  o.a.m.s.f.DefaultMavenResourcesFiltering - skip non existing resourceDirectory C:\Users\SRUTHI\Documents\atm\ATM-Project\src\test\resources
2025-08-22 23:18:51,292 [Worker-10: Building] INFO  o.a.m.s.f.DefaultMavenResourcesFiltering - Copying 1 resource from src\main\resources to target\classes
2025-08-22 23:18:51,322 [Worker-10: Building] INFO  o.a.m.s.f.DefaultMavenResourcesFiltering - Copying 0 resource from src\main\resources to target\classes
2025-08-22 23:18:51,331 [Worker-10: Building] INFO  o.a.m.s.f.DefaultMavenResourcesFiltering - skip non existing resourceDirectory C:\Users\SRUTHI\Documents\atm\ATM-Project\src\test\resources
2025-08-22 23:19:05,896 [Worker-12: Building] INFO  o.a.m.s.f.DefaultMavenResourcesFiltering - Copying 1 resource from src\main\resources to target\classes
2025-08-22 23:19:05,907 [Worker-12: Building] INFO  o.a.m.s.f.DefaultMavenResourcesFiltering - Copying 0 resource from src\main\resources to target\classes
2025-08-22 23:19:05,912 [Worker-12: Building] INFO  o.a.m.s.f.DefaultMavenResourcesFiltering - skip non existing resourceDirectory C:\Users\SRUTHI\Documents\atm\ATM-Project\src\test\resources
2025-08-22 23:19:54,480 [Worker-0: Building] INFO  o.a.m.s.f.DefaultMavenResourcesFiltering - Copying 1 resource from src\main\resources to target\classes
2025-08-22 23:19:54,488 [Worker-0: Building] INFO  o.a.m.s.f.DefaultMavenResourcesFiltering - Copying 0 resource from src\main\resources to target\classes
2025-08-22 23:19:54,495 [Worker-0: Building] INFO  o.a.m.s.f.DefaultMavenResourcesFiltering - skip non existing resourceDirectory C:\Users\SRUTHI\Documents\atm\ATM-Project\src\test\resources
2025-08-22 23:21:13,488 [Worker-0: Building] INFO  o.a.m.s.f.DefaultMavenResourcesFiltering - Copying 1 resource from src\main\resources to target\classes
2025-08-22 23:21:13,495 [Worker-0: Building] INFO  o.a.m.s.f.DefaultMavenResourcesFiltering - Copying 0 resource from src\main\resources to target\classes
2025-08-22 23:21:13,498 [Worker-0: Building] INFO  o.a.m.s.f.DefaultMavenResourcesFiltering - skip non existing resourceDirectory C:\Users\SRUTHI\Documents\atm\ATM-Project\src\test\resources
2025-08-22 23:21:23,869 [Worker-2: Building] INFO  o.a.m.s.f.DefaultMavenResourcesFiltering - Copying 1 resource from src\main\resources to target\classes
2025-08-22 23:21:23,882 [Worker-2: Building] INFO  o.a.m.s.f.DefaultMavenResourcesFiltering - Copying 0 resource from src\main\resources to target\classes
2025-08-22 23:21:23,890 [Worker-2: Building] INFO  o.a.m.s.f.DefaultMavenResourcesFiltering - skip non existing resourceDirectory C:\Users\SRUTHI\Documents\atm\ATM-Project\src\test\resources
2025-08-22 23:24:38,244 [Worker-7: Building] INFO  o.a.m.s.f.DefaultMavenResourcesFiltering - Copying 1 resource from src\main\resources to target\classes
2025-08-22 23:24:38,254 [Worker-7: Building] INFO  o.a.m.s.f.DefaultMavenResourcesFiltering - Copying 0 resource from src\main\resources to target\classes
2025-08-22 23:24:38,258 [Worker-7: Building] INFO  o.a.m.s.f.DefaultMavenResourcesFiltering - skip non existing resourceDirectory C:\Users\SRUTHI\Documents\atm\ATM-Project\src\test\resources
2025-08-22 23:24:50,425 [Worker-2: Building] INFO  o.a.m.s.f.DefaultMavenResourcesFiltering - Copying 1 resource from src\main\resources to target\classes
2025-08-22 23:24:50,435 [Worker-2: Building] INFO  o.a.m.s.f.DefaultMavenResourcesFiltering - Copying 0 resource from src\main\resources to target\classes
2025-08-22 23:24:50,441 [Worker-2: Building] INFO  o.a.m.s.f.DefaultMavenResourcesFiltering - skip non existing resourceDirectory C:\Users\SRUTHI\Documents\atm\ATM-Project\src\test\resources
2025-08-22 23:25:02,990 [Worker-0: Building] INFO  o.a.m.s.f.DefaultMavenResourcesFiltering - Copying 1 resource from src\main\resources to target\classes
2025-08-22 23:25:03,000 [Worker-0: Building] INFO  o.a.m.s.f.DefaultMavenResourcesFiltering - Copying 0 resource from src\main\resources to target\classes
2025-08-22 23:25:03,004 [Worker-0: Building] INFO  o.a.m.s.f.DefaultMavenResourcesFiltering - skip non existing resourceDirectory C:\Users\SRUTHI\Documents\atm\ATM-Project\src\test\resources
2025-08-23 09:01:22,462 [Worker-4: Loading available Gradle versions] INFO  o.e.b.c.i.u.g.PublishedGradleVersions - Gradle version information cache is up-to-date. Trying to read.
2025-08-23 09:04:20,774 [Worker-8: Building] INFO  o.a.m.s.f.DefaultMavenResourcesFiltering - Copying 1 resource from src\main\resources to target\classes
2025-08-23 09:04:20,798 [Worker-8: Building] INFO  o.a.m.s.f.DefaultMavenResourcesFiltering - Copying 0 resource from src\main\resources to target\classes
2025-08-23 09:04:20,807 [Worker-8: Building] INFO  o.a.m.s.f.DefaultMavenResourcesFiltering - skip non existing resourceDirectory C:\Users\SRUTHI\Documents\atm\ATM-Project\src\test\resources
2025-08-31 21:50:25,773 [Worker-5: Loading available Gradle versions] INFO  o.e.b.c.i.u.g.PublishedGradleVersions - Gradle version information cache is out-of-date. Trying to update.
2025-08-31 21:53:36,571 [Worker-2: Building] INFO  o.a.m.s.f.DefaultMavenResourcesFiltering - Copying 1 resource from src\main\resources to target\classes
2025-08-31 21:53:36,604 [Worker-2: Building] INFO  o.a.m.s.f.DefaultMavenResourcesFiltering - Copying 0 resource from src\main\resources to target\classes
2025-08-31 21:53:36,614 [Worker-2: Building] INFO  o.a.m.s.f.DefaultMavenResourcesFiltering - skip non existing resourceDirectory C:\Users\SRUTHI\Documents\atm\ATM-Project\src\test\resources
2025-08-31 21:54:00,094 [Worker-2: Building] INFO  o.a.m.s.f.DefaultMavenResourcesFiltering - Copying 1 resource from src\main\resources to target\classes
2025-08-31 21:54:00,102 [Worker-2: Building] INFO  o.a.m.s.f.DefaultMavenResourcesFiltering - Copying 0 resource from src\main\resources to target\classes
2025-08-31 21:54:00,107 [Worker-2: Building] INFO  o.a.m.s.f.DefaultMavenResourcesFiltering - skip non existing resourceDirectory C:\Users\SRUTHI\Documents\atm\ATM-Project\src\test\resources
2025-08-31 21:55:27,305 [Worker-7: Building] INFO  o.a.m.s.f.DefaultMavenResourcesFiltering - Copying 1 resource from src\main\resources to target\classes
2025-08-31 21:55:27,314 [Worker-7: Building] INFO  o.a.m.s.f.DefaultMavenResourcesFiltering - Copying 0 resource from src\main\resources to target\classes
2025-08-31 21:55:27,319 [Worker-7: Building] INFO  o.a.m.s.f.DefaultMavenResourcesFiltering - skip non existing resourceDirectory C:\Users\SRUTHI\Documents\atm\ATM-Project\src\test\resources
2025-08-31 21:55:51,670 [Worker-0: Building] INFO  o.a.m.s.f.DefaultMavenResourcesFiltering - Copying 1 resource from src\main\resources to target\classes
2025-08-31 21:55:51,677 [Worker-0: Building] INFO  o.a.m.s.f.DefaultMavenResourcesFiltering - Copying 0 resource from src\main\resources to target\classes
2025-08-31 21:55:51,680 [Worker-0: Building] INFO  o.a.m.s.f.DefaultMavenResourcesFiltering - skip non existing resourceDirectory C:\Users\SRUTHI\Documents\atm\ATM-Project\src\test\resources
2025-08-31 21:58:52,394 [Worker-9: Building] INFO  o.a.m.s.f.DefaultMavenResourcesFiltering - Copying 1 resource from src\main\resources to target\classes
2025-08-31 21:58:52,406 [Worker-9: Building] INFO  o.a.m.s.f.DefaultMavenResourcesFiltering - Copying 0 resource from src\main\resources to target\classes
2025-08-31 21:58:52,412 [Worker-9: Building] INFO  o.a.m.s.f.DefaultMavenResourcesFiltering - skip non existing resourceDirectory C:\Users\SRUTHI\Documents\atm\ATM-Project\src\test\resources
2025-08-31 21:59:03,479 [Worker-3: Building] INFO  o.a.m.s.f.DefaultMavenResourcesFiltering - Copying 1 resource from src\main\resources to target\classes
2025-08-31 21:59:03,490 [Worker-3: Building] INFO  o.a.m.s.f.DefaultMavenResourcesFiltering - Copying 0 resource from src\main\resources to target\classes
2025-08-31 21:59:03,497 [Worker-3: Building] INFO  o.a.m.s.f.DefaultMavenResourcesFiltering - skip non existing resourceDirectory C:\Users\SRUTHI\Documents\atm\ATM-Project\src\test\resources
2025-08-31 21:59:17,158 [Worker-10: Building] INFO  o.a.m.s.f.DefaultMavenResourcesFiltering - Copying 1 resource from src\main\resources to target\classes
2025-08-31 21:59:17,165 [Worker-10: Building] INFO  o.a.m.s.f.DefaultMavenResourcesFiltering - Copying 0 resource from src\main\resources to target\classes
2025-08-31 21:59:17,170 [Worker-10: Building] INFO  o.a.m.s.f.DefaultMavenResourcesFiltering - skip non existing resourceDirectory C:\Users\SRUTHI\Documents\atm\ATM-Project\src\test\resources
2025-08-31 22:02:33,029 [Worker-14: Building] INFO  o.a.m.s.f.DefaultMavenResourcesFiltering - Copying 1 resource from src\main\resources to target\classes
2025-08-31 22:02:33,041 [Worker-14: Building] INFO  o.a.m.s.f.DefaultMavenResourcesFiltering - Copying 0 resource from src\main\resources to target\classes
2025-08-31 22:02:33,046 [Worker-14: Building] INFO  o.a.m.s.f.DefaultMavenResourcesFiltering - skip non existing resourceDirectory C:\Users\SRUTHI\Documents\atm\ATM-Project\src\test\resources
2025-08-31 22:03:53,538 [Worker-14: Building] INFO  o.a.m.s.f.DefaultMavenResourcesFiltering - Copying 1 resource from src\main\resources to target\classes
2025-08-31 22:03:53,543 [Worker-14: Building] INFO  o.a.m.s.f.DefaultMavenResourcesFiltering - Copying 0 resource from src\main\resources to target\classes
2025-08-31 22:03:53,549 [Worker-14: Building] INFO  o.a.m.s.f.DefaultMavenResourcesFiltering - skip non existing resourceDirectory C:\Users\SRUTHI\Documents\atm\ATM-Project\src\test\resources
2025-08-31 22:04:04,651 [Worker-9: Building] INFO  o.a.m.s.f.DefaultMavenResourcesFiltering - Copying 1 resource from src\main\resources to target\classes
2025-08-31 22:04:04,679 [Worker-9: Building] INFO  o.a.m.s.f.DefaultMavenResourcesFiltering - Copying 0 resource from src\main\resources to target\classes
2025-08-31 22:04:04,721 [Worker-9: Building] INFO  o.a.m.s.f.DefaultMavenResourcesFiltering - skip non existing resourceDirectory C:\Users\SRUTHI\Documents\atm\ATM-Project\src\test\resources
2025-08-31 22:05:41,139 [Worker-15: Building] INFO  o.a.m.s.f.DefaultMavenResourcesFiltering - Copying 1 resource from src\main\resources to target\classes
2025-08-31 22:05:41,146 [Worker-15: Building] INFO  o.a.m.s.f.DefaultMavenResourcesFiltering - Copying 0 resource from src\main\resources to target\classes
2025-08-31 22:05:41,152 [Worker-15: Building] INFO  o.a.m.s.f.DefaultMavenResourcesFiltering - skip non existing resourceDirectory C:\Users\SRUTHI\Documents\atm\ATM-Project\src\test\resources
2025-08-31 22:07:08,678 [Worker-15: Updating Maven Project] INFO  o.e.m.c.i.p.ProjectConfigurationManager - Update started
2025-08-31 22:07:10,016 [Worker-15: Updating Maven Project] INFO  o.e.m.c.i.l.LifecycleMappingFactory - Using org.eclipse.m2e.jdt.JarLifecycleMapping lifecycle mapping for MavenProject: com.atm:ATM-Project:1.0 @ C:\Users\SRUTHI\Documents\atm\ATM-Project\pom.xml.
2025-08-31 22:07:11,472 [Worker-15: Updating Maven Project] INFO  o.e.m.j.i.AbstractJavaProjectConfigurator - Adding source folder /ATM-Project/src/main/java
2025-08-31 22:07:11,478 [Worker-15: Updating Maven Project] INFO  o.e.m.j.i.AbstractJavaProjectConfigurator - Adding resource folder /ATM-Project/src/main/resources
2025-08-31 22:07:11,480 [Worker-15: Updating Maven Project] INFO  o.e.m.j.i.AbstractJavaProjectConfigurator - Adding resource folder /ATM-Project/src/main/resources
2025-08-31 22:07:11,481 [Worker-15: Updating Maven Project] INFO  o.e.m.j.i.AbstractJavaProjectConfigurator - Adding source folder /ATM-Project/src/test/java
2025-08-31 22:07:11,483 [Worker-15: Updating Maven Project] INFO  o.e.m.j.i.AbstractJavaProjectConfigurator - Adding resource folder /ATM-Project/src/test/resources
2025-08-31 22:07:12,012 [Worker-15: Updating Maven Project] INFO  o.e.m.c.i.p.ProjectConfigurationManager - Update completed for 1 poms: local refresh takes 0.00 sec, refresh facades takes 2.00 sec, update config takes 0.00 sec 
2025-08-31 22:07:12,450 [Worker-15: Building] INFO  o.a.m.s.f.DefaultMavenResourcesFiltering - Copying 1 resource from src\main\resources to target\classes
2025-08-31 22:07:12,467 [Worker-15: Building] INFO  o.a.m.s.f.DefaultMavenResourcesFiltering - Copying 0 resource from src\main\resources to target\classes
2025-08-31 22:07:12,475 [Worker-15: Building] INFO  o.a.m.s.f.DefaultMavenResourcesFiltering - skip non existing resourceDirectory C:\Users\SRUTHI\Documents\atm\ATM-Project\src\test\resources
2025-08-31 22:10:19,655 [Worker-15: Building] INFO  o.a.m.s.f.DefaultMavenResourcesFiltering - Copying 1 resource from src\main\resources to target\classes
2025-08-31 22:10:19,667 [Worker-15: Building] INFO  o.a.m.s.f.DefaultMavenResourcesFiltering - Copying 0 resource from src\main\resources to target\classes
2025-08-31 22:10:19,673 [Worker-15: Building] INFO  o.a.m.s.f.DefaultMavenResourcesFiltering - skip non existing resourceDirectory C:\Users\SRUTHI\Documents\atm\ATM-Project\src\test\resources
2025-08-31 22:10:27,208 [Worker-18: Building] INFO  o.a.m.s.f.DefaultMavenResourcesFiltering - Copying 1 resource from src\main\resources to target\classes
2025-08-31 22:10:27,216 [Worker-18: Building] INFO  o.a.m.s.f.DefaultMavenResourcesFiltering - Copying 0 resource from src\main\resources to target\classes
2025-08-31 22:10:27,220 [Worker-18: Building] INFO  o.a.m.s.f.DefaultMavenResourcesFiltering - skip non existing resourceDirectory C:\Users\SRUTHI\Documents\atm\ATM-Project\src\test\resources
2025-08-31 22:19:31,466 [Worker-16: Building] INFO  o.a.m.s.f.DefaultMavenResourcesFiltering - Copying 1 resource from src\main\resources to target\classes
2025-08-31 22:19:31,478 [Worker-16: Building] INFO  o.a.m.s.f.DefaultMavenResourcesFiltering - Copying 0 resource from src\main\resources to target\classes
2025-08-31 22:19:31,483 [Worker-16: Building] INFO  o.a.m.s.f.DefaultMavenResourcesFiltering - skip non existing resourceDirectory C:\Users\SRUTHI\Documents\atm\ATM-Project\src\test\resources
2025-08-31 22:34:30,994 [Worker-18: Building] INFO  o.a.m.s.f.DefaultMavenResourcesFiltering - Copying 1 resource from src\main\resources to target\classes
2025-08-31 22:34:31,007 [Worker-18: Building] INFO  o.a.m.s.f.DefaultMavenResourcesFiltering - Copying 0 resource from src\main\resources to target\classes
2025-08-31 22:34:31,012 [Worker-18: Building] INFO  o.a.m.s.f.DefaultMavenResourcesFiltering - skip non existing resourceDirectory C:\Users\SRUTHI\Documents\atm\ATM-Project\src\test\resources
2025-08-31 22:34:49,655 [Worker-18: Building] INFO  o.a.m.s.f.DefaultMavenResourcesFiltering - Copying 1 resource from src\main\resources to target\classes
2025-08-31 22:34:49,663 [Worker-18: Building] INFO  o.a.m.s.f.DefaultMavenResourcesFiltering - Copying 0 resource from src\main\resources to target\classes
2025-08-31 22:34:49,667 [Worker-18: Building] INFO  o.a.m.s.f.DefaultMavenResourcesFiltering - skip non existing resourceDirectory C:\Users\SRUTHI\Documents\atm\ATM-Project\src\test\resources
2025-08-31 22:35:02,747 [Worker-3: Building] INFO  o.a.m.s.f.DefaultMavenResourcesFiltering - Copying 1 resource from src\main\resources to target\classes
2025-08-31 22:35:02,759 [Worker-3: Building] INFO  o.a.m.s.f.DefaultMavenResourcesFiltering - Copying 0 resource from src\main\resources to target\classes
2025-08-31 22:35:02,763 [Worker-3: Building] INFO  o.a.m.s.f.DefaultMavenResourcesFiltering - skip non existing resourceDirectory C:\Users\SRUTHI\Documents\atm\ATM-Project\src\test\resources
2025-08-31 22:38:07,236 [Worker-3: Building] INFO  o.a.m.s.f.DefaultMavenResourcesFiltering - Copying 1 resource from src\main\resources to target\classes
2025-08-31 22:38:07,243 [Worker-3: Building] INFO  o.a.m.s.f.DefaultMavenResourcesFiltering - Copying 0 resource from src\main\resources to target\classes
2025-08-31 22:38:07,248 [Worker-3: Building] INFO  o.a.m.s.f.DefaultMavenResourcesFiltering - skip non existing resourceDirectory C:\Users\SRUTHI\Documents\atm\ATM-Project\src\test\resources
2025-08-31 22:38:16,647 [Worker-14: Building] INFO  o.a.m.s.f.DefaultMavenResourcesFiltering - Copying 1 resource from src\main\resources to target\classes
2025-08-31 22:38:16,752 [Worker-14: Building] INFO  o.a.m.s.f.DefaultMavenResourcesFiltering - Copying 0 resource from src\main\resources to target\classes
2025-08-31 22:38:16,764 [Worker-14: Building] INFO  o.a.m.s.f.DefaultMavenResourcesFiltering - skip non existing resourceDirectory C:\Users\SRUTHI\Documents\atm\ATM-Project\src\test\resources
2025-08-31 22:39:58,868 [Worker-19: Building] INFO  o.a.m.s.f.DefaultMavenResourcesFiltering - Copying 1 resource from src\main\resources to target\classes
2025-08-31 22:39:58,879 [Worker-19: Building] INFO  o.a.m.s.f.DefaultMavenResourcesFiltering - Copying 0 resource from src\main\resources to target\classes
2025-08-31 22:39:58,884 [Worker-19: Building] INFO  o.a.m.s.f.DefaultMavenResourcesFiltering - skip non existing resourceDirectory C:\Users\SRUTHI\Documents\atm\ATM-Project\src\test\resources
2025-08-31 22:40:16,417 [Worker-15: Building] INFO  o.a.m.s.f.DefaultMavenResourcesFiltering - Copying 1 resource from src\main\resources to target\classes
2025-08-31 22:40:16,426 [Worker-15: Building] INFO  o.a.m.s.f.DefaultMavenResourcesFiltering - Copying 0 resource from src\main\resources to target\classes
2025-08-31 22:40:16,430 [Worker-15: Building] INFO  o.a.m.s.f.DefaultMavenResourcesFiltering - skip non existing resourceDirectory C:\Users\SRUTHI\Documents\atm\ATM-Project\src\test\resources
2025-08-31 22:40:56,773 [Worker-15: Building] INFO  o.a.m.s.f.DefaultMavenResourcesFiltering - Copying 1 resource from src\main\resources to target\classes
2025-08-31 22:40:56,782 [Worker-15: Building] INFO  o.a.m.s.f.DefaultMavenResourcesFiltering - Copying 0 resource from src\main\resources to target\classes
2025-08-31 22:40:56,785 [Worker-15: Building] INFO  o.a.m.s.f.DefaultMavenResourcesFiltering - skip non existing resourceDirectory C:\Users\SRUTHI\Documents\atm\ATM-Project\src\test\resources
2025-08-31 22:43:13,520 [Worker-18: Building] INFO  o.a.m.s.f.DefaultMavenResourcesFiltering - Copying 1 resource from src\main\resources to target\classes
2025-08-31 22:43:13,526 [Worker-18: Building] INFO  o.a.m.s.f.DefaultMavenResourcesFiltering - Copying 0 resource from src\main\resources to target\classes
2025-08-31 22:43:13,529 [Worker-18: Building] INFO  o.a.m.s.f.DefaultMavenResourcesFiltering - skip non existing resourceDirectory C:\Users\SRUTHI\Documents\atm\ATM-Project\src\test\resources
2025-08-31 22:44:14,041 [Worker-19: Building] INFO  o.a.m.s.f.DefaultMavenResourcesFiltering - Copying 1 resource from src\main\resources to target\classes
2025-08-31 22:44:14,050 [Worker-19: Building] INFO  o.a.m.s.f.DefaultMavenResourcesFiltering - Copying 0 resource from src\main\resources to target\classes
2025-08-31 22:44:14,057 [Worker-19: Building] INFO  o.a.m.s.f.DefaultMavenResourcesFiltering - skip non existing resourceDirectory C:\Users\SRUTHI\Documents\atm\ATM-Project\src\test\resources
2025-08-31 22:48:28,314 [Worker-3: Launching Executing verify in C__Users_SRUTHI_Documents_atm_ATM-Project] INFO  o.eclipse.m2e.core.internal.Bundles - getClasspathEntries(Bundle=org.eclipse.m2e.maven.runtime_3.9.900.20250220-2013 [364])
2025-08-31 22:48:28,317 [Worker-3: Launching Executing verify in C__Users_SRUTHI_Documents_atm_ATM-Project] INFO  o.eclipse.m2e.core.internal.Bundles - 	Entry: C:\STS\sts-4.31.0.RELEASE\plugins\org.eclipse.m2e.maven.runtime_3.9.900.20250220-2013
2025-08-31 22:48:28,318 [Worker-3: Launching Executing verify in C__Users_SRUTHI_Documents_atm_ATM-Project] INFO  o.eclipse.m2e.core.internal.Bundles - 	Entry: C:\STS\sts-4.31.0.RELEASE\plugins\org.eclipse.m2e.maven.runtime_3.9.900.20250220-2013\jars\aopalliance-1.0.jar
2025-08-31 22:48:28,318 [Worker-3: Launching Executing verify in C__Users_SRUTHI_Documents_atm_ATM-Project] INFO  o.eclipse.m2e.core.internal.Bundles - 	Entry: C:\STS\sts-4.31.0.RELEASE\plugins\org.eclipse.m2e.maven.runtime_3.9.900.20250220-2013\jars\guice-5.1.0.jar
2025-08-31 22:48:28,318 [Worker-3: Launching Executing verify in C__Users_SRUTHI_Documents_atm_ATM-Project] INFO  o.eclipse.m2e.core.internal.Bundles - 	Entry: C:\STS\sts-4.31.0.RELEASE\plugins\org.eclipse.m2e.maven.runtime_3.9.900.20250220-2013\jars\httpclient-4.5.14.jar
2025-08-31 22:48:28,318 [Worker-3: Launching Executing verify in C__Users_SRUTHI_Documents_atm_ATM-Project] INFO  o.eclipse.m2e.core.internal.Bundles - 	Entry: C:\STS\sts-4.31.0.RELEASE\plugins\org.eclipse.m2e.maven.runtime_3.9.900.20250220-2013\jars\httpcore-4.4.16.jar
2025-08-31 22:48:28,319 [Worker-3: Launching Executing verify in C__Users_SRUTHI_Documents_atm_ATM-Project] INFO  o.eclipse.m2e.core.internal.Bundles - 	Entry: C:\STS\sts-4.31.0.RELEASE\plugins\org.eclipse.m2e.maven.runtime_3.9.900.20250220-2013\jars\jansi-2.4.1.jar
2025-08-31 22:48:28,319 [Worker-3: Launching Executing verify in C__Users_SRUTHI_Documents_atm_ATM-Project] INFO  o.eclipse.m2e.core.internal.Bundles - 	Entry: C:\STS\sts-4.31.0.RELEASE\plugins\org.eclipse.m2e.maven.runtime_3.9.900.20250220-2013\jars\jcl-over-slf4j-1.7.36.jar
2025-08-31 22:48:28,319 [Worker-3: Launching Executing verify in C__Users_SRUTHI_Documents_atm_ATM-Project] INFO  o.eclipse.m2e.core.internal.Bundles - 	Entry: C:\STS\sts-4.31.0.RELEASE\plugins\org.eclipse.m2e.maven.runtime_3.9.900.20250220-2013\jars\maven-artifact-3.9.9.jar
2025-08-31 22:48:28,319 [Worker-3: Launching Executing verify in C__Users_SRUTHI_Documents_atm_ATM-Project] INFO  o.eclipse.m2e.core.internal.Bundles - 	Entry: C:\STS\sts-4.31.0.RELEASE\plugins\org.eclipse.m2e.maven.runtime_3.9.900.20250220-2013\jars\maven-builder-support-3.9.9.jar
2025-08-31 22:48:28,319 [Worker-3: Launching Executing verify in C__Users_SRUTHI_Documents_atm_ATM-Project] INFO  o.eclipse.m2e.core.internal.Bundles - 	Entry: C:\STS\sts-4.31.0.RELEASE\plugins\org.eclipse.m2e.maven.runtime_3.9.900.20250220-2013\jars\maven-compat-3.9.9.jar
2025-08-31 22:48:28,319 [Worker-3: Launching Executing verify in C__Users_SRUTHI_Documents_atm_ATM-Project] INFO  o.eclipse.m2e.core.internal.Bundles - 	Entry: C:\STS\sts-4.31.0.RELEASE\plugins\org.eclipse.m2e.maven.runtime_3.9.900.20250220-2013\jars\maven-core-3.9.9.jar
2025-08-31 22:48:28,320 [Worker-3: Launching Executing verify in C__Users_SRUTHI_Documents_atm_ATM-Project] INFO  o.eclipse.m2e.core.internal.Bundles - 	Entry: C:\STS\sts-4.31.0.RELEASE\plugins\org.eclipse.m2e.maven.runtime_3.9.900.20250220-2013\jars\maven-embedder-3.9.9.jar
2025-08-31 22:48:28,320 [Worker-3: Launching Executing verify in C__Users_SRUTHI_Documents_atm_ATM-Project] INFO  o.eclipse.m2e.core.internal.Bundles - 	Entry: C:\STS\sts-4.31.0.RELEASE\plugins\org.eclipse.m2e.maven.runtime_3.9.900.20250220-2013\jars\maven-model-3.9.9.jar
2025-08-31 22:48:28,320 [Worker-3: Launching Executing verify in C__Users_SRUTHI_Documents_atm_ATM-Project] INFO  o.eclipse.m2e.core.internal.Bundles - 	Entry: C:\STS\sts-4.31.0.RELEASE\plugins\org.eclipse.m2e.maven.runtime_3.9.900.20250220-2013\jars\maven-model-builder-3.9.9.jar
2025-08-31 22:48:28,320 [Worker-3: Launching Executing verify in C__Users_SRUTHI_Documents_atm_ATM-Project] INFO  o.eclipse.m2e.core.internal.Bundles - 	Entry: C:\STS\sts-4.31.0.RELEASE\plugins\org.eclipse.m2e.maven.runtime_3.9.900.20250220-2013\jars\maven-plugin-api-3.9.9.jar
2025-08-31 22:48:28,320 [Worker-3: Launching Executing verify in C__Users_SRUTHI_Documents_atm_ATM-Project] INFO  o.eclipse.m2e.core.internal.Bundles - 	Entry: C:\STS\sts-4.31.0.RELEASE\plugins\org.eclipse.m2e.maven.runtime_3.9.900.20250220-2013\jars\maven-repository-metadata-3.9.9.jar
2025-08-31 22:48:28,320 [Worker-3: Launching Executing verify in C__Users_SRUTHI_Documents_atm_ATM-Project] INFO  o.eclipse.m2e.core.internal.Bundles - 	Entry: C:\STS\sts-4.31.0.RELEASE\plugins\org.eclipse.m2e.maven.runtime_3.9.900.20250220-2013\jars\maven-resolver-api-1.9.22.jar
2025-08-31 22:48:28,320 [Worker-3: Launching Executing verify in C__Users_SRUTHI_Documents_atm_ATM-Project] INFO  o.eclipse.m2e.core.internal.Bundles - 	Entry: C:\STS\sts-4.31.0.RELEASE\plugins\org.eclipse.m2e.maven.runtime_3.9.900.20250220-2013\jars\maven-resolver-connector-basic-1.9.22.jar
2025-08-31 22:48:28,321 [Worker-3: Launching Executing verify in C__Users_SRUTHI_Documents_atm_ATM-Project] INFO  o.eclipse.m2e.core.internal.Bundles - 	Entry: C:\STS\sts-4.31.0.RELEASE\plugins\org.eclipse.m2e.maven.runtime_3.9.900.20250220-2013\jars\maven-resolver-impl-1.9.22.jar
2025-08-31 22:48:28,321 [Worker-3: Launching Executing verify in C__Users_SRUTHI_Documents_atm_ATM-Project] INFO  o.eclipse.m2e.core.internal.Bundles - 	Entry: C:\STS\sts-4.31.0.RELEASE\plugins\org.eclipse.m2e.maven.runtime_3.9.900.20250220-2013\jars\maven-resolver-named-locks-1.9.22.jar
2025-08-31 22:48:28,321 [Worker-3: Launching Executing verify in C__Users_SRUTHI_Documents_atm_ATM-Project] INFO  o.eclipse.m2e.core.internal.Bundles - 	Entry: C:\STS\sts-4.31.0.RELEASE\plugins\org.eclipse.m2e.maven.runtime_3.9.900.20250220-2013\jars\maven-resolver-provider-3.9.9.jar
2025-08-31 22:48:28,321 [Worker-3: Launching Executing verify in C__Users_SRUTHI_Documents_atm_ATM-Project] INFO  o.eclipse.m2e.core.internal.Bundles - 	Entry: C:\STS\sts-4.31.0.RELEASE\plugins\org.eclipse.m2e.maven.runtime_3.9.900.20250220-2013\jars\maven-resolver-spi-1.9.22.jar
2025-08-31 22:48:28,322 [Worker-3: Launching Executing verify in C__Users_SRUTHI_Documents_atm_ATM-Project] INFO  o.eclipse.m2e.core.internal.Bundles - 	Entry: C:\STS\sts-4.31.0.RELEASE\plugins\org.eclipse.m2e.maven.runtime_3.9.900.20250220-2013\jars\maven-resolver-transport-file-1.9.22.jar
2025-08-31 22:48:28,322 [Worker-3: Launching Executing verify in C__Users_SRUTHI_Documents_atm_ATM-Project] INFO  o.eclipse.m2e.core.internal.Bundles - 	Entry: C:\STS\sts-4.31.0.RELEASE\plugins\org.eclipse.m2e.maven.runtime_3.9.900.20250220-2013\jars\maven-resolver-transport-http-1.9.22.jar
2025-08-31 22:48:28,323 [Worker-3: Launching Executing verify in C__Users_SRUTHI_Documents_atm_ATM-Project] INFO  o.eclipse.m2e.core.internal.Bundles - 	Entry: C:\STS\sts-4.31.0.RELEASE\plugins\org.eclipse.m2e.maven.runtime_3.9.900.20250220-2013\jars\maven-resolver-transport-wagon-1.9.22.jar
2025-08-31 22:48:28,323 [Worker-3: Launching Executing verify in C__Users_SRUTHI_Documents_atm_ATM-Project] INFO  o.eclipse.m2e.core.internal.Bundles - 	Entry: C:\STS\sts-4.31.0.RELEASE\plugins\org.eclipse.m2e.maven.runtime_3.9.900.20250220-2013\jars\maven-resolver-util-1.9.22.jar
2025-08-31 22:48:28,323 [Worker-3: Launching Executing verify in C__Users_SRUTHI_Documents_atm_ATM-Project] INFO  o.eclipse.m2e.core.internal.Bundles - 	Entry: C:\STS\sts-4.31.0.RELEASE\plugins\org.eclipse.m2e.maven.runtime_3.9.900.20250220-2013\jars\maven-settings-3.9.9.jar
2025-08-31 22:48:28,323 [Worker-3: Launching Executing verify in C__Users_SRUTHI_Documents_atm_ATM-Project] INFO  o.eclipse.m2e.core.internal.Bundles - 	Entry: C:\STS\sts-4.31.0.RELEASE\plugins\org.eclipse.m2e.maven.runtime_3.9.900.20250220-2013\jars\maven-settings-builder-3.9.9.jar
2025-08-31 22:48:28,324 [Worker-3: Launching Executing verify in C__Users_SRUTHI_Documents_atm_ATM-Project] INFO  o.eclipse.m2e.core.internal.Bundles - 	Entry: C:\STS\sts-4.31.0.RELEASE\plugins\org.eclipse.m2e.maven.runtime_3.9.900.20250220-2013\jars\maven-shared-utils-3.4.2.jar
2025-08-31 22:48:28,324 [Worker-3: Launching Executing verify in C__Users_SRUTHI_Documents_atm_ATM-Project] INFO  o.eclipse.m2e.core.internal.Bundles - 	Entry: C:\STS\sts-4.31.0.RELEASE\plugins\org.eclipse.m2e.maven.runtime_3.9.900.20250220-2013\jars\org.eclipse.sisu.inject-0.9.0.M3.jar
2025-08-31 22:48:28,324 [Worker-3: Launching Executing verify in C__Users_SRUTHI_Documents_atm_ATM-Project] INFO  o.eclipse.m2e.core.internal.Bundles - 	Entry: C:\STS\sts-4.31.0.RELEASE\plugins\org.eclipse.m2e.maven.runtime_3.9.900.20250220-2013\jars\org.eclipse.sisu.plexus-0.9.0.M3.jar
2025-08-31 22:48:28,324 [Worker-3: Launching Executing verify in C__Users_SRUTHI_Documents_atm_ATM-Project] INFO  o.eclipse.m2e.core.internal.Bundles - 	Entry: C:\STS\sts-4.31.0.RELEASE\plugins\org.eclipse.m2e.maven.runtime_3.9.900.20250220-2013\jars\plexus-build-api-0.0.7.jar
2025-08-31 22:48:28,325 [Worker-3: Launching Executing verify in C__Users_SRUTHI_Documents_atm_ATM-Project] INFO  o.eclipse.m2e.core.internal.Bundles - 	Entry: C:\STS\sts-4.31.0.RELEASE\plugins\org.eclipse.m2e.maven.runtime_3.9.900.20250220-2013\jars\plexus-build-api-1.2.0.jar
2025-08-31 22:48:28,325 [Worker-3: Launching Executing verify in C__Users_SRUTHI_Documents_atm_ATM-Project] INFO  o.eclipse.m2e.core.internal.Bundles - 	Entry: C:\STS\sts-4.31.0.RELEASE\plugins\org.eclipse.m2e.maven.runtime_3.9.900.20250220-2013\jars\plexus-cipher-2.0.jar
2025-08-31 22:48:28,326 [Worker-3: Launching Executing verify in C__Users_SRUTHI_Documents_atm_ATM-Project] INFO  o.eclipse.m2e.core.internal.Bundles - 	Entry: C:\STS\sts-4.31.0.RELEASE\plugins\org.eclipse.m2e.maven.runtime_3.9.900.20250220-2013\jars\plexus-classworlds-2.8.0.jar
2025-08-31 22:48:28,326 [Worker-3: Launching Executing verify in C__Users_SRUTHI_Documents_atm_ATM-Project] INFO  o.eclipse.m2e.core.internal.Bundles - 	Entry: C:\STS\sts-4.31.0.RELEASE\plugins\org.eclipse.m2e.maven.runtime_3.9.900.20250220-2013\jars\plexus-component-annotations-2.1.0.jar
2025-08-31 22:48:28,326 [Worker-3: Launching Executing verify in C__Users_SRUTHI_Documents_atm_ATM-Project] INFO  o.eclipse.m2e.core.internal.Bundles - 	Entry: C:\STS\sts-4.31.0.RELEASE\plugins\org.eclipse.m2e.maven.runtime_3.9.900.20250220-2013\jars\plexus-interpolation-1.27.jar
2025-08-31 22:48:28,326 [Worker-3: Launching Executing verify in C__Users_SRUTHI_Documents_atm_ATM-Project] INFO  o.eclipse.m2e.core.internal.Bundles - 	Entry: C:\STS\sts-4.31.0.RELEASE\plugins\org.eclipse.m2e.maven.runtime_3.9.900.20250220-2013\jars\plexus-sec-dispatcher-2.0.jar
2025-08-31 22:48:28,327 [Worker-3: Launching Executing verify in C__Users_SRUTHI_Documents_atm_ATM-Project] INFO  o.eclipse.m2e.core.internal.Bundles - 	Entry: C:\STS\sts-4.31.0.RELEASE\plugins\org.eclipse.m2e.maven.runtime_3.9.900.20250220-2013\jars\plexus-utils-3.5.1.jar
2025-08-31 22:48:28,327 [Worker-3: Launching Executing verify in C__Users_SRUTHI_Documents_atm_ATM-Project] INFO  o.eclipse.m2e.core.internal.Bundles - 	Entry: C:\STS\sts-4.31.0.RELEASE\plugins\org.eclipse.m2e.maven.runtime_3.9.900.20250220-2013\jars\plexus-xml-3.0.1.jar
2025-08-31 22:48:28,327 [Worker-3: Launching Executing verify in C__Users_SRUTHI_Documents_atm_ATM-Project] INFO  o.eclipse.m2e.core.internal.Bundles - 	Entry: C:\STS\sts-4.31.0.RELEASE\plugins\org.eclipse.m2e.maven.runtime_3.9.900.20250220-2013\jars\wagon-file-3.5.3.jar
2025-08-31 22:48:28,327 [Worker-3: Launching Executing verify in C__Users_SRUTHI_Documents_atm_ATM-Project] INFO  o.eclipse.m2e.core.internal.Bundles - 	Entry: C:\STS\sts-4.31.0.RELEASE\plugins\org.eclipse.m2e.maven.runtime_3.9.900.20250220-2013\jars\wagon-http-3.5.3.jar
2025-08-31 22:48:28,327 [Worker-3: Launching Executing verify in C__Users_SRUTHI_Documents_atm_ATM-Project] INFO  o.eclipse.m2e.core.internal.Bundles - 	Entry: C:\STS\sts-4.31.0.RELEASE\plugins\org.eclipse.m2e.maven.runtime_3.9.900.20250220-2013\jars\wagon-http-shared-3.5.3.jar
2025-08-31 22:48:28,328 [Worker-3: Launching Executing verify in C__Users_SRUTHI_Documents_atm_ATM-Project] INFO  o.eclipse.m2e.core.internal.Bundles - 	Entry: C:\STS\sts-4.31.0.RELEASE\plugins\org.eclipse.m2e.maven.runtime_3.9.900.20250220-2013\jars\wagon-provider-api-3.5.3.jar
2025-08-31 22:48:28,329 [Worker-3: Launching Executing verify in C__Users_SRUTHI_Documents_atm_ATM-Project] INFO  o.eclipse.m2e.core.internal.Bundles - getClasspathEntries(Bundle=com.google.guava_33.4.8.jre [31])
2025-08-31 22:48:28,330 [Worker-3: Launching Executing verify in C__Users_SRUTHI_Documents_atm_ATM-Project] INFO  o.eclipse.m2e.core.internal.Bundles - 	Entry: C:\STS\sts-4.31.0.RELEASE\plugins\com.google.guava_33.4.8.jre.jar
2025-08-31 22:48:28,330 [Worker-3: Launching Executing verify in C__Users_SRUTHI_Documents_atm_ATM-Project] INFO  o.eclipse.m2e.core.internal.Bundles - getClasspathEntries(Bundle=slf4j.api_2.0.17 [613])
2025-08-31 22:48:28,330 [Worker-3: Launching Executing verify in C__Users_SRUTHI_Documents_atm_ATM-Project] INFO  o.eclipse.m2e.core.internal.Bundles - 	Entry: C:\STS\sts-4.31.0.RELEASE\plugins\slf4j.api_2.0.17.jar
2025-08-31 22:48:28,330 [Worker-3: Launching Executing verify in C__Users_SRUTHI_Documents_atm_ATM-Project] INFO  o.eclipse.m2e.core.internal.Bundles - getClasspathEntries(Bundle=jakarta.inject.jakarta.inject-api_1.0.5 [46])
2025-08-31 22:48:28,330 [Worker-3: Launching Executing verify in C__Users_SRUTHI_Documents_atm_ATM-Project] INFO  o.eclipse.m2e.core.internal.Bundles - 	Entry: C:\STS\sts-4.31.0.RELEASE\plugins\jakarta.inject.jakarta.inject-api_1.0.5.jar
2025-08-31 22:48:28,330 [Worker-3: Launching Executing verify in C__Users_SRUTHI_Documents_atm_ATM-Project] INFO  o.eclipse.m2e.core.internal.Bundles - getClasspathEntries(Bundle=javax.annotation_1.3.5.v20200909-1856 [55])
2025-08-31 22:48:28,331 [Worker-3: Launching Executing verify in C__Users_SRUTHI_Documents_atm_ATM-Project] INFO  o.eclipse.m2e.core.internal.Bundles - 	Entry: C:\STS\sts-4.31.0.RELEASE\plugins\javax.annotation_1.3.5.v20200909-1856.jar
2025-08-31 22:48:28,331 [Worker-3: Launching Executing verify in C__Users_SRUTHI_Documents_atm_ATM-Project] INFO  o.eclipse.m2e.core.internal.Bundles - getClasspathEntries(Bundle=org.apache.commons.cli_1.9.0 [79])
2025-08-31 22:48:28,331 [Worker-3: Launching Executing verify in C__Users_SRUTHI_Documents_atm_ATM-Project] INFO  o.eclipse.m2e.core.internal.Bundles - 	Entry: C:\STS\sts-4.31.0.RELEASE\plugins\org.apache.commons.cli_1.9.0.jar
2025-08-31 22:48:28,331 [Worker-3: Launching Executing verify in C__Users_SRUTHI_Documents_atm_ATM-Project] INFO  o.eclipse.m2e.core.internal.Bundles - getClasspathEntries(Bundle=org.apache.commons.commons-codec_1.16.0 [81])
2025-08-31 22:48:28,332 [Worker-3: Launching Executing verify in C__Users_SRUTHI_Documents_atm_ATM-Project] INFO  o.eclipse.m2e.core.internal.Bundles - 	Entry: C:\STS\sts-4.31.0.RELEASE\plugins\org.apache.commons.commons-codec_1.16.0.jar
2025-08-31 22:48:28,332 [Worker-3: Launching Executing verify in C__Users_SRUTHI_Documents_atm_ATM-Project] INFO  o.eclipse.m2e.core.internal.Bundles - getClasspathEntries(Bundle=com.google.guava.failureaccess_1.0.3 [32])
2025-08-31 22:48:28,333 [Worker-3: Launching Executing verify in C__Users_SRUTHI_Documents_atm_ATM-Project] INFO  o.eclipse.m2e.core.internal.Bundles - 	Entry: C:\STS\sts-4.31.0.RELEASE\plugins\com.google.guava.failureaccess_1.0.3.jar
2025-08-31 22:48:28,337 [Worker-3: Launching Executing verify in C__Users_SRUTHI_Documents_atm_ATM-Project] INFO  o.e.m.i.launch.MavenLaunchDelegate - Run build in "C:\Users\SRUTHI\Documents\atm\ATM-Project":
2025-08-31 22:48:28,337 [Worker-3: Launching Executing verify in C__Users_SRUTHI_Documents_atm_ATM-Project] INFO  o.e.m.i.launch.MavenLaunchDelegate -  mvn  -Ppom.xml -B -Dstyle.color=always verify
2025-08-31 22:53:42,703 [Worker-20: Building] INFO  o.a.m.s.f.DefaultMavenResourcesFiltering - Copying 1 resource from src\main\resources to target\classes
2025-08-31 22:53:42,715 [Worker-20: Building] INFO  o.a.m.s.f.DefaultMavenResourcesFiltering - Copying 0 resource from src\main\resources to target\classes
2025-08-31 22:53:42,721 [Worker-20: Building] INFO  o.a.m.s.f.DefaultMavenResourcesFiltering - skip non existing resourceDirectory C:\Users\SRUTHI\Documents\atm\ATM-Project\src\test\resources
2025-08-31 22:53:52,512 [Worker-18: Building] INFO  o.a.m.s.f.DefaultMavenResourcesFiltering - Copying 1 resource from src\main\resources to target\classes
2025-08-31 22:53:52,524 [Worker-18: Building] INFO  o.a.m.s.f.DefaultMavenResourcesFiltering - Copying 0 resource from src\main\resources to target\classes
2025-08-31 22:53:52,528 [Worker-18: Building] INFO  o.a.m.s.f.DefaultMavenResourcesFiltering - skip non existing resourceDirectory C:\Users\SRUTHI\Documents\atm\ATM-Project\src\test\resources
2025-08-31 22:54:04,180 [Worker-15: Building] INFO  o.a.m.s.f.DefaultMavenResourcesFiltering - Copying 1 resource from src\main\resources to target\classes
2025-08-31 22:54:04,187 [Worker-15: Building] INFO  o.a.m.s.f.DefaultMavenResourcesFiltering - Copying 0 resource from src\main\resources to target\classes
2025-08-31 22:54:04,190 [Worker-15: Building] INFO  o.a.m.s.f.DefaultMavenResourcesFiltering - skip non existing resourceDirectory C:\Users\SRUTHI\Documents\atm\ATM-Project\src\test\resources
2025-08-31 22:54:29,414 [Worker-19: Building] INFO  o.a.m.s.f.DefaultMavenResourcesFiltering - Copying 1 resource from src\main\resources to target\classes
2025-08-31 22:54:29,415 [Worker-19: Building] INFO  o.a.m.s.f.DefaultMavenResourcesFiltering - Copying 0 resource from src\main\resources to target\classes
2025-08-31 22:54:29,419 [Worker-19: Building] INFO  o.a.m.s.f.DefaultMavenResourcesFiltering - skip non existing resourceDirectory C:\Users\SRUTHI\Documents\atm\ATM-Project\src\test\resources
2025-08-31 22:55:18,018 [Worker-15: Building] INFO  o.a.m.s.f.DefaultMavenResourcesFiltering - Copying 1 resource from src\main\resources to target\classes
2025-08-31 22:55:18,024 [Worker-15: Building] INFO  o.a.m.s.f.DefaultMavenResourcesFiltering - Copying 0 resource from src\main\resources to target\classes
2025-08-31 22:55:18,027 [Worker-15: Building] INFO  o.a.m.s.f.DefaultMavenResourcesFiltering - skip non existing resourceDirectory C:\Users\SRUTHI\Documents\atm\ATM-Project\src\test\resources
2025-08-31 22:55:34,842 [Worker-20: Building] INFO  o.a.m.s.f.DefaultMavenResourcesFiltering - Copying 1 resource from src\main\resources to target\classes
2025-08-31 22:55:34,849 [Worker-20: Building] INFO  o.a.m.s.f.DefaultMavenResourcesFiltering - Copying 0 resource from src\main\resources to target\classes
2025-08-31 22:55:34,853 [Worker-20: Building] INFO  o.a.m.s.f.DefaultMavenResourcesFiltering - skip non existing resourceDirectory C:\Users\SRUTHI\Documents\atm\ATM-Project\src\test\resources
2025-08-31 22:57:44,902 [Worker-19: Building] INFO  o.a.m.s.f.DefaultMavenResourcesFiltering - Copying 1 resource from src\main\resources to target\classes
2025-08-31 22:57:44,911 [Worker-19: Building] INFO  o.a.m.s.f.DefaultMavenResourcesFiltering - Copying 0 resource from src\main\resources to target\classes
2025-08-31 22:57:44,916 [Worker-19: Building] INFO  o.a.m.s.f.DefaultMavenResourcesFiltering - skip non existing resourceDirectory C:\Users\SRUTHI\Documents\atm\ATM-Project\src\test\resources
2025-08-31 23:03:54,493 [Worker-19: Building] INFO  o.a.m.s.f.DefaultMavenResourcesFiltering - Copying 1 resource from src\main\resources to target\classes
2025-08-31 23:03:54,503 [Worker-19: Building] INFO  o.a.m.s.f.DefaultMavenResourcesFiltering - Copying 0 resource from src\main\resources to target\classes
2025-08-31 23:03:54,507 [Worker-19: Building] INFO  o.a.m.s.f.DefaultMavenResourcesFiltering - skip non existing resourceDirectory C:\Users\SRUTHI\Documents\atm\ATM-Project\src\test\resources
2025-08-31 23:04:09,501 [Worker-22: Building] INFO  o.a.m.s.f.DefaultMavenResourcesFiltering - Copying 1 resource from src\main\resources to target\classes
2025-08-31 23:04:09,515 [Worker-22: Building] INFO  o.a.m.s.f.DefaultMavenResourcesFiltering - Copying 0 resource from src\main\resources to target\classes
2025-08-31 23:04:09,519 [Worker-22: Building] INFO  o.a.m.s.f.DefaultMavenResourcesFiltering - skip non existing resourceDirectory C:\Users\SRUTHI\Documents\atm\ATM-Project\src\test\resources
2025-08-31 23:04:21,966 [Worker-21: Building] INFO  o.a.m.s.f.DefaultMavenResourcesFiltering - Copying 1 resource from src\main\resources to target\classes
2025-08-31 23:04:21,975 [Worker-21: Building] INFO  o.a.m.s.f.DefaultMavenResourcesFiltering - Copying 0 resource from src\main\resources to target\classes
2025-08-31 23:04:21,978 [Worker-21: Building] INFO  o.a.m.s.f.DefaultMavenResourcesFiltering - skip non existing resourceDirectory C:\Users\SRUTHI\Documents\atm\ATM-Project\src\test\resources
2025-08-31 23:04:36,326 [Worker-17: Building] INFO  o.a.m.s.f.DefaultMavenResourcesFiltering - Copying 1 resource from src\main\resources to target\classes
2025-08-31 23:04:36,334 [Worker-17: Building] INFO  o.a.m.s.f.DefaultMavenResourcesFiltering - Copying 0 resource from src\main\resources to target\classes
2025-08-31 23:04:36,337 [Worker-17: Building] INFO  o.a.m.s.f.DefaultMavenResourcesFiltering - skip non existing resourceDirectory C:\Users\SRUTHI\Documents\atm\ATM-Project\src\test\resources
2025-08-31 23:05:19,556 [Worker-3: Building] INFO  o.a.m.s.f.DefaultMavenResourcesFiltering - Copying 1 resource from src\main\resources to target\classes
2025-08-31 23:05:19,563 [Worker-3: Building] INFO  o.a.m.s.f.DefaultMavenResourcesFiltering - Copying 0 resource from src\main\resources to target\classes
2025-08-31 23:05:19,567 [Worker-3: Building] INFO  o.a.m.s.f.DefaultMavenResourcesFiltering - skip non existing resourceDirectory C:\Users\SRUTHI\Documents\atm\ATM-Project\src\test\resources
2025-08-31 23:05:22,745 [Worker-15: Building] INFO  o.a.m.s.f.DefaultMavenResourcesFiltering - Copying 1 resource from src\main\resources to target\classes
2025-08-31 23:05:22,750 [Worker-15: Building] INFO  o.a.m.s.f.DefaultMavenResourcesFiltering - Copying 0 resource from src\main\resources to target\classes
2025-08-31 23:05:22,754 [Worker-15: Building] INFO  o.a.m.s.f.DefaultMavenResourcesFiltering - skip non existing resourceDirectory C:\Users\SRUTHI\Documents\atm\ATM-Project\src\test\resources
2025-08-31 23:05:39,973 [Start Help Server] INFO  org.eclipse.jetty.server.Server - jetty-12.0.21; built: 2025-05-09T00:32:00.688Z; git: 1c4719601e31b05b7d68910d2edd980259f1f53c; jvm 21.0.7+6-LTS
2025-08-31 23:05:40,054 [Start Help Server] INFO  o.e.j.server.handler.ContextHandler - Started oeje8n.ContextHandler$CoreContextHandler@a503544{/help,/help,b=null,a=AVAILABLE,h=oeje8n.ContextHandler$CoreContextHandler$CoreToNestedHandler@125db0ed{STARTED}}
2025-08-31 23:05:40,055 [Start Help Server] INFO  o.e.j.s.DefaultSessionIdManager - Session workerName=node0
2025-08-31 23:05:40,091 [Start Help Server] INFO  o.e.jetty.server.AbstractConnector - Started ServerConnector@457b9b49{HTTP/1.1, (http/1.1)}{127.0.0.1:60744}
2025-08-31 23:05:40,114 [Start Help Server] INFO  org.eclipse.jetty.server.Server - Started oejs.Server@24d7f51a{STARTING}[12.0.21,sto=0] @4547492ms
2025-08-31 23:05:47,449 [Worker-3: Building] INFO  o.a.m.s.f.DefaultMavenResourcesFiltering - Copying 1 resource from src\main\resources to target\classes
2025-08-31 23:05:47,455 [Worker-3: Building] INFO  o.a.m.s.f.DefaultMavenResourcesFiltering - Copying 0 resource from src\main\resources to target\classes
2025-08-31 23:05:47,459 [Worker-3: Building] INFO  o.a.m.s.f.DefaultMavenResourcesFiltering - skip non existing resourceDirectory C:\Users\SRUTHI\Documents\atm\ATM-Project\src\test\resources
2025-08-31 23:06:38,958 [Worker-17: Building] INFO  o.a.m.s.f.DefaultMavenResourcesFiltering - Copying 1 resource from src\main\resources to target\classes
2025-08-31 23:06:38,972 [Worker-17: Building] INFO  o.a.m.s.f.DefaultMavenResourcesFiltering - Copying 0 resource from src\main\resources to target\classes
2025-08-31 23:06:38,975 [Worker-17: Building] INFO  o.a.m.s.f.DefaultMavenResourcesFiltering - skip non existing resourceDirectory C:\Users\SRUTHI\Documents\atm\ATM-Project\src\test\resources
2025-08-31 23:09:35,381 [Worker-23: Building] INFO  o.a.m.s.f.DefaultMavenResourcesFiltering - Copying 1 resource from src\main\resources to target\classes
2025-08-31 23:09:35,446 [Worker-23: Building] INFO  o.a.m.s.f.DefaultMavenResourcesFiltering - Copying 0 resource from src\main\resources to target\classes
2025-08-31 23:09:35,452 [Worker-23: Building] INFO  o.a.m.s.f.DefaultMavenResourcesFiltering - skip non existing resourceDirectory C:\Users\SRUTHI\Documents\atm\ATM-Project\src\test\resources
2025-08-31 23:09:50,705 [Worker-17: Building] INFO  o.a.m.s.f.DefaultMavenResourcesFiltering - Copying 1 resource from src\main\resources to target\classes
2025-08-31 23:09:50,717 [Worker-17: Building] INFO  o.a.m.s.f.DefaultMavenResourcesFiltering - Copying 0 resource from src\main\resources to target\classes
2025-08-31 23:09:50,721 [Worker-17: Building] INFO  o.a.m.s.f.DefaultMavenResourcesFiltering - skip non existing resourceDirectory C:\Users\SRUTHI\Documents\atm\ATM-Project\src\test\resources
2025-08-31 23:10:48,866 [Worker-15: Building] INFO  o.a.m.s.f.DefaultMavenResourcesFiltering - Copying 1 resource from src\main\resources to target\classes
2025-08-31 23:10:48,876 [Worker-15: Building] INFO  o.a.m.s.f.DefaultMavenResourcesFiltering - Copying 0 resource from src\main\resources to target\classes
2025-08-31 23:10:48,879 [Worker-15: Building] INFO  o.a.m.s.f.DefaultMavenResourcesFiltering - skip non existing resourceDirectory C:\Users\SRUTHI\Documents\atm\ATM-Project\src\test\resources
2025-08-31 23:11:07,446 [Worker-23: Building] INFO  o.a.m.s.f.DefaultMavenResourcesFiltering - Copying 1 resource from src\main\resources to target\classes
2025-08-31 23:11:07,454 [Worker-23: Building] INFO  o.a.m.s.f.DefaultMavenResourcesFiltering - Copying 0 resource from src\main\resources to target\classes
2025-08-31 23:11:07,458 [Worker-23: Building] INFO  o.a.m.s.f.DefaultMavenResourcesFiltering - skip non existing resourceDirectory C:\Users\SRUTHI\Documents\atm\ATM-Project\src\test\resources
2025-08-31 23:11:20,536 [Worker-25: Building] INFO  o.a.m.s.f.DefaultMavenResourcesFiltering - Copying 1 resource from src\main\resources to target\classes
2025-08-31 23:11:20,542 [Worker-25: Building] INFO  o.a.m.s.f.DefaultMavenResourcesFiltering - Copying 0 resource from src\main\resources to target\classes
2025-08-31 23:11:20,544 [Worker-25: Building] INFO  o.a.m.s.f.DefaultMavenResourcesFiltering - skip non existing resourceDirectory C:\Users\SRUTHI\Documents\atm\ATM-Project\src\test\resources
2025-08-31 23:11:43,663 [Worker-17: Building] INFO  o.a.m.s.f.DefaultMavenResourcesFiltering - Copying 1 resource from src\main\resources to target\classes
2025-08-31 23:11:43,671 [Worker-17: Building] INFO  o.a.m.s.f.DefaultMavenResourcesFiltering - Copying 0 resource from src\main\resources to target\classes
2025-08-31 23:11:43,675 [Worker-17: Building] INFO  o.a.m.s.f.DefaultMavenResourcesFiltering - skip non existing resourceDirectory C:\Users\SRUTHI\Documents\atm\ATM-Project\src\test\resources
2025-08-31 23:12:30,655 [Worker-18: Building] INFO  o.a.m.s.f.DefaultMavenResourcesFiltering - Copying 1 resource from src\main\resources to target\classes
2025-08-31 23:12:30,660 [Worker-18: Building] INFO  o.a.m.s.f.DefaultMavenResourcesFiltering - Copying 0 resource from src\main\resources to target\classes
2025-08-31 23:12:30,664 [Worker-18: Building] INFO  o.a.m.s.f.DefaultMavenResourcesFiltering - skip non existing resourceDirectory C:\Users\SRUTHI\Documents\atm\ATM-Project\src\test\resources
2025-08-31 23:13:41,015 [Worker-25: Building] INFO  o.a.m.s.f.DefaultMavenResourcesFiltering - Copying 1 resource from src\main\resources to target\classes
2025-08-31 23:13:41,027 [Worker-25: Building] INFO  o.a.m.s.f.DefaultMavenResourcesFiltering - Copying 0 resource from src\main\resources to target\classes
2025-08-31 23:13:41,031 [Worker-25: Building] INFO  o.a.m.s.f.DefaultMavenResourcesFiltering - skip non existing resourceDirectory C:\Users\SRUTHI\Documents\atm\ATM-Project\src\test\resources
2025-08-31 23:15:08,924 [Worker-22: Building] INFO  o.a.m.s.f.DefaultMavenResourcesFiltering - Copying 0 resource from src\main\resources to target\classes
2025-08-31 23:15:08,926 [Worker-22: Building] INFO  o.a.m.s.f.DefaultMavenResourcesFiltering - Copying 0 resource from src\main\resources to target\classes
2025-08-31 23:15:08,929 [Worker-22: Building] INFO  o.a.m.s.f.DefaultMavenResourcesFiltering - skip non existing resourceDirectory C:\Users\SRUTHI\Documents\atm\ATM-Project\src\test\resources
2025-08-31 23:15:30,078 [Worker-25: Building] INFO  o.a.m.s.f.DefaultMavenResourcesFiltering - Copying 1 resource from src\main\resources to target\classes
2025-08-31 23:15:30,089 [Worker-25: Building] INFO  o.a.m.s.f.DefaultMavenResourcesFiltering - Copying 0 resource from src\main\resources to target\classes
2025-08-31 23:15:30,093 [Worker-25: Building] INFO  o.a.m.s.f.DefaultMavenResourcesFiltering - skip non existing resourceDirectory C:\Users\SRUTHI\Documents\atm\ATM-Project\src\test\resources
2025-08-31 23:15:44,173 [Worker-22: Building] INFO  o.a.m.s.f.DefaultMavenResourcesFiltering - Copying 1 resource from src\main\resources to target\classes
2025-08-31 23:15:44,183 [Worker-22: Building] INFO  o.a.m.s.f.DefaultMavenResourcesFiltering - Copying 0 resource from src\main\resources to target\classes
2025-08-31 23:15:44,186 [Worker-22: Building] INFO  o.a.m.s.f.DefaultMavenResourcesFiltering - skip non existing resourceDirectory C:\Users\SRUTHI\Documents\atm\ATM-Project\src\test\resources
2025-08-31 23:21:33,920 [Worker-19: Building] INFO  o.a.m.s.f.DefaultMavenResourcesFiltering - Copying 1 resource from src\main\resources to target\classes
2025-08-31 23:21:33,932 [Worker-19: Building] INFO  o.a.m.s.f.DefaultMavenResourcesFiltering - Copying 0 resource from src\main\resources to target\classes
2025-08-31 23:21:33,936 [Worker-19: Building] INFO  o.a.m.s.f.DefaultMavenResourcesFiltering - skip non existing resourceDirectory C:\Users\SRUTHI\Documents\atm\ATM-Project\src\test\resources
2025-08-31 23:23:16,341 [Worker-25: Building] INFO  o.a.m.s.f.DefaultMavenResourcesFiltering - Copying 1 resource from src\main\resources to target\classes
2025-08-31 23:23:16,347 [Worker-25: Building] INFO  o.a.m.s.f.DefaultMavenResourcesFiltering - Copying 0 resource from src\main\resources to target\classes
2025-08-31 23:23:16,351 [Worker-25: Building] INFO  o.a.m.s.f.DefaultMavenResourcesFiltering - skip non existing resourceDirectory C:\Users\SRUTHI\Documents\atm\ATM-Project\src\test\resources
2025-08-31 23:23:50,696 [Worker-18: Building] INFO  o.a.m.s.f.DefaultMavenResourcesFiltering - Copying 1 resource from src\main\resources to target\classes
2025-08-31 23:23:50,702 [Worker-18: Building] INFO  o.a.m.s.f.DefaultMavenResourcesFiltering - Copying 0 resource from src\main\resources to target\classes
2025-08-31 23:23:50,707 [Worker-18: Building] INFO  o.a.m.s.f.DefaultMavenResourcesFiltering - skip non existing resourceDirectory C:\Users\SRUTHI\Documents\atm\ATM-Project\src\test\resources
2025-08-31 23:24:14,009 [Worker-25: Building] INFO  o.a.m.s.f.DefaultMavenResourcesFiltering - Copying 1 resource from src\main\resources to target\classes
2025-08-31 23:24:14,014 [Worker-25: Building] INFO  o.a.m.s.f.DefaultMavenResourcesFiltering - Copying 0 resource from src\main\resources to target\classes
2025-08-31 23:24:14,017 [Worker-25: Building] INFO  o.a.m.s.f.DefaultMavenResourcesFiltering - skip non existing resourceDirectory C:\Users\SRUTHI\Documents\atm\ATM-Project\src\test\resources
2025-08-31 23:24:57,753 [Worker-23: Building] INFO  o.a.m.s.f.DefaultMavenResourcesFiltering - Copying 1 resource from src\main\resources to target\classes
2025-08-31 23:24:57,764 [Worker-23: Building] INFO  o.a.m.s.f.DefaultMavenResourcesFiltering - Copying 0 resource from src\main\resources to target\classes
2025-08-31 23:24:57,768 [Worker-23: Building] INFO  o.a.m.s.f.DefaultMavenResourcesFiltering - skip non existing resourceDirectory C:\Users\SRUTHI\Documents\atm\ATM-Project\src\test\resources
2025-08-31 23:26:17,930 [Worker-19: Building] INFO  o.a.m.s.f.DefaultMavenResourcesFiltering - Copying 1 resource from src\main\resources to target\classes
2025-08-31 23:26:17,939 [Worker-19: Building] INFO  o.a.m.s.f.DefaultMavenResourcesFiltering - Copying 0 resource from src\main\resources to target\classes
2025-08-31 23:26:17,943 [Worker-19: Building] INFO  o.a.m.s.f.DefaultMavenResourcesFiltering - skip non existing resourceDirectory C:\Users\SRUTHI\Documents\atm\ATM-Project\src\test\resources
2025-08-31 23:37:23,020 [Worker-22: Building] INFO  o.a.m.s.f.DefaultMavenResourcesFiltering - Copying 1 resource from src\main\resources to target\classes
2025-08-31 23:37:23,035 [Worker-22: Building] INFO  o.a.m.s.f.DefaultMavenResourcesFiltering - Copying 0 resource from src\main\resources to target\classes
2025-08-31 23:37:23,039 [Worker-22: Building] INFO  o.a.m.s.f.DefaultMavenResourcesFiltering - skip non existing resourceDirectory C:\Users\SRUTHI\Documents\atm\ATM-Project\src\test\resources
2025-08-31 23:37:33,141 [Worker-18: Building] INFO  o.a.m.s.f.DefaultMavenResourcesFiltering - Copying 1 resource from src\main\resources to target\classes
2025-08-31 23:37:33,151 [Worker-18: Building] INFO  o.a.m.s.f.DefaultMavenResourcesFiltering - Copying 0 resource from src\main\resources to target\classes
2025-08-31 23:37:33,154 [Worker-18: Building] INFO  o.a.m.s.f.DefaultMavenResourcesFiltering - skip non existing resourceDirectory C:\Users\SRUTHI\Documents\atm\ATM-Project\src\test\resources
2025-08-31 23:37:43,490 [Worker-23: Building] INFO  o.a.m.s.f.DefaultMavenResourcesFiltering - Copying 1 resource from src\main\resources to target\classes
2025-08-31 23:37:43,501 [Worker-23: Building] INFO  o.a.m.s.f.DefaultMavenResourcesFiltering - Copying 0 resource from src\main\resources to target\classes
2025-08-31 23:37:43,505 [Worker-23: Building] INFO  o.a.m.s.f.DefaultMavenResourcesFiltering - skip non existing resourceDirectory C:\Users\SRUTHI\Documents\atm\ATM-Project\src\test\resources
2025-08-31 23:37:52,268 [Worker-25: Building] INFO  o.a.m.s.f.DefaultMavenResourcesFiltering - Copying 1 resource from src\main\resources to target\classes
2025-08-31 23:37:52,287 [Worker-25: Building] INFO  o.a.m.s.f.DefaultMavenResourcesFiltering - Copying 0 resource from src\main\resources to target\classes
2025-08-31 23:37:52,291 [Worker-25: Building] INFO  o.a.m.s.f.DefaultMavenResourcesFiltering - skip non existing resourceDirectory C:\Users\SRUTHI\Documents\atm\ATM-Project\src\test\resources
2025-08-31 23:38:06,840 [Worker-26: Building] INFO  o.a.m.s.f.DefaultMavenResourcesFiltering - Copying 1 resource from src\main\resources to target\classes
2025-08-31 23:38:06,845 [Worker-26: Building] INFO  o.a.m.s.f.DefaultMavenResourcesFiltering - Copying 0 resource from src\main\resources to target\classes
2025-08-31 23:38:06,848 [Worker-26: Building] INFO  o.a.m.s.f.DefaultMavenResourcesFiltering - skip non existing resourceDirectory C:\Users\SRUTHI\Documents\atm\ATM-Project\src\test\resources
2025-08-31 23:38:17,346 [Worker-15: Building] INFO  o.a.m.s.f.DefaultMavenResourcesFiltering - Copying 1 resource from src\main\resources to target\classes
2025-08-31 23:38:17,352 [Worker-15: Building] INFO  o.a.m.s.f.DefaultMavenResourcesFiltering - Copying 0 resource from src\main\resources to target\classes
2025-08-31 23:38:17,359 [Worker-15: Building] INFO  o.a.m.s.f.DefaultMavenResourcesFiltering - skip non existing resourceDirectory C:\Users\SRUTHI\Documents\atm\ATM-Project\src\test\resources
2025-08-31 23:38:31,566 [Worker-27: Building] INFO  o.a.m.s.f.DefaultMavenResourcesFiltering - Copying 1 resource from src\main\resources to target\classes
2025-08-31 23:38:31,573 [Worker-27: Building] INFO  o.a.m.s.f.DefaultMavenResourcesFiltering - Copying 0 resource from src\main\resources to target\classes
2025-08-31 23:38:31,578 [Worker-27: Building] INFO  o.a.m.s.f.DefaultMavenResourcesFiltering - skip non existing resourceDirectory C:\Users\SRUTHI\Documents\atm\ATM-Project\src\test\resources
2025-08-31 23:38:55,897 [Worker-3: Building] INFO  o.a.m.s.f.DefaultMavenResourcesFiltering - Copying 1 resource from src\main\resources to target\classes
2025-08-31 23:38:55,904 [Worker-3: Building] INFO  o.a.m.s.f.DefaultMavenResourcesFiltering - Copying 0 resource from src\main\resources to target\classes
2025-08-31 23:38:55,907 [Worker-3: Building] INFO  o.a.m.s.f.DefaultMavenResourcesFiltering - skip non existing resourceDirectory C:\Users\SRUTHI\Documents\atm\ATM-Project\src\test\resources
2025-08-31 23:39:06,512 [Worker-3: Building] INFO  o.a.m.s.f.DefaultMavenResourcesFiltering - Copying 1 resource from src\main\resources to target\classes
2025-08-31 23:39:06,519 [Worker-3: Building] INFO  o.a.m.s.f.DefaultMavenResourcesFiltering - Copying 0 resource from src\main\resources to target\classes
2025-08-31 23:39:06,522 [Worker-3: Building] INFO  o.a.m.s.f.DefaultMavenResourcesFiltering - skip non existing resourceDirectory C:\Users\SRUTHI\Documents\atm\ATM-Project\src\test\resources
2025-08-31 23:39:18,440 [Worker-3: Building] INFO  o.a.m.s.f.DefaultMavenResourcesFiltering - Copying 1 resource from src\main\resources to target\classes
2025-08-31 23:39:18,450 [Worker-3: Building] INFO  o.a.m.s.f.DefaultMavenResourcesFiltering - Copying 0 resource from src\main\resources to target\classes
2025-08-31 23:39:18,455 [Worker-3: Building] INFO  o.a.m.s.f.DefaultMavenResourcesFiltering - skip non existing resourceDirectory C:\Users\SRUTHI\Documents\atm\ATM-Project\src\test\resources
2025-08-31 23:39:31,029 [Worker-15: Building] INFO  o.a.m.s.f.DefaultMavenResourcesFiltering - Copying 1 resource from src\main\resources to target\classes
2025-08-31 23:39:31,036 [Worker-15: Building] INFO  o.a.m.s.f.DefaultMavenResourcesFiltering - Copying 0 resource from src\main\resources to target\classes
2025-08-31 23:39:31,039 [Worker-15: Building] INFO  o.a.m.s.f.DefaultMavenResourcesFiltering - skip non existing resourceDirectory C:\Users\SRUTHI\Documents\atm\ATM-Project\src\test\resources
2025-08-31 23:39:40,238 [Worker-19: Building] INFO  o.a.m.s.f.DefaultMavenResourcesFiltering - Copying 1 resource from src\main\resources to target\classes
2025-08-31 23:39:40,261 [Worker-19: Building] INFO  o.a.m.s.f.DefaultMavenResourcesFiltering - Copying 0 resource from src\main\resources to target\classes
2025-08-31 23:39:40,265 [Worker-19: Building] INFO  o.a.m.s.f.DefaultMavenResourcesFiltering - skip non existing resourceDirectory C:\Users\SRUTHI\Documents\atm\ATM-Project\src\test\resources
2025-08-31 23:39:53,763 [Worker-22: Building] INFO  o.a.m.s.f.DefaultMavenResourcesFiltering - Copying 1 resource from src\main\resources to target\classes
2025-08-31 23:39:53,770 [Worker-22: Building] INFO  o.a.m.s.f.DefaultMavenResourcesFiltering - Copying 0 resource from src\main\resources to target\classes
2025-08-31 23:39:53,775 [Worker-22: Building] INFO  o.a.m.s.f.DefaultMavenResourcesFiltering - skip non existing resourceDirectory C:\Users\SRUTHI\Documents\atm\ATM-Project\src\test\resources
2025-08-31 23:40:33,089 [Worker-24: Building] INFO  o.a.m.s.f.DefaultMavenResourcesFiltering - Copying 1 resource from src\main\resources to target\classes
2025-08-31 23:40:33,096 [Worker-24: Building] INFO  o.a.m.s.f.DefaultMavenResourcesFiltering - Copying 0 resource from src\main\resources to target\classes
2025-08-31 23:40:33,099 [Worker-24: Building] INFO  o.a.m.s.f.DefaultMavenResourcesFiltering - skip non existing resourceDirectory C:\Users\SRUTHI\Documents\atm\ATM-Project\src\test\resources
2025-08-31 23:40:45,197 [Worker-27: Building] INFO  o.a.m.s.f.DefaultMavenResourcesFiltering - Copying 1 resource from src\main\resources to target\classes
2025-08-31 23:40:45,206 [Worker-27: Building] INFO  o.a.m.s.f.DefaultMavenResourcesFiltering - Copying 0 resource from src\main\resources to target\classes
2025-08-31 23:40:45,211 [Worker-27: Building] INFO  o.a.m.s.f.DefaultMavenResourcesFiltering - skip non existing resourceDirectory C:\Users\SRUTHI\Documents\atm\ATM-Project\src\test\resources
2025-08-31 23:40:56,789 [Worker-26: Building] INFO  o.a.m.s.f.DefaultMavenResourcesFiltering - Copying 1 resource from src\main\resources to target\classes
2025-08-31 23:40:56,798 [Worker-26: Building] INFO  o.a.m.s.f.DefaultMavenResourcesFiltering - Copying 0 resource from src\main\resources to target\classes
2025-08-31 23:40:56,802 [Worker-26: Building] INFO  o.a.m.s.f.DefaultMavenResourcesFiltering - skip non existing resourceDirectory C:\Users\SRUTHI\Documents\atm\ATM-Project\src\test\resources
2025-08-31 23:42:31,792 [Worker-15: Building] INFO  o.a.m.s.f.DefaultMavenResourcesFiltering - Copying 1 resource from src\main\resources to target\classes
2025-08-31 23:42:31,802 [Worker-15: Building] INFO  o.a.m.s.f.DefaultMavenResourcesFiltering - Copying 0 resource from src\main\resources to target\classes
2025-08-31 23:42:31,806 [Worker-15: Building] INFO  o.a.m.s.f.DefaultMavenResourcesFiltering - skip non existing resourceDirectory C:\Users\SRUTHI\Documents\atm\ATM-Project\src\test\resources
2025-08-31 23:44:08,275 [Worker-24: Building] INFO  o.a.m.s.f.DefaultMavenResourcesFiltering - Copying 1 resource from src\main\resources to target\classes
2025-08-31 23:44:08,283 [Worker-24: Building] INFO  o.a.m.s.f.DefaultMavenResourcesFiltering - Copying 0 resource from src\main\resources to target\classes
2025-08-31 23:44:08,290 [Worker-24: Building] INFO  o.a.m.s.f.DefaultMavenResourcesFiltering - skip non existing resourceDirectory C:\Users\SRUTHI\Documents\atm\ATM-Project\src\test\resources
2025-08-31 23:48:38,867 [Worker-24: Building] INFO  o.a.m.s.f.DefaultMavenResourcesFiltering - Copying 1 resource from src\main\resources to target\classes
2025-08-31 23:48:38,877 [Worker-24: Building] INFO  o.a.m.s.f.DefaultMavenResourcesFiltering - Copying 0 resource from src\main\resources to target\classes
2025-08-31 23:48:38,881 [Worker-24: Building] INFO  o.a.m.s.f.DefaultMavenResourcesFiltering - skip non existing resourceDirectory C:\Users\SRUTHI\Documents\atm\ATM-Project\src\test\resources
2025-08-31 23:48:58,516 [Worker-27: Building] INFO  o.a.m.s.f.DefaultMavenResourcesFiltering - Copying 1 resource from src\main\resources to target\classes
2025-08-31 23:48:58,519 [Worker-27: Building] INFO  o.a.m.s.f.DefaultMavenResourcesFiltering - Copying 0 resource from src\main\resources to target\classes
2025-08-31 23:48:58,523 [Worker-27: Building] INFO  o.a.m.s.f.DefaultMavenResourcesFiltering - skip non existing resourceDirectory C:\Users\SRUTHI\Documents\atm\ATM-Project\src\test\resources
2025-08-31 23:49:11,050 [Worker-31: Building] INFO  o.a.m.s.f.DefaultMavenResourcesFiltering - Copying 1 resource from src\main\resources to target\classes
2025-08-31 23:49:11,053 [Worker-31: Building] INFO  o.a.m.s.f.DefaultMavenResourcesFiltering - Copying 0 resource from src\main\resources to target\classes
2025-08-31 23:49:11,058 [Worker-31: Building] INFO  o.a.m.s.f.DefaultMavenResourcesFiltering - skip non existing resourceDirectory C:\Users\SRUTHI\Documents\atm\ATM-Project\src\test\resources
2025-08-31 23:49:19,402 [Worker-26: Building] INFO  o.a.m.s.f.DefaultMavenResourcesFiltering - Copying 1 resource from src\main\resources to target\classes
2025-08-31 23:49:19,412 [Worker-26: Building] INFO  o.a.m.s.f.DefaultMavenResourcesFiltering - Copying 0 resource from src\main\resources to target\classes
2025-08-31 23:49:19,416 [Worker-26: Building] INFO  o.a.m.s.f.DefaultMavenResourcesFiltering - skip non existing resourceDirectory C:\Users\SRUTHI\Documents\atm\ATM-Project\src\test\resources
2025-08-31 23:50:08,017 [Worker-15: Building] INFO  o.a.m.s.f.DefaultMavenResourcesFiltering - Copying 1 resource from src\main\resources to target\classes
2025-08-31 23:50:08,024 [Worker-15: Building] INFO  o.a.m.s.f.DefaultMavenResourcesFiltering - Copying 0 resource from src\main\resources to target\classes
2025-08-31 23:50:08,027 [Worker-15: Building] INFO  o.a.m.s.f.DefaultMavenResourcesFiltering - skip non existing resourceDirectory C:\Users\SRUTHI\Documents\atm\ATM-Project\src\test\resources
2025-08-31 23:50:17,546 [Worker-30: Building] INFO  o.a.m.s.f.DefaultMavenResourcesFiltering - Copying 1 resource from src\main\resources to target\classes
2025-08-31 23:50:17,554 [Worker-30: Building] INFO  o.a.m.s.f.DefaultMavenResourcesFiltering - Copying 0 resource from src\main\resources to target\classes
2025-08-31 23:50:17,558 [Worker-30: Building] INFO  o.a.m.s.f.DefaultMavenResourcesFiltering - skip non existing resourceDirectory C:\Users\SRUTHI\Documents\atm\ATM-Project\src\test\resources
2025-08-31 23:50:23,403 [Worker-24: Building] INFO  o.a.m.s.f.DefaultMavenResourcesFiltering - Copying 1 resource from src\main\resources to target\classes
2025-08-31 23:50:23,416 [Worker-24: Building] INFO  o.a.m.s.f.DefaultMavenResourcesFiltering - Copying 0 resource from src\main\resources to target\classes
2025-08-31 23:50:23,420 [Worker-24: Building] INFO  o.a.m.s.f.DefaultMavenResourcesFiltering - skip non existing resourceDirectory C:\Users\SRUTHI\Documents\atm\ATM-Project\src\test\resources
2025-08-31 23:50:37,093 [Worker-27: Building] INFO  o.a.m.s.f.DefaultMavenResourcesFiltering - Copying 1 resource from src\main\resources to target\classes
2025-08-31 23:50:37,096 [Worker-27: Building] INFO  o.a.m.s.f.DefaultMavenResourcesFiltering - Copying 0 resource from src\main\resources to target\classes
2025-08-31 23:50:37,100 [Worker-27: Building] INFO  o.a.m.s.f.DefaultMavenResourcesFiltering - skip non existing resourceDirectory C:\Users\SRUTHI\Documents\atm\ATM-Project\src\test\resources
2025-08-31 23:50:46,975 [Worker-25: Building] INFO  o.a.m.s.f.DefaultMavenResourcesFiltering - Copying 1 resource from src\main\resources to target\classes
2025-08-31 23:50:46,978 [Worker-25: Building] INFO  o.a.m.s.f.DefaultMavenResourcesFiltering - Copying 0 resource from src\main\resources to target\classes
2025-08-31 23:50:46,982 [Worker-25: Building] INFO  o.a.m.s.f.DefaultMavenResourcesFiltering - skip non existing resourceDirectory C:\Users\SRUTHI\Documents\atm\ATM-Project\src\test\resources
2025-08-31 23:51:03,843 [Worker-24: Building] INFO  o.a.m.s.f.DefaultMavenResourcesFiltering - Copying 1 resource from src\main\resources to target\classes
2025-08-31 23:51:03,850 [Worker-24: Building] INFO  o.a.m.s.f.DefaultMavenResourcesFiltering - Copying 0 resource from src\main\resources to target\classes
2025-08-31 23:51:03,854 [Worker-24: Building] INFO  o.a.m.s.f.DefaultMavenResourcesFiltering - skip non existing resourceDirectory C:\Users\SRUTHI\Documents\atm\ATM-Project\src\test\resources
2025-08-31 23:51:41,393 [Worker-24: Building] INFO  o.a.m.s.f.DefaultMavenResourcesFiltering - Copying 1 resource from src\main\resources to target\classes
2025-08-31 23:51:41,399 [Worker-24: Building] INFO  o.a.m.s.f.DefaultMavenResourcesFiltering - Copying 0 resource from src\main\resources to target\classes
2025-08-31 23:51:41,403 [Worker-24: Building] INFO  o.a.m.s.f.DefaultMavenResourcesFiltering - skip non existing resourceDirectory C:\Users\SRUTHI\Documents\atm\ATM-Project\src\test\resources
2025-08-31 23:52:08,979 [Worker-27: Building] INFO  o.a.m.s.f.DefaultMavenResourcesFiltering - Copying 1 resource from src\main\resources to target\classes
2025-08-31 23:52:08,989 [Worker-27: Building] INFO  o.a.m.s.f.DefaultMavenResourcesFiltering - Copying 0 resource from src\main\resources to target\classes
2025-08-31 23:52:08,992 [Worker-27: Building] INFO  o.a.m.s.f.DefaultMavenResourcesFiltering - skip non existing resourceDirectory C:\Users\SRUTHI\Documents\atm\ATM-Project\src\test\resources
2025-08-31 23:52:21,675 [Worker-28: Building] INFO  o.a.m.s.f.DefaultMavenResourcesFiltering - Copying 1 resource from src\main\resources to target\classes
2025-08-31 23:52:21,686 [Worker-28: Building] INFO  o.a.m.s.f.DefaultMavenResourcesFiltering - Copying 0 resource from src\main\resources to target\classes
2025-08-31 23:52:21,689 [Worker-28: Building] INFO  o.a.m.s.f.DefaultMavenResourcesFiltering - skip non existing resourceDirectory C:\Users\SRUTHI\Documents\atm\ATM-Project\src\test\resources
2025-08-31 23:52:38,225 [Worker-24: Building] INFO  o.a.m.s.f.DefaultMavenResourcesFiltering - Copying 1 resource from src\main\resources to target\classes
2025-08-31 23:52:38,236 [Worker-24: Building] INFO  o.a.m.s.f.DefaultMavenResourcesFiltering - Copying 0 resource from src\main\resources to target\classes
2025-08-31 23:52:38,239 [Worker-24: Building] INFO  o.a.m.s.f.DefaultMavenResourcesFiltering - skip non existing resourceDirectory C:\Users\SRUTHI\Documents\atm\ATM-Project\src\test\resources
2025-08-31 23:54:06,280 [Worker-18: Building] INFO  o.a.m.s.f.DefaultMavenResourcesFiltering - Copying 1 resource from src\main\resources to target\classes
2025-08-31 23:54:06,288 [Worker-18: Building] INFO  o.a.m.s.f.DefaultMavenResourcesFiltering - Copying 0 resource from src\main\resources to target\classes
2025-08-31 23:54:06,292 [Worker-18: Building] INFO  o.a.m.s.f.DefaultMavenResourcesFiltering - skip non existing resourceDirectory C:\Users\SRUTHI\Documents\atm\ATM-Project\src\test\resources
2025-08-31 23:54:21,114 [Worker-29: Building] INFO  o.a.m.s.f.DefaultMavenResourcesFiltering - Copying 1 resource from src\main\resources to target\classes
2025-08-31 23:54:21,122 [Worker-29: Building] INFO  o.a.m.s.f.DefaultMavenResourcesFiltering - Copying 0 resource from src\main\resources to target\classes
2025-08-31 23:54:21,125 [Worker-29: Building] INFO  o.a.m.s.f.DefaultMavenResourcesFiltering - skip non existing resourceDirectory C:\Users\SRUTHI\Documents\atm\ATM-Project\src\test\resources
2025-08-31 23:54:46,015 [Worker-26: Building] INFO  o.a.m.s.f.DefaultMavenResourcesFiltering - Copying 1 resource from src\main\resources to target\classes
2025-08-31 23:54:46,021 [Worker-26: Building] INFO  o.a.m.s.f.DefaultMavenResourcesFiltering - Copying 0 resource from src\main\resources to target\classes
2025-08-31 23:54:46,024 [Worker-26: Building] INFO  o.a.m.s.f.DefaultMavenResourcesFiltering - skip non existing resourceDirectory C:\Users\SRUTHI\Documents\atm\ATM-Project\src\test\resources
2025-08-31 23:55:02,109 [Worker-27: Building] INFO  o.a.m.s.f.DefaultMavenResourcesFiltering - Copying 1 resource from src\main\resources to target\classes
2025-08-31 23:55:02,116 [Worker-27: Building] INFO  o.a.m.s.f.DefaultMavenResourcesFiltering - Copying 0 resource from src\main\resources to target\classes
2025-08-31 23:55:02,120 [Worker-27: Building] INFO  o.a.m.s.f.DefaultMavenResourcesFiltering - skip non existing resourceDirectory C:\Users\SRUTHI\Documents\atm\ATM-Project\src\test\resources
2025-08-31 23:55:49,793 [Worker-31: Building] INFO  o.a.m.s.f.DefaultMavenResourcesFiltering - Copying 1 resource from src\main\resources to target\classes
2025-08-31 23:55:49,799 [Worker-31: Building] INFO  o.a.m.s.f.DefaultMavenResourcesFiltering - Copying 0 resource from src\main\resources to target\classes
2025-08-31 23:55:49,800 [Worker-31: Building] INFO  o.a.m.s.f.DefaultMavenResourcesFiltering - skip non existing resourceDirectory C:\Users\SRUTHI\Documents\atm\ATM-Project\src\test\resources
2025-08-31 23:58:24,987 [Worker-15: Building] INFO  o.a.m.s.f.DefaultMavenResourcesFiltering - Copying 1 resource from src\main\resources to target\classes
2025-08-31 23:58:25,129 [Worker-15: Building] INFO  o.a.m.s.f.DefaultMavenResourcesFiltering - Copying 0 resource from src\main\resources to target\classes
2025-08-31 23:58:25,141 [Worker-15: Building] INFO  o.a.m.s.f.DefaultMavenResourcesFiltering - skip non existing resourceDirectory C:\Users\SRUTHI\Documents\atm\ATM-Project\src\test\resources
2025-08-31 23:58:33,326 [Worker-16: Building] INFO  o.a.m.s.f.DefaultMavenResourcesFiltering - Copying 1 resource from src\main\resources to target\classes
2025-08-31 23:58:33,337 [Worker-16: Building] INFO  o.a.m.s.f.DefaultMavenResourcesFiltering - Copying 0 resource from src\main\resources to target\classes
2025-08-31 23:58:33,341 [Worker-16: Building] INFO  o.a.m.s.f.DefaultMavenResourcesFiltering - skip non existing resourceDirectory C:\Users\SRUTHI\Documents\atm\ATM-Project\src\test\resources
2025-08-31 23:58:55,191 [Worker-30: Building] INFO  o.a.m.s.f.DefaultMavenResourcesFiltering - Copying 1 resource from src\main\resources to target\classes
2025-08-31 23:58:55,202 [Worker-30: Building] INFO  o.a.m.s.f.DefaultMavenResourcesFiltering - Copying 0 resource from src\main\resources to target\classes
2025-08-31 23:58:55,205 [Worker-30: Building] INFO  o.a.m.s.f.DefaultMavenResourcesFiltering - skip non existing resourceDirectory C:\Users\SRUTHI\Documents\atm\ATM-Project\src\test\resources
2025-08-31 23:59:08,529 [Worker-19: Building] INFO  o.a.m.s.f.DefaultMavenResourcesFiltering - Copying 1 resource from src\main\resources to target\classes
2025-08-31 23:59:08,540 [Worker-19: Building] INFO  o.a.m.s.f.DefaultMavenResourcesFiltering - Copying 0 resource from src\main\resources to target\classes
2025-08-31 23:59:08,544 [Worker-19: Building] INFO  o.a.m.s.f.DefaultMavenResourcesFiltering - skip non existing resourceDirectory C:\Users\SRUTHI\Documents\atm\ATM-Project\src\test\resources
2025-08-31 23:59:38,329 [Worker-17: Building] INFO  o.a.m.s.f.DefaultMavenResourcesFiltering - Copying 1 resource from src\main\resources to target\classes
2025-08-31 23:59:38,338 [Worker-17: Building] INFO  o.a.m.s.f.DefaultMavenResourcesFiltering - Copying 0 resource from src\main\resources to target\classes
2025-08-31 23:59:38,344 [Worker-17: Building] INFO  o.a.m.s.f.DefaultMavenResourcesFiltering - skip non existing resourceDirectory C:\Users\SRUTHI\Documents\atm\ATM-Project\src\test\resources
2025-09-01 00:04:48,883 [Worker-19: Building] INFO  o.a.m.s.f.DefaultMavenResourcesFiltering - Copying 1 resource from src\main\resources to target\classes
2025-09-01 00:04:48,894 [Worker-19: Building] INFO  o.a.m.s.f.DefaultMavenResourcesFiltering - Copying 0 resource from src\main\resources to target\classes
2025-09-01 00:04:48,898 [Worker-19: Building] INFO  o.a.m.s.f.DefaultMavenResourcesFiltering - skip non existing resourceDirectory C:\Users\SRUTHI\Documents\atm\ATM-Project\src\test\resources
2025-09-01 00:06:52,246 [Worker-18: Building] INFO  o.a.m.s.f.DefaultMavenResourcesFiltering - Copying 1 resource from src\main\resources to target\classes
2025-09-01 00:06:52,254 [Worker-18: Building] INFO  o.a.m.s.f.DefaultMavenResourcesFiltering - Copying 0 resource from src\main\resources to target\classes
2025-09-01 00:06:52,258 [Worker-18: Building] INFO  o.a.m.s.f.DefaultMavenResourcesFiltering - skip non existing resourceDirectory C:\Users\SRUTHI\Documents\atm\ATM-Project\src\test\resources
2025-09-01 00:07:30,346 [Worker-15: Building] INFO  o.a.m.s.f.DefaultMavenResourcesFiltering - Copying 1 resource from src\main\resources to target\classes
2025-09-01 00:07:30,370 [Worker-15: Building] INFO  o.a.m.s.f.DefaultMavenResourcesFiltering - Copying 0 resource from src\main\resources to target\classes
2025-09-01 00:07:30,374 [Worker-15: Building] INFO  o.a.m.s.f.DefaultMavenResourcesFiltering - skip non existing resourceDirectory C:\Users\SRUTHI\Documents\atm\ATM-Project\src\test\resources
2025-09-01 09:05:17,865 [Worker-26: Building] INFO  o.a.m.s.f.DefaultMavenResourcesFiltering - Copying 1 resource from src\main\resources to target\classes
2025-09-01 09:05:17,873 [Worker-26: Building] INFO  o.a.m.s.f.DefaultMavenResourcesFiltering - Copying 0 resource from src\main\resources to target\classes
2025-09-01 09:05:17,876 [Worker-26: Building] INFO  o.a.m.s.f.DefaultMavenResourcesFiltering - skip non existing resourceDirectory C:\Users\SRUTHI\Documents\atm\ATM-Project\src\test\resources
2025-09-01 09:07:14,310 [Worker-37: Building] INFO  o.a.m.s.f.DefaultMavenResourcesFiltering - Copying 1 resource from src\main\resources to target\classes
2025-09-01 09:07:14,318 [Worker-37: Building] INFO  o.a.m.s.f.DefaultMavenResourcesFiltering - Copying 0 resource from src\main\resources to target\classes
2025-09-01 09:07:14,320 [Worker-37: Building] INFO  o.a.m.s.f.DefaultMavenResourcesFiltering - skip non existing resourceDirectory C:\Users\SRUTHI\Documents\atm\ATM-Project\src\test\resources
2025-09-01 09:07:22,762 [Worker-31: Building] INFO  o.a.m.s.f.DefaultMavenResourcesFiltering - Copying 1 resource from src\main\resources to target\classes
2025-09-01 09:07:22,769 [Worker-31: Building] INFO  o.a.m.s.f.DefaultMavenResourcesFiltering - Copying 0 resource from src\main\resources to target\classes
2025-09-01 09:07:22,771 [Worker-31: Building] INFO  o.a.m.s.f.DefaultMavenResourcesFiltering - skip non existing resourceDirectory C:\Users\SRUTHI\Documents\atm\ATM-Project\src\test\resources
2025-09-01 09:08:23,933 [Worker-23: Building] INFO  o.a.m.s.f.DefaultMavenResourcesFiltering - Copying 1 resource from src\main\resources to target\classes
2025-09-01 09:08:23,937 [Worker-23: Building] INFO  o.a.m.s.f.DefaultMavenResourcesFiltering - Copying 0 resource from src\main\resources to target\classes
2025-09-01 09:08:23,937 [Worker-23: Building] INFO  o.a.m.s.f.DefaultMavenResourcesFiltering - skip non existing resourceDirectory C:\Users\SRUTHI\Documents\atm\ATM-Project\src\test\resources
2025-09-01 18:32:55,481 [Worker-76: Building] INFO  o.a.m.s.f.DefaultMavenResourcesFiltering - Copying 1 resource from src\main\resources to target\classes
2025-09-01 18:32:55,559 [Worker-76: Building] INFO  o.a.m.s.f.DefaultMavenResourcesFiltering - Copying 0 resource from src\main\resources to target\classes
2025-09-01 18:32:55,565 [Worker-76: Building] INFO  o.a.m.s.f.DefaultMavenResourcesFiltering - skip non existing resourceDirectory C:\Users\SRUTHI\Documents\atm\ATM-Project\src\test\resources
2025-09-01 18:33:05,452 [Worker-68: Building] INFO  o.a.m.s.f.DefaultMavenResourcesFiltering - Copying 1 resource from src\main\resources to target\classes
2025-09-01 18:33:05,463 [Worker-68: Building] INFO  o.a.m.s.f.DefaultMavenResourcesFiltering - Copying 0 resource from src\main\resources to target\classes
2025-09-01 18:33:05,471 [Worker-68: Building] INFO  o.a.m.s.f.DefaultMavenResourcesFiltering - skip non existing resourceDirectory C:\Users\SRUTHI\Documents\atm\ATM-Project\src\test\resources
2025-09-01 18:34:12,267 [Worker-75: Building] INFO  o.a.m.s.f.DefaultMavenResourcesFiltering - Copying 1 resource from src\main\resources to target\classes
2025-09-01 18:34:12,277 [Worker-75: Building] INFO  o.a.m.s.f.DefaultMavenResourcesFiltering - Copying 0 resource from src\main\resources to target\classes
2025-09-01 18:34:12,282 [Worker-75: Building] INFO  o.a.m.s.f.DefaultMavenResourcesFiltering - skip non existing resourceDirectory C:\Users\SRUTHI\Documents\atm\ATM-Project\src\test\resources
2025-09-01 18:34:24,696 [Worker-76: Building] INFO  o.a.m.s.f.DefaultMavenResourcesFiltering - Copying 1 resource from src\main\resources to target\classes
2025-09-01 18:34:24,713 [Worker-76: Building] INFO  o.a.m.s.f.DefaultMavenResourcesFiltering - Copying 0 resource from src\main\resources to target\classes
2025-09-01 18:34:24,718 [Worker-76: Building] INFO  o.a.m.s.f.DefaultMavenResourcesFiltering - skip non existing resourceDirectory C:\Users\SRUTHI\Documents\atm\ATM-Project\src\test\resources
2025-09-01 18:35:16,229 [Worker-74: Building] INFO  o.a.m.s.f.DefaultMavenResourcesFiltering - Copying 1 resource from src\main\resources to target\classes
2025-09-01 18:35:16,238 [Worker-74: Building] INFO  o.a.m.s.f.DefaultMavenResourcesFiltering - Copying 0 resource from src\main\resources to target\classes
2025-09-01 18:35:16,243 [Worker-74: Building] INFO  o.a.m.s.f.DefaultMavenResourcesFiltering - skip non existing resourceDirectory C:\Users\SRUTHI\Documents\atm\ATM-Project\src\test\resources
2025-09-01 18:36:53,974 [Worker-71: Building] INFO  o.a.m.s.f.DefaultMavenResourcesFiltering - Copying 1 resource from src\main\resources to target\classes
2025-09-01 18:36:53,983 [Worker-71: Building] INFO  o.a.m.s.f.DefaultMavenResourcesFiltering - Copying 0 resource from src\main\resources to target\classes
2025-09-01 18:36:53,989 [Worker-71: Building] INFO  o.a.m.s.f.DefaultMavenResourcesFiltering - skip non existing resourceDirectory C:\Users\SRUTHI\Documents\atm\ATM-Project\src\test\resources
2025-09-01 19:00:50,198 [Stop Help Server] INFO  org.eclipse.jetty.server.Server - Stopped oejs.Server@24d7f51a{STOPPING}[12.0.21,sto=0]
2025-09-01 19:00:50,216 [Stop Help Server] INFO  o.e.jetty.server.AbstractConnector - Stopped ServerConnector@457b9b49{HTTP/1.1, (http/1.1)}{127.0.0.1:0}
2025-09-01 19:32:10,171 [Worker-5: Loading available Gradle versions] INFO  o.e.b.c.i.u.g.PublishedGradleVersions - Gradle version information cache is up-to-date. Trying to read.
2025-09-01 19:32:48,491 [Worker-8: Building] INFO  o.a.m.s.f.DefaultMavenResourcesFiltering - Copying 1 resource from src\main\resources to target\classes
2025-09-01 19:32:48,504 [Worker-8: Building] INFO  o.a.m.s.f.DefaultMavenResourcesFiltering - Copying 0 resource from src\main\resources to target\classes
2025-09-01 19:32:48,508 [Worker-8: Building] INFO  o.a.m.s.f.DefaultMavenResourcesFiltering - skip non existing resourceDirectory C:\Users\SRUTHI\Documents\atm\ATM-Project\src\test\resources
2025-09-01 19:33:34,122 [Worker-14: Building] INFO  o.a.m.s.f.DefaultMavenResourcesFiltering - Copying 1 resource from src\main\resources to target\classes
2025-09-01 19:33:34,129 [Worker-14: Building] INFO  o.a.m.s.f.DefaultMavenResourcesFiltering - Copying 0 resource from src\main\resources to target\classes
2025-09-01 19:33:34,131 [Worker-14: Building] INFO  o.a.m.s.f.DefaultMavenResourcesFiltering - skip non existing resourceDirectory C:\Users\SRUTHI\Documents\atm\ATM-Project\src\test\resources
2025-09-01 19:34:33,176 [Worker-6: Building] INFO  o.a.m.s.f.DefaultMavenResourcesFiltering - Copying 1 resource from src\main\resources to target\classes
2025-09-01 19:34:33,183 [Worker-6: Building] INFO  o.a.m.s.f.DefaultMavenResourcesFiltering - Copying 0 resource from src\main\resources to target\classes
2025-09-01 19:34:33,186 [Worker-6: Building] INFO  o.a.m.s.f.DefaultMavenResourcesFiltering - skip non existing resourceDirectory C:\Users\SRUTHI\Documents\atm\ATM-Project\src\test\resources
2025-09-01 19:34:41,363 [Worker-3: Building] INFO  o.a.m.s.f.DefaultMavenResourcesFiltering - Copying 1 resource from src\main\resources to target\classes
2025-09-01 19:34:41,367 [Worker-3: Building] INFO  o.a.m.s.f.DefaultMavenResourcesFiltering - Copying 0 resource from src\main\resources to target\classes
2025-09-01 19:34:41,369 [Worker-3: Building] INFO  o.a.m.s.f.DefaultMavenResourcesFiltering - skip non existing resourceDirectory C:\Users\SRUTHI\Documents\atm\ATM-Project\src\test\resources
2025-09-01 19:35:44,689 [Worker-7: Building] INFO  o.a.m.s.f.DefaultMavenResourcesFiltering - Copying 1 resource from src\main\resources to target\classes
2025-09-01 19:35:44,696 [Worker-7: Building] INFO  o.a.m.s.f.DefaultMavenResourcesFiltering - Copying 0 resource from src\main\resources to target\classes
2025-09-01 19:35:44,698 [Worker-7: Building] INFO  o.a.m.s.f.DefaultMavenResourcesFiltering - skip non existing resourceDirectory C:\Users\SRUTHI\Documents\atm\ATM-Project\src\test\resources
2025-09-01 19:37:25,402 [Worker-13: Building] INFO  o.a.m.s.f.DefaultMavenResourcesFiltering - Copying 1 resource from src\main\resources to target\classes
2025-09-01 19:37:25,408 [Worker-13: Building] INFO  o.a.m.s.f.DefaultMavenResourcesFiltering - Copying 0 resource from src\main\resources to target\classes
2025-09-01 19:37:25,411 [Worker-13: Building] INFO  o.a.m.s.f.DefaultMavenResourcesFiltering - skip non existing resourceDirectory C:\Users\SRUTHI\Documents\atm\ATM-Project\src\test\resources
2025-09-01 19:39:35,485 [Worker-5: Building] INFO  o.a.m.s.f.DefaultMavenResourcesFiltering - Copying 1 resource from src\main\resources to target\classes
2025-09-01 19:39:35,492 [Worker-5: Building] INFO  o.a.m.s.f.DefaultMavenResourcesFiltering - Copying 0 resource from src\main\resources to target\classes
2025-09-01 19:39:35,494 [Worker-5: Building] INFO  o.a.m.s.f.DefaultMavenResourcesFiltering - skip non existing resourceDirectory C:\Users\SRUTHI\Documents\atm\ATM-Project\src\test\resources
2025-09-01 19:39:46,928 [Worker-5: Building] INFO  o.a.m.s.f.DefaultMavenResourcesFiltering - Copying 1 resource from src\main\resources to target\classes
2025-09-01 19:39:46,933 [Worker-5: Building] INFO  o.a.m.s.f.DefaultMavenResourcesFiltering - Copying 0 resource from src\main\resources to target\classes
2025-09-01 19:39:46,935 [Worker-5: Building] INFO  o.a.m.s.f.DefaultMavenResourcesFiltering - skip non existing resourceDirectory C:\Users\SRUTHI\Documents\atm\ATM-Project\src\test\resources
2025-09-01 19:41:03,171 [Worker-1: Building] INFO  o.a.m.s.f.DefaultMavenResourcesFiltering - Copying 1 resource from src\main\resources to target\classes
2025-09-01 19:41:03,177 [Worker-1: Building] INFO  o.a.m.s.f.DefaultMavenResourcesFiltering - Copying 0 resource from src\main\resources to target\classes
2025-09-01 19:41:03,180 [Worker-1: Building] INFO  o.a.m.s.f.DefaultMavenResourcesFiltering - skip non existing resourceDirectory C:\Users\SRUTHI\Documents\atm\ATM-Project\src\test\resources
2025-09-01 19:41:19,748 [Worker-5: Building] INFO  o.a.m.s.f.DefaultMavenResourcesFiltering - Copying 1 resource from src\main\resources to target\classes
2025-09-01 19:41:19,751 [Worker-5: Building] INFO  o.a.m.s.f.DefaultMavenResourcesFiltering - Copying 0 resource from src\main\resources to target\classes
2025-09-01 19:41:19,753 [Worker-5: Building] INFO  o.a.m.s.f.DefaultMavenResourcesFiltering - skip non existing resourceDirectory C:\Users\SRUTHI\Documents\atm\ATM-Project\src\test\resources
2025-09-01 19:44:21,442 [Worker-13: Building] INFO  o.a.m.s.f.DefaultMavenResourcesFiltering - Copying 1 resource from src\main\resources to target\classes
2025-09-01 19:44:21,448 [Worker-13: Building] INFO  o.a.m.s.f.DefaultMavenResourcesFiltering - Copying 0 resource from src\main\resources to target\classes
2025-09-01 19:44:21,450 [Worker-13: Building] INFO  o.a.m.s.f.DefaultMavenResourcesFiltering - skip non existing resourceDirectory C:\Users\SRUTHI\Documents\atm\ATM-Project\src\test\resources
2025-09-01 19:45:19,225 [Worker-15: Building] INFO  o.a.m.s.f.DefaultMavenResourcesFiltering - Copying 1 resource from src\main\resources to target\classes
2025-09-01 19:45:19,230 [Worker-15: Building] INFO  o.a.m.s.f.DefaultMavenResourcesFiltering - Copying 0 resource from src\main\resources to target\classes
2025-09-01 19:45:19,231 [Worker-15: Building] INFO  o.a.m.s.f.DefaultMavenResourcesFiltering - skip non existing resourceDirectory C:\Users\SRUTHI\Documents\atm\ATM-Project\src\test\resources
2025-09-01 19:45:31,886 [Worker-16: Building] INFO  o.a.m.s.f.DefaultMavenResourcesFiltering - Copying 1 resource from src\main\resources to target\classes
2025-09-01 19:45:31,890 [Worker-16: Building] INFO  o.a.m.s.f.DefaultMavenResourcesFiltering - Copying 0 resource from src\main\resources to target\classes
2025-09-01 19:45:31,893 [Worker-16: Building] INFO  o.a.m.s.f.DefaultMavenResourcesFiltering - skip non existing resourceDirectory C:\Users\SRUTHI\Documents\atm\ATM-Project\src\test\resources
2025-09-01 19:45:58,081 [Worker-16: Building] INFO  o.a.m.s.f.DefaultMavenResourcesFiltering - Copying 1 resource from src\main\resources to target\classes
2025-09-01 19:45:58,090 [Worker-16: Building] INFO  o.a.m.s.f.DefaultMavenResourcesFiltering - Copying 0 resource from src\main\resources to target\classes
2025-09-01 19:45:58,092 [Worker-16: Building] INFO  o.a.m.s.f.DefaultMavenResourcesFiltering - skip non existing resourceDirectory C:\Users\SRUTHI\Documents\atm\ATM-Project\src\test\resources
2025-09-01 19:46:00,793 [Worker-15: Building] INFO  o.a.m.s.f.DefaultMavenResourcesFiltering - Copying 1 resource from src\main\resources to target\classes
2025-09-01 19:46:00,797 [Worker-15: Building] INFO  o.a.m.s.f.DefaultMavenResourcesFiltering - Copying 0 resource from src\main\resources to target\classes
2025-09-01 19:46:00,798 [Worker-15: Building] INFO  o.a.m.s.f.DefaultMavenResourcesFiltering - skip non existing resourceDirectory C:\Users\SRUTHI\Documents\atm\ATM-Project\src\test\resources
2025-09-01 19:46:12,040 [Worker-17: Building] INFO  o.a.m.s.f.DefaultMavenResourcesFiltering - Copying 1 resource from src\main\resources to target\classes
2025-09-01 19:46:12,047 [Worker-17: Building] INFO  o.a.m.s.f.DefaultMavenResourcesFiltering - Copying 0 resource from src\main\resources to target\classes
2025-09-01 19:46:12,049 [Worker-17: Building] INFO  o.a.m.s.f.DefaultMavenResourcesFiltering - skip non existing resourceDirectory C:\Users\SRUTHI\Documents\atm\ATM-Project\src\test\resources
2025-09-01 19:51:24,999 [Worker-19: Building] INFO  o.a.m.s.f.DefaultMavenResourcesFiltering - Copying 1 resource from src\main\resources to target\classes
2025-09-01 19:51:25,014 [Worker-19: Building] INFO  o.a.m.s.f.DefaultMavenResourcesFiltering - Copying 0 resource from src\main\resources to target\classes
2025-09-01 19:51:25,019 [Worker-19: Building] INFO  o.a.m.s.f.DefaultMavenResourcesFiltering - skip non existing resourceDirectory C:\Users\SRUTHI\Documents\atm\ATM-Project\src\test\resources
2025-09-01 19:55:18,554 [Worker-17: Building] INFO  o.a.m.s.f.DefaultMavenResourcesFiltering - Copying 1 resource from src\main\resources to target\classes
2025-09-01 19:55:18,560 [Worker-17: Building] INFO  o.a.m.s.f.DefaultMavenResourcesFiltering - Copying 0 resource from src\main\resources to target\classes
2025-09-01 19:55:18,562 [Worker-17: Building] INFO  o.a.m.s.f.DefaultMavenResourcesFiltering - skip non existing resourceDirectory C:\Users\SRUTHI\Documents\atm\ATM-Project\src\test\resources
2025-09-01 19:59:28,591 [Worker-18: Building] INFO  o.a.m.s.f.DefaultMavenResourcesFiltering - Copying 1 resource from src\main\resources to target\classes
2025-09-01 19:59:28,595 [Worker-18: Building] INFO  o.a.m.s.f.DefaultMavenResourcesFiltering - Copying 0 resource from src\main\resources to target\classes
2025-09-01 19:59:28,598 [Worker-18: Building] INFO  o.a.m.s.f.DefaultMavenResourcesFiltering - skip non existing resourceDirectory C:\Users\SRUTHI\Documents\atm\ATM-Project\src\test\resources
2025-09-01 20:01:08,050 [Worker-16: Building] INFO  o.a.m.s.f.DefaultMavenResourcesFiltering - Copying 1 resource from src\main\resources to target\classes
2025-09-01 20:01:08,055 [Worker-16: Building] INFO  o.a.m.s.f.DefaultMavenResourcesFiltering - Copying 0 resource from src\main\resources to target\classes
2025-09-01 20:01:08,057 [Worker-16: Building] INFO  o.a.m.s.f.DefaultMavenResourcesFiltering - skip non existing resourceDirectory C:\Users\SRUTHI\Documents\atm\ATM-Project\src\test\resources
2025-09-01 20:01:16,490 [Worker-20: Building] INFO  o.a.m.s.f.DefaultMavenResourcesFiltering - Copying 1 resource from src\main\resources to target\classes
2025-09-01 20:01:16,495 [Worker-20: Building] INFO  o.a.m.s.f.DefaultMavenResourcesFiltering - Copying 0 resource from src\main\resources to target\classes
2025-09-01 20:01:16,497 [Worker-20: Building] INFO  o.a.m.s.f.DefaultMavenResourcesFiltering - skip non existing resourceDirectory C:\Users\SRUTHI\Documents\atm\ATM-Project\src\test\resources
2025-09-01 20:02:51,439 [Worker-19: Launching ATM-Project - AtmConsoleApp] INFO  o.a.m.s.f.DefaultMavenResourcesFiltering - Copying 1 resource from src\main\resources to target\classes
2025-09-01 20:02:51,443 [Worker-19: Launching ATM-Project - AtmConsoleApp] INFO  o.a.m.s.f.DefaultMavenResourcesFiltering - Copying 0 resource from src\main\resources to target\classes
2025-09-01 20:02:51,445 [Worker-19: Launching ATM-Project - AtmConsoleApp] INFO  o.a.m.s.f.DefaultMavenResourcesFiltering - skip non existing resourceDirectory C:\Users\SRUTHI\Documents\atm\ATM-Project\src\test\resources
2025-09-01 20:04:52,060 [Worker-17: Building] INFO  o.a.m.s.f.DefaultMavenResourcesFiltering - Copying 1 resource from src\main\resources to target\classes
2025-09-01 20:04:52,064 [Worker-17: Building] INFO  o.a.m.s.f.DefaultMavenResourcesFiltering - Copying 0 resource from src\main\resources to target\classes
2025-09-01 20:04:52,065 [Worker-17: Building] INFO  o.a.m.s.f.DefaultMavenResourcesFiltering - skip non existing resourceDirectory C:\Users\SRUTHI\Documents\atm\ATM-Project\src\test\resources
2025-09-01 20:42:48,673 [Worker-21: Building] INFO  o.a.m.s.f.DefaultMavenResourcesFiltering - Copying 1 resource from src\main\resources to target\classes
2025-09-01 20:42:48,689 [Worker-21: Building] INFO  o.a.m.s.f.DefaultMavenResourcesFiltering - Copying 0 resource from src\main\resources to target\classes
2025-09-01 20:42:48,694 [Worker-21: Building] INFO  o.a.m.s.f.DefaultMavenResourcesFiltering - skip non existing resourceDirectory C:\Users\SRUTHI\Documents\atm\ATM-Project\src\test\resources
2025-09-01 20:43:01,441 [Worker-5: Building] INFO  o.a.m.s.f.DefaultMavenResourcesFiltering - Copying 1 resource from src\main\resources to target\classes
2025-09-01 20:43:01,448 [Worker-5: Building] INFO  o.a.m.s.f.DefaultMavenResourcesFiltering - Copying 0 resource from src\main\resources to target\classes
2025-09-01 20:43:01,456 [Worker-5: Building] INFO  o.a.m.s.f.DefaultMavenResourcesFiltering - skip non existing resourceDirectory C:\Users\SRUTHI\Documents\atm\ATM-Project\src\test\resources
2025-09-01 20:45:42,544 [Worker-24: Building] INFO  o.a.m.s.f.DefaultMavenResourcesFiltering - Copying 1 resource from src\main\resources to target\classes
2025-09-01 20:45:42,560 [Worker-24: Building] INFO  o.a.m.s.f.DefaultMavenResourcesFiltering - Copying 0 resource from src\main\resources to target\classes
2025-09-01 20:45:42,564 [Worker-24: Building] INFO  o.a.m.s.f.DefaultMavenResourcesFiltering - skip non existing resourceDirectory C:\Users\SRUTHI\Documents\atm\ATM-Project\src\test\resources
2025-09-01 20:46:10,439 [Worker-23: Building] INFO  o.a.m.s.f.DefaultMavenResourcesFiltering - Copying 1 resource from src\main\resources to target\classes
2025-09-01 20:46:10,447 [Worker-23: Building] INFO  o.a.m.s.f.DefaultMavenResourcesFiltering - Copying 0 resource from src\main\resources to target\classes
2025-09-01 20:46:10,449 [Worker-23: Building] INFO  o.a.m.s.f.DefaultMavenResourcesFiltering - skip non existing resourceDirectory C:\Users\SRUTHI\Documents\atm\ATM-Project\src\test\resources
2025-09-01 20:46:30,410 [Worker-24: Building] INFO  o.a.m.s.f.DefaultMavenResourcesFiltering - Copying 1 resource from src\main\resources to target\classes
2025-09-01 20:46:30,417 [Worker-24: Building] INFO  o.a.m.s.f.DefaultMavenResourcesFiltering - Copying 0 resource from src\main\resources to target\classes
2025-09-01 20:46:30,420 [Worker-24: Building] INFO  o.a.m.s.f.DefaultMavenResourcesFiltering - skip non existing resourceDirectory C:\Users\SRUTHI\Documents\atm\ATM-Project\src\test\resources
2025-09-01 20:47:17,152 [Worker-23: Building] INFO  o.a.m.s.f.DefaultMavenResourcesFiltering - Copying 1 resource from src\main\resources to target\classes
2025-09-01 20:47:17,167 [Worker-23: Building] INFO  o.a.m.s.f.DefaultMavenResourcesFiltering - Copying 0 resource from src\main\resources to target\classes
2025-09-01 20:47:17,170 [Worker-23: Building] INFO  o.a.m.s.f.DefaultMavenResourcesFiltering - skip non existing resourceDirectory C:\Users\SRUTHI\Documents\atm\ATM-Project\src\test\resources
2025-09-01 20:47:31,648 [Start Help Server] INFO  org.eclipse.jetty.server.Server - jetty-12.0.21; built: 2025-05-09T00:32:00.688Z; git: 1c4719601e31b05b7d68910d2edd980259f1f53c; jvm 21.0.7+6-LTS
2025-09-01 20:47:31,721 [Start Help Server] INFO  o.e.j.server.handler.ContextHandler - Started oeje8n.ContextHandler$CoreContextHandler@33662776{/help,/help,b=null,a=AVAILABLE,h=oeje8n.ContextHandler$CoreContextHandler$CoreToNestedHandler@30b74623{STARTED}}
2025-09-01 20:47:31,722 [Start Help Server] INFO  o.e.j.s.DefaultSessionIdManager - Session workerName=node0
2025-09-01 20:47:31,758 [Start Help Server] INFO  o.e.jetty.server.AbstractConnector - Started ServerConnector@6aabc62{HTTP/1.1, (http/1.1)}{127.0.0.1:61627}
2025-09-01 20:47:31,781 [Start Help Server] INFO  org.eclipse.jetty.server.Server - Started oejs.Server@682ec798{STARTING}[12.0.21,sto=0] @4547914ms
2025-09-01 20:49:57,310 [Worker-21: Building] INFO  o.a.m.s.f.DefaultMavenResourcesFiltering - Copying 1 resource from src\main\resources to target\classes
2025-09-01 20:49:57,317 [Worker-21: Building] INFO  o.a.m.s.f.DefaultMavenResourcesFiltering - Copying 0 resource from src\main\resources to target\classes
2025-09-01 20:49:57,320 [Worker-21: Building] INFO  o.a.m.s.f.DefaultMavenResourcesFiltering - skip non existing resourceDirectory C:\Users\SRUTHI\Documents\atm\ATM-Project\src\test\resources
2025-09-01 20:51:18,644 [Worker-1: Building] INFO  o.a.m.s.f.DefaultMavenResourcesFiltering - Copying 1 resource from src\main\resources to target\classes
2025-09-01 20:51:18,654 [Worker-1: Building] INFO  o.a.m.s.f.DefaultMavenResourcesFiltering - Copying 0 resource from src\main\resources to target\classes
2025-09-01 20:51:18,658 [Worker-1: Building] INFO  o.a.m.s.f.DefaultMavenResourcesFiltering - skip non existing resourceDirectory C:\Users\SRUTHI\Documents\atm\ATM-Project\src\test\resources
2025-09-01 20:55:11,265 [Worker-1: Building] INFO  o.a.m.s.f.DefaultMavenResourcesFiltering - Copying 1 resource from src\main\resources to target\classes
2025-09-01 20:55:11,276 [Worker-1: Building] INFO  o.a.m.s.f.DefaultMavenResourcesFiltering - Copying 0 resource from src\main\resources to target\classes
2025-09-01 20:55:11,279 [Worker-1: Building] INFO  o.a.m.s.f.DefaultMavenResourcesFiltering - skip non existing resourceDirectory C:\Users\SRUTHI\Documents\atm\ATM-Project\src\test\resources
2025-09-01 20:55:31,444 [Worker-24: Building] INFO  o.a.m.s.f.DefaultMavenResourcesFiltering - Copying 1 resource from src\main\resources to target\classes
2025-09-01 20:55:31,453 [Worker-24: Building] INFO  o.a.m.s.f.DefaultMavenResourcesFiltering - Copying 0 resource from src\main\resources to target\classes
2025-09-01 20:55:31,458 [Worker-24: Building] INFO  o.a.m.s.f.DefaultMavenResourcesFiltering - skip non existing resourceDirectory C:\Users\SRUTHI\Documents\atm\ATM-Project\src\test\resources
2025-09-01 20:55:45,179 [Worker-23: Building] INFO  o.a.m.s.f.DefaultMavenResourcesFiltering - Copying 1 resource from src\main\resources to target\classes
2025-09-01 20:55:45,191 [Worker-23: Building] INFO  o.a.m.s.f.DefaultMavenResourcesFiltering - Copying 0 resource from src\main\resources to target\classes
2025-09-01 20:55:45,196 [Worker-23: Building] INFO  o.a.m.s.f.DefaultMavenResourcesFiltering - skip non existing resourceDirectory C:\Users\SRUTHI\Documents\atm\ATM-Project\src\test\resources
2025-09-01 20:57:58,089 [Worker-21: Building] INFO  o.a.m.s.f.DefaultMavenResourcesFiltering - Copying 1 resource from src\main\resources to target\classes
2025-09-01 20:57:58,097 [Worker-21: Building] INFO  o.a.m.s.f.DefaultMavenResourcesFiltering - Copying 0 resource from src\main\resources to target\classes
2025-09-01 20:57:58,100 [Worker-21: Building] INFO  o.a.m.s.f.DefaultMavenResourcesFiltering - skip non existing resourceDirectory C:\Users\SRUTHI\Documents\atm\ATM-Project\src\test\resources
2025-09-01 21:00:07,453 [Worker-21: Building] INFO  o.a.m.s.f.DefaultMavenResourcesFiltering - Copying 1 resource from src\main\resources to target\classes
2025-09-01 21:00:07,459 [Worker-21: Building] INFO  o.a.m.s.f.DefaultMavenResourcesFiltering - Copying 0 resource from src\main\resources to target\classes
2025-09-01 21:00:07,462 [Worker-21: Building] INFO  o.a.m.s.f.DefaultMavenResourcesFiltering - skip non existing resourceDirectory C:\Users\SRUTHI\Documents\atm\ATM-Project\src\test\resources
2025-09-01 21:00:23,793 [Worker-24: Building] INFO  o.a.m.s.f.DefaultMavenResourcesFiltering - Copying 1 resource from src\main\resources to target\classes
2025-09-01 21:00:23,798 [Worker-24: Building] INFO  o.a.m.s.f.DefaultMavenResourcesFiltering - Copying 0 resource from src\main\resources to target\classes
2025-09-01 21:00:23,801 [Worker-24: Building] INFO  o.a.m.s.f.DefaultMavenResourcesFiltering - skip non existing resourceDirectory C:\Users\SRUTHI\Documents\atm\ATM-Project\src\test\resources
2025-09-01 21:00:35,005 [Worker-22: Building] INFO  o.a.m.s.f.DefaultMavenResourcesFiltering - Copying 1 resource from src\main\resources to target\classes
2025-09-01 21:00:35,010 [Worker-22: Building] INFO  o.a.m.s.f.DefaultMavenResourcesFiltering - Copying 0 resource from src\main\resources to target\classes
2025-09-01 21:00:35,013 [Worker-22: Building] INFO  o.a.m.s.f.DefaultMavenResourcesFiltering - skip non existing resourceDirectory C:\Users\SRUTHI\Documents\atm\ATM-Project\src\test\resources
2025-09-01 21:02:01,961 [Worker-22: Building] INFO  o.a.m.s.f.DefaultMavenResourcesFiltering - Copying 1 resource from src\main\resources to target\classes
2025-09-01 21:02:01,968 [Worker-22: Building] INFO  o.a.m.s.f.DefaultMavenResourcesFiltering - Copying 0 resource from src\main\resources to target\classes
2025-09-01 21:02:01,970 [Worker-22: Building] INFO  o.a.m.s.f.DefaultMavenResourcesFiltering - skip non existing resourceDirectory C:\Users\SRUTHI\Documents\atm\ATM-Project\src\test\resources
2025-09-01 21:02:17,634 [Worker-24: Building] INFO  o.a.m.s.f.DefaultMavenResourcesFiltering - Copying 1 resource from src\main\resources to target\classes
2025-09-01 21:02:17,641 [Worker-24: Building] INFO  o.a.m.s.f.DefaultMavenResourcesFiltering - Copying 0 resource from src\main\resources to target\classes
2025-09-01 21:02:17,643 [Worker-24: Building] INFO  o.a.m.s.f.DefaultMavenResourcesFiltering - skip non existing resourceDirectory C:\Users\SRUTHI\Documents\atm\ATM-Project\src\test\resources
2025-09-01 21:03:07,647 [Worker-25: Building] INFO  o.a.m.s.f.DefaultMavenResourcesFiltering - Copying 1 resource from src\main\resources to target\classes
2025-09-01 21:03:07,657 [Worker-25: Building] INFO  o.a.m.s.f.DefaultMavenResourcesFiltering - Copying 0 resource from src\main\resources to target\classes
2025-09-01 21:03:07,662 [Worker-25: Building] INFO  o.a.m.s.f.DefaultMavenResourcesFiltering - skip non existing resourceDirectory C:\Users\SRUTHI\Documents\atm\ATM-Project\src\test\resources
2025-09-01 21:03:20,225 [Worker-25: Building] INFO  o.a.m.s.f.DefaultMavenResourcesFiltering - Copying 1 resource from src\main\resources to target\classes
2025-09-01 21:03:20,231 [Worker-25: Building] INFO  o.a.m.s.f.DefaultMavenResourcesFiltering - Copying 0 resource from src\main\resources to target\classes
2025-09-01 21:03:20,234 [Worker-25: Building] INFO  o.a.m.s.f.DefaultMavenResourcesFiltering - skip non existing resourceDirectory C:\Users\SRUTHI\Documents\atm\ATM-Project\src\test\resources
2025-09-01 21:03:35,562 [Worker-1: Building] INFO  o.a.m.s.f.DefaultMavenResourcesFiltering - Copying 1 resource from src\main\resources to target\classes
2025-09-01 21:03:35,568 [Worker-1: Building] INFO  o.a.m.s.f.DefaultMavenResourcesFiltering - Copying 0 resource from src\main\resources to target\classes
2025-09-01 21:03:35,571 [Worker-1: Building] INFO  o.a.m.s.f.DefaultMavenResourcesFiltering - skip non existing resourceDirectory C:\Users\SRUTHI\Documents\atm\ATM-Project\src\test\resources
2025-09-01 21:04:02,136 [Worker-23: Building] INFO  o.a.m.s.f.DefaultMavenResourcesFiltering - Copying 1 resource from src\main\resources to target\classes
2025-09-01 21:04:02,142 [Worker-23: Building] INFO  o.a.m.s.f.DefaultMavenResourcesFiltering - Copying 0 resource from src\main\resources to target\classes
2025-09-01 21:04:02,145 [Worker-23: Building] INFO  o.a.m.s.f.DefaultMavenResourcesFiltering - skip non existing resourceDirectory C:\Users\SRUTHI\Documents\atm\ATM-Project\src\test\resources
2025-09-01 21:04:09,602 [Worker-1: Building] INFO  o.a.m.s.f.DefaultMavenResourcesFiltering - Copying 1 resource from src\main\resources to target\classes
2025-09-01 21:04:09,607 [Worker-1: Building] INFO  o.a.m.s.f.DefaultMavenResourcesFiltering - Copying 0 resource from src\main\resources to target\classes
2025-09-01 21:04:09,610 [Worker-1: Building] INFO  o.a.m.s.f.DefaultMavenResourcesFiltering - skip non existing resourceDirectory C:\Users\SRUTHI\Documents\atm\ATM-Project\src\test\resources
2025-09-01 21:05:44,357 [Worker-24: Building] INFO  o.a.m.s.f.DefaultMavenResourcesFiltering - Copying 1 resource from src\main\resources to target\classes
2025-09-01 21:05:44,364 [Worker-24: Building] INFO  o.a.m.s.f.DefaultMavenResourcesFiltering - Copying 0 resource from src\main\resources to target\classes
2025-09-01 21:05:44,367 [Worker-24: Building] INFO  o.a.m.s.f.DefaultMavenResourcesFiltering - skip non existing resourceDirectory C:\Users\SRUTHI\Documents\atm\ATM-Project\src\test\resources
2025-09-01 21:06:48,656 [Worker-25: Building] INFO  o.a.m.s.f.DefaultMavenResourcesFiltering - Copying 1 resource from src\main\resources to target\classes
2025-09-01 21:06:48,665 [Worker-25: Building] INFO  o.a.m.s.f.DefaultMavenResourcesFiltering - Copying 0 resource from src\main\resources to target\classes
2025-09-01 21:06:48,670 [Worker-25: Building] INFO  o.a.m.s.f.DefaultMavenResourcesFiltering - skip non existing resourceDirectory C:\Users\SRUTHI\Documents\atm\ATM-Project\src\test\resources
2025-09-01 21:08:49,834 [Worker-24: Building] INFO  o.a.m.s.f.DefaultMavenResourcesFiltering - Copying 1 resource from src\main\resources to target\classes
2025-09-01 21:08:49,842 [Worker-24: Building] INFO  o.a.m.s.f.DefaultMavenResourcesFiltering - Copying 0 resource from src\main\resources to target\classes
2025-09-01 21:08:49,845 [Worker-24: Building] INFO  o.a.m.s.f.DefaultMavenResourcesFiltering - skip non existing resourceDirectory C:\Users\SRUTHI\Documents\atm\ATM-Project\src\test\resources
2025-09-01 21:09:00,614 [Worker-23: Building] INFO  o.a.m.s.f.DefaultMavenResourcesFiltering - Copying 1 resource from src\main\resources to target\classes
2025-09-01 21:09:00,622 [Worker-23: Building] INFO  o.a.m.s.f.DefaultMavenResourcesFiltering - Copying 0 resource from src\main\resources to target\classes
2025-09-01 21:09:00,624 [Worker-23: Building] INFO  o.a.m.s.f.DefaultMavenResourcesFiltering - skip non existing resourceDirectory C:\Users\SRUTHI\Documents\atm\ATM-Project\src\test\resources
2025-09-01 21:10:16,455 [Worker-24: Building] INFO  o.a.m.s.f.DefaultMavenResourcesFiltering - Copying 1 resource from src\main\resources to target\classes
2025-09-01 21:10:16,467 [Worker-24: Building] INFO  o.a.m.s.f.DefaultMavenResourcesFiltering - Copying 0 resource from src\main\resources to target\classes
2025-09-01 21:10:16,471 [Worker-24: Building] INFO  o.a.m.s.f.DefaultMavenResourcesFiltering - skip non existing resourceDirectory C:\Users\SRUTHI\Documents\atm\ATM-Project\src\test\resources
2025-09-01 21:10:29,581 [Worker-21: Building] INFO  o.a.m.s.f.DefaultMavenResourcesFiltering - Copying 1 resource from src\main\resources to target\classes
2025-09-01 21:10:29,611 [Worker-21: Building] INFO  o.a.m.s.f.DefaultMavenResourcesFiltering - Copying 0 resource from src\main\resources to target\classes
2025-09-01 21:10:29,617 [Worker-21: Building] INFO  o.a.m.s.f.DefaultMavenResourcesFiltering - skip non existing resourceDirectory C:\Users\SRUTHI\Documents\atm\ATM-Project\src\test\resources
2025-09-01 21:10:45,042 [Worker-21: Building] INFO  o.a.m.s.f.DefaultMavenResourcesFiltering - Copying 1 resource from src\main\resources to target\classes
2025-09-01 21:10:45,048 [Worker-21: Building] INFO  o.a.m.s.f.DefaultMavenResourcesFiltering - Copying 0 resource from src\main\resources to target\classes
2025-09-01 21:10:45,050 [Worker-21: Building] INFO  o.a.m.s.f.DefaultMavenResourcesFiltering - skip non existing resourceDirectory C:\Users\SRUTHI\Documents\atm\ATM-Project\src\test\resources
2025-09-01 21:13:01,367 [Worker-22: Building] INFO  o.a.m.s.f.DefaultMavenResourcesFiltering - Copying 1 resource from src\main\resources to target\classes
2025-09-01 21:13:01,376 [Worker-22: Building] INFO  o.a.m.s.f.DefaultMavenResourcesFiltering - Copying 0 resource from src\main\resources to target\classes
2025-09-01 21:13:01,379 [Worker-22: Building] INFO  o.a.m.s.f.DefaultMavenResourcesFiltering - skip non existing resourceDirectory C:\Users\SRUTHI\Documents\atm\ATM-Project\src\test\resources
2025-09-01 21:13:22,974 [Worker-22: Building] INFO  o.a.m.s.f.DefaultMavenResourcesFiltering - Copying 1 resource from src\main\resources to target\classes
2025-09-01 21:13:22,981 [Worker-22: Building] INFO  o.a.m.s.f.DefaultMavenResourcesFiltering - Copying 0 resource from src\main\resources to target\classes
2025-09-01 21:13:22,983 [Worker-22: Building] INFO  o.a.m.s.f.DefaultMavenResourcesFiltering - skip non existing resourceDirectory C:\Users\SRUTHI\Documents\atm\ATM-Project\src\test\resources
2025-09-01 21:14:53,818 [Worker-5: Building] INFO  o.a.m.s.f.DefaultMavenResourcesFiltering - Copying 1 resource from src\main\resources to target\classes
2025-09-01 21:14:53,824 [Worker-5: Building] INFO  o.a.m.s.f.DefaultMavenResourcesFiltering - Copying 0 resource from src\main\resources to target\classes
2025-09-01 21:14:53,827 [Worker-5: Building] INFO  o.a.m.s.f.DefaultMavenResourcesFiltering - skip non existing resourceDirectory C:\Users\SRUTHI\Documents\atm\ATM-Project\src\test\resources
2025-09-01 21:15:06,892 [Worker-22: Building] INFO  o.a.m.s.f.DefaultMavenResourcesFiltering - Copying 1 resource from src\main\resources to target\classes
2025-09-01 21:15:06,893 [Worker-22: Building] INFO  o.a.m.s.f.DefaultMavenResourcesFiltering - Copying 0 resource from src\main\resources to target\classes
2025-09-01 21:15:06,895 [Worker-22: Building] INFO  o.a.m.s.f.DefaultMavenResourcesFiltering - skip non existing resourceDirectory C:\Users\SRUTHI\Documents\atm\ATM-Project\src\test\resources
2025-09-01 21:17:49,540 [Worker-25: Building] INFO  o.a.m.s.f.DefaultMavenResourcesFiltering - Copying 1 resource from src\main\resources to target\classes
2025-09-01 21:17:49,568 [Worker-25: Building] INFO  o.a.m.s.f.DefaultMavenResourcesFiltering - Copying 0 resource from src\main\resources to target\classes
2025-09-01 21:17:49,575 [Worker-25: Building] INFO  o.a.m.s.f.DefaultMavenResourcesFiltering - skip non existing resourceDirectory C:\Users\SRUTHI\Documents\atm\ATM-Project\src\test\resources
2025-09-01 21:18:08,910 [Worker-22: Building] INFO  o.a.m.s.f.DefaultMavenResourcesFiltering - Copying 1 resource from src\main\resources to target\classes
2025-09-01 21:18:08,915 [Worker-22: Building] INFO  o.a.m.s.f.DefaultMavenResourcesFiltering - Copying 0 resource from src\main\resources to target\classes
2025-09-01 21:18:08,918 [Worker-22: Building] INFO  o.a.m.s.f.DefaultMavenResourcesFiltering - skip non existing resourceDirectory C:\Users\SRUTHI\Documents\atm\ATM-Project\src\test\resources
2025-09-01 21:18:24,613 [Worker-26: Building] INFO  o.a.m.s.f.DefaultMavenResourcesFiltering - Copying 1 resource from src\main\resources to target\classes
2025-09-01 21:18:24,620 [Worker-26: Building] INFO  o.a.m.s.f.DefaultMavenResourcesFiltering - Copying 0 resource from src\main\resources to target\classes
2025-09-01 21:18:24,623 [Worker-26: Building] INFO  o.a.m.s.f.DefaultMavenResourcesFiltering - skip non existing resourceDirectory C:\Users\SRUTHI\Documents\atm\ATM-Project\src\test\resources
2025-09-01 21:19:51,236 [Worker-27: Building] INFO  o.a.m.s.f.DefaultMavenResourcesFiltering - Copying 1 resource from src\main\resources to target\classes
2025-09-01 21:19:51,245 [Worker-27: Building] INFO  o.a.m.s.f.DefaultMavenResourcesFiltering - Copying 0 resource from src\main\resources to target\classes
2025-09-01 21:19:51,248 [Worker-27: Building] INFO  o.a.m.s.f.DefaultMavenResourcesFiltering - skip non existing resourceDirectory C:\Users\SRUTHI\Documents\atm\ATM-Project\src\test\resources
2025-09-01 21:22:07,297 [Worker-25: Building] INFO  o.a.m.s.f.DefaultMavenResourcesFiltering - Copying 1 resource from src\main\resources to target\classes
2025-09-01 21:22:07,304 [Worker-25: Building] INFO  o.a.m.s.f.DefaultMavenResourcesFiltering - Copying 0 resource from src\main\resources to target\classes
2025-09-01 21:22:07,307 [Worker-25: Building] INFO  o.a.m.s.f.DefaultMavenResourcesFiltering - skip non existing resourceDirectory C:\Users\SRUTHI\Documents\atm\ATM-Project\src\test\resources
2025-09-01 21:22:27,520 [Worker-1: Building] INFO  o.a.m.s.f.DefaultMavenResourcesFiltering - Copying 1 resource from src\main\resources to target\classes
2025-09-01 21:22:27,526 [Worker-1: Building] INFO  o.a.m.s.f.DefaultMavenResourcesFiltering - Copying 0 resource from src\main\resources to target\classes
2025-09-01 21:22:27,528 [Worker-1: Building] INFO  o.a.m.s.f.DefaultMavenResourcesFiltering - skip non existing resourceDirectory C:\Users\SRUTHI\Documents\atm\ATM-Project\src\test\resources
2025-09-01 21:27:37,946 [Worker-22: Building] INFO  o.a.m.s.f.DefaultMavenResourcesFiltering - Copying 1 resource from src\main\resources to target\classes
2025-09-01 21:27:37,954 [Worker-22: Building] INFO  o.a.m.s.f.DefaultMavenResourcesFiltering - Copying 0 resource from src\main\resources to target\classes
2025-09-01 21:27:37,956 [Worker-22: Building] INFO  o.a.m.s.f.DefaultMavenResourcesFiltering - skip non existing resourceDirectory C:\Users\SRUTHI\Documents\atm\ATM-Project\src\test\resources
2025-09-01 21:28:03,480 [Worker-21: Building] INFO  o.a.m.s.f.DefaultMavenResourcesFiltering - Copying 1 resource from src\main\resources to target\classes
2025-09-01 21:28:03,490 [Worker-21: Building] INFO  o.a.m.s.f.DefaultMavenResourcesFiltering - Copying 0 resource from src\main\resources to target\classes
2025-09-01 21:28:03,495 [Worker-21: Building] INFO  o.a.m.s.f.DefaultMavenResourcesFiltering - skip non existing resourceDirectory C:\Users\SRUTHI\Documents\atm\ATM-Project\src\test\resources
2025-09-01 21:28:41,236 [Worker-1: Building] INFO  o.a.m.s.f.DefaultMavenResourcesFiltering - Copying 1 resource from src\main\resources to target\classes
2025-09-01 21:28:41,245 [Worker-1: Building] INFO  o.a.m.s.f.DefaultMavenResourcesFiltering - Copying 0 resource from src\main\resources to target\classes
2025-09-01 21:28:41,250 [Worker-1: Building] INFO  o.a.m.s.f.DefaultMavenResourcesFiltering - skip non existing resourceDirectory C:\Users\SRUTHI\Documents\atm\ATM-Project\src\test\resources
2025-09-01 21:29:05,798 [Worker-21: Building] INFO  o.a.m.s.f.DefaultMavenResourcesFiltering - Copying 1 resource from src\main\resources to target\classes
2025-09-01 21:29:05,805 [Worker-21: Building] INFO  o.a.m.s.f.DefaultMavenResourcesFiltering - Copying 0 resource from src\main\resources to target\classes
2025-09-01 21:29:05,807 [Worker-21: Building] INFO  o.a.m.s.f.DefaultMavenResourcesFiltering - skip non existing resourceDirectory C:\Users\SRUTHI\Documents\atm\ATM-Project\src\test\resources
2025-09-01 21:29:21,364 [Worker-22: Building] INFO  o.a.m.s.f.DefaultMavenResourcesFiltering - Copying 1 resource from src\main\resources to target\classes
2025-09-01 21:29:21,371 [Worker-22: Building] INFO  o.a.m.s.f.DefaultMavenResourcesFiltering - Copying 0 resource from src\main\resources to target\classes
2025-09-01 21:29:21,375 [Worker-22: Building] INFO  o.a.m.s.f.DefaultMavenResourcesFiltering - skip non existing resourceDirectory C:\Users\SRUTHI\Documents\atm\ATM-Project\src\test\resources
2025-09-01 21:29:41,428 [Worker-24: Updating Maven Project] INFO  o.e.m.c.i.p.ProjectConfigurationManager - Update started
2025-09-01 21:29:42,303 [Worker-24: Updating Maven Project] INFO  o.e.m.c.i.l.LifecycleMappingFactory - Using org.eclipse.m2e.jdt.JarLifecycleMapping lifecycle mapping for MavenProject: com.atm:ATM-Project:1.0 @ C:\Users\SRUTHI\Documents\atm\ATM-Project\pom.xml.
2025-09-01 21:29:43,360 [Worker-24: Updating Maven Project] INFO  o.e.m.j.i.AbstractJavaProjectConfigurator - Adding source folder /ATM-Project/src/main/java
2025-09-01 21:29:43,362 [Worker-24: Updating Maven Project] INFO  o.e.m.j.i.AbstractJavaProjectConfigurator - Adding resource folder /ATM-Project/src/main/resources
2025-09-01 21:29:43,363 [Worker-24: Updating Maven Project] INFO  o.e.m.j.i.AbstractJavaProjectConfigurator - Adding resource folder /ATM-Project/src/main/resources
2025-09-01 21:29:43,363 [Worker-24: Updating Maven Project] INFO  o.e.m.j.i.AbstractJavaProjectConfigurator - Adding source folder /ATM-Project/src/test/java
2025-09-01 21:29:43,364 [Worker-24: Updating Maven Project] INFO  o.e.m.j.i.AbstractJavaProjectConfigurator - Adding resource folder /ATM-Project/src/test/resources
2025-09-01 21:29:43,719 [Worker-24: Updating Maven Project] INFO  o.e.m.c.i.p.ProjectConfigurationManager - Update completed for 1 poms: local refresh takes 0.00 sec, refresh facades takes 1.00 sec, update config takes 0.00 sec 
2025-09-01 21:29:44,062 [Worker-1: Building] INFO  o.a.m.s.f.DefaultMavenResourcesFiltering - Copying 1 resource from src\main\resources to target\classes
2025-09-01 21:29:44,076 [Worker-1: Building] INFO  o.a.m.s.f.DefaultMavenResourcesFiltering - Copying 0 resource from src\main\resources to target\classes
2025-09-01 21:29:44,082 [Worker-1: Building] INFO  o.a.m.s.f.DefaultMavenResourcesFiltering - skip non existing resourceDirectory C:\Users\SRUTHI\Documents\atm\ATM-Project\src\test\resources
2025-09-01 21:31:20,772 [Worker-25: Building] INFO  o.a.m.s.f.DefaultMavenResourcesFiltering - Copying 1 resource from src\main\resources to target\classes
2025-09-01 21:31:20,781 [Worker-25: Building] INFO  o.a.m.s.f.DefaultMavenResourcesFiltering - Copying 0 resource from src\main\resources to target\classes
2025-09-01 21:31:20,783 [Worker-25: Building] INFO  o.a.m.s.f.DefaultMavenResourcesFiltering - skip non existing resourceDirectory C:\Users\SRUTHI\Documents\atm\ATM-Project\src\test\resources
2025-09-01 21:31:31,488 [Worker-22: Building] INFO  o.a.m.s.f.DefaultMavenResourcesFiltering - Copying 1 resource from src\main\resources to target\classes
2025-09-01 21:31:31,494 [Worker-22: Building] INFO  o.a.m.s.f.DefaultMavenResourcesFiltering - Copying 0 resource from src\main\resources to target\classes
2025-09-01 21:31:31,496 [Worker-22: Building] INFO  o.a.m.s.f.DefaultMavenResourcesFiltering - skip non existing resourceDirectory C:\Users\SRUTHI\Documents\atm\ATM-Project\src\test\resources
2025-09-01 21:32:11,605 [Worker-25: Building] INFO  o.a.m.s.f.DefaultMavenResourcesFiltering - Copying 1 resource from src\main\resources to target\classes
2025-09-01 21:32:11,612 [Worker-25: Building] INFO  o.a.m.s.f.DefaultMavenResourcesFiltering - Copying 0 resource from src\main\resources to target\classes
2025-09-01 21:32:11,614 [Worker-25: Building] INFO  o.a.m.s.f.DefaultMavenResourcesFiltering - skip non existing resourceDirectory C:\Users\SRUTHI\Documents\atm\ATM-Project\src\test\resources
2025-09-01 21:32:32,281 [Worker-22: Building] INFO  o.a.m.s.f.DefaultMavenResourcesFiltering - Copying 1 resource from src\main\resources to target\classes
2025-09-01 21:32:32,286 [Worker-22: Building] INFO  o.a.m.s.f.DefaultMavenResourcesFiltering - Copying 0 resource from src\main\resources to target\classes
2025-09-01 21:32:32,289 [Worker-22: Building] INFO  o.a.m.s.f.DefaultMavenResourcesFiltering - skip non existing resourceDirectory C:\Users\SRUTHI\Documents\atm\ATM-Project\src\test\resources
2025-09-01 21:34:01,827 [Worker-23: Building] INFO  o.a.m.s.f.DefaultMavenResourcesFiltering - Copying 1 resource from src\main\resources to target\classes
2025-09-01 21:34:01,835 [Worker-23: Building] INFO  o.a.m.s.f.DefaultMavenResourcesFiltering - Copying 0 resource from src\main\resources to target\classes
2025-09-01 21:34:01,837 [Worker-23: Building] INFO  o.a.m.s.f.DefaultMavenResourcesFiltering - skip non existing resourceDirectory C:\Users\SRUTHI\Documents\atm\ATM-Project\src\test\resources
2025-09-01 21:34:33,219 [Worker-24: Building] INFO  o.a.m.s.f.DefaultMavenResourcesFiltering - Copying 1 resource from src\main\resources to target\classes
2025-09-01 21:34:33,226 [Worker-24: Building] INFO  o.a.m.s.f.DefaultMavenResourcesFiltering - Copying 0 resource from src\main\resources to target\classes
2025-09-01 21:34:33,231 [Worker-24: Building] INFO  o.a.m.s.f.DefaultMavenResourcesFiltering - skip non existing resourceDirectory C:\Users\SRUTHI\Documents\atm\ATM-Project\src\test\resources
2025-09-01 21:35:03,294 [Worker-5: Building] INFO  o.a.m.s.f.DefaultMavenResourcesFiltering - Copying 1 resource from src\main\resources to target\classes
2025-09-01 21:35:03,304 [Worker-5: Building] INFO  o.a.m.s.f.DefaultMavenResourcesFiltering - Copying 0 resource from src\main\resources to target\classes
2025-09-01 21:35:03,307 [Worker-5: Building] INFO  o.a.m.s.f.DefaultMavenResourcesFiltering - skip non existing resourceDirectory C:\Users\SRUTHI\Documents\atm\ATM-Project\src\test\resources
2025-09-01 21:37:08,200 [Worker-5: Building] INFO  o.a.m.s.f.DefaultMavenResourcesFiltering - Copying 1 resource from src\main\resources to target\classes
2025-09-01 21:37:08,208 [Worker-5: Building] INFO  o.a.m.s.f.DefaultMavenResourcesFiltering - Copying 0 resource from src\main\resources to target\classes
2025-09-01 21:37:08,211 [Worker-5: Building] INFO  o.a.m.s.f.DefaultMavenResourcesFiltering - skip non existing resourceDirectory C:\Users\SRUTHI\Documents\atm\ATM-Project\src\test\resources
2025-09-02 19:40:30,499 [Worker-5: Loading available Gradle versions] INFO  o.e.b.c.i.u.g.PublishedGradleVersions - Gradle version information cache is out-of-date. Trying to update.
2025-09-02 19:58:42,401 [Worker-13: Building] INFO  o.a.m.s.f.DefaultMavenResourcesFiltering - Copying 1 resource from src\main\resources to target\classes
2025-09-02 19:58:42,426 [Worker-13: Building] INFO  o.a.m.s.f.DefaultMavenResourcesFiltering - Copying 0 resource from src\main\resources to target\classes
2025-09-02 19:58:42,432 [Worker-13: Building] INFO  o.a.m.s.f.DefaultMavenResourcesFiltering - skip non existing resourceDirectory C:\Users\SRUTHI\Documents\atm\ATM-Project\src\test\resources
2025-09-02 19:58:59,003 [Worker-13: Building] INFO  o.a.m.s.f.DefaultMavenResourcesFiltering - Copying 1 resource from src\main\resources to target\classes
2025-09-02 19:58:59,009 [Worker-13: Building] INFO  o.a.m.s.f.DefaultMavenResourcesFiltering - Copying 0 resource from src\main\resources to target\classes
2025-09-02 19:58:59,012 [Worker-13: Building] INFO  o.a.m.s.f.DefaultMavenResourcesFiltering - skip non existing resourceDirectory C:\Users\SRUTHI\Documents\atm\ATM-Project\src\test\resources
2025-09-02 19:59:28,281 [Worker-19: Building] INFO  o.a.m.s.f.DefaultMavenResourcesFiltering - Copying 1 resource from src\main\resources to target\classes
2025-09-02 19:59:28,287 [Worker-19: Building] INFO  o.a.m.s.f.DefaultMavenResourcesFiltering - Copying 0 resource from src\main\resources to target\classes
2025-09-02 19:59:28,290 [Worker-19: Building] INFO  o.a.m.s.f.DefaultMavenResourcesFiltering - skip non existing resourceDirectory C:\Users\SRUTHI\Documents\atm\ATM-Project\src\test\resources
2025-09-02 19:59:46,375 [Worker-3: Building] INFO  o.a.m.s.f.DefaultMavenResourcesFiltering - Copying 1 resource from src\main\resources to target\classes
2025-09-02 19:59:46,380 [Worker-3: Building] INFO  o.a.m.s.f.DefaultMavenResourcesFiltering - Copying 0 resource from src\main\resources to target\classes
2025-09-02 19:59:46,383 [Worker-3: Building] INFO  o.a.m.s.f.DefaultMavenResourcesFiltering - skip non existing resourceDirectory C:\Users\SRUTHI\Documents\atm\ATM-Project\src\test\resources
2025-09-02 19:59:57,989 [Worker-4: Building] INFO  o.a.m.s.f.DefaultMavenResourcesFiltering - Copying 1 resource from src\main\resources to target\classes
2025-09-02 19:59:57,995 [Worker-4: Building] INFO  o.a.m.s.f.DefaultMavenResourcesFiltering - Copying 0 resource from src\main\resources to target\classes
2025-09-02 19:59:57,999 [Worker-4: Building] INFO  o.a.m.s.f.DefaultMavenResourcesFiltering - skip non existing resourceDirectory C:\Users\SRUTHI\Documents\atm\ATM-Project\src\test\resources
2025-09-02 20:00:12,661 [Worker-18: Building] INFO  o.a.m.s.f.DefaultMavenResourcesFiltering - Copying 1 resource from src\main\resources to target\classes
2025-09-02 20:00:12,667 [Worker-18: Building] INFO  o.a.m.s.f.DefaultMavenResourcesFiltering - Copying 0 resource from src\main\resources to target\classes
2025-09-02 20:00:12,670 [Worker-18: Building] INFO  o.a.m.s.f.DefaultMavenResourcesFiltering - skip non existing resourceDirectory C:\Users\SRUTHI\Documents\atm\ATM-Project\src\test\resources
2025-09-02 20:00:28,523 [Worker-18: Building] INFO  o.a.m.s.f.DefaultMavenResourcesFiltering - Copying 1 resource from src\main\resources to target\classes
2025-09-02 20:00:28,527 [Worker-18: Building] INFO  o.a.m.s.f.DefaultMavenResourcesFiltering - Copying 0 resource from src\main\resources to target\classes
2025-09-02 20:00:28,530 [Worker-18: Building] INFO  o.a.m.s.f.DefaultMavenResourcesFiltering - skip non existing resourceDirectory C:\Users\SRUTHI\Documents\atm\ATM-Project\src\test\resources
2025-09-02 20:00:43,137 [Worker-20: Building] INFO  o.a.m.s.f.DefaultMavenResourcesFiltering - Copying 1 resource from src\main\resources to target\classes
2025-09-02 20:00:43,142 [Worker-20: Building] INFO  o.a.m.s.f.DefaultMavenResourcesFiltering - Copying 0 resource from src\main\resources to target\classes
2025-09-02 20:00:43,147 [Worker-20: Building] INFO  o.a.m.s.f.DefaultMavenResourcesFiltering - skip non existing resourceDirectory C:\Users\SRUTHI\Documents\atm\ATM-Project\src\test\resources
2025-09-02 20:00:53,289 [Worker-4: Building] INFO  o.a.m.s.f.DefaultMavenResourcesFiltering - Copying 1 resource from src\main\resources to target\classes
2025-09-02 20:00:53,295 [Worker-4: Building] INFO  o.a.m.s.f.DefaultMavenResourcesFiltering - Copying 0 resource from src\main\resources to target\classes
2025-09-02 20:00:53,299 [Worker-4: Building] INFO  o.a.m.s.f.DefaultMavenResourcesFiltering - skip non existing resourceDirectory C:\Users\SRUTHI\Documents\atm\ATM-Project\src\test\resources
2025-09-02 20:03:43,586 [Worker-18: Building] INFO  o.a.m.s.f.DefaultMavenResourcesFiltering - Copying 1 resource from src\main\resources to target\classes
2025-09-02 20:03:43,590 [Worker-18: Building] INFO  o.a.m.s.f.DefaultMavenResourcesFiltering - Copying 0 resource from src\main\resources to target\classes
2025-09-02 20:03:43,593 [Worker-18: Building] INFO  o.a.m.s.f.DefaultMavenResourcesFiltering - skip non existing resourceDirectory C:\Users\SRUTHI\Documents\atm\ATM-Project\src\test\resources
2025-09-02 20:10:45,688 [Worker-21: Building] INFO  o.a.m.s.f.DefaultMavenResourcesFiltering - Copying 1 resource from src\main\resources to target\classes
2025-09-02 20:10:45,696 [Worker-21: Building] INFO  o.a.m.s.f.DefaultMavenResourcesFiltering - Copying 0 resource from src\main\resources to target\classes
2025-09-02 20:10:45,699 [Worker-21: Building] INFO  o.a.m.s.f.DefaultMavenResourcesFiltering - skip non existing resourceDirectory C:\Users\SRUTHI\Documents\atm\ATM-Project\src\test\resources
2025-09-02 20:11:00,155 [Worker-23: Building] INFO  o.a.m.s.f.DefaultMavenResourcesFiltering - Copying 1 resource from src\main\resources to target\classes
2025-09-02 20:11:00,164 [Worker-23: Building] INFO  o.a.m.s.f.DefaultMavenResourcesFiltering - Copying 0 resource from src\main\resources to target\classes
2025-09-02 20:11:00,167 [Worker-23: Building] INFO  o.a.m.s.f.DefaultMavenResourcesFiltering - skip non existing resourceDirectory C:\Users\SRUTHI\Documents\atm\ATM-Project\src\test\resources
2025-09-02 20:12:09,422 [Worker-22: Building] INFO  o.a.m.s.f.DefaultMavenResourcesFiltering - Copying 1 resource from src\main\resources to target\classes
2025-09-02 20:12:09,426 [Worker-22: Building] INFO  o.a.m.s.f.DefaultMavenResourcesFiltering - Copying 0 resource from src\main\resources to target\classes
2025-09-02 20:12:09,429 [Worker-22: Building] INFO  o.a.m.s.f.DefaultMavenResourcesFiltering - skip non existing resourceDirectory C:\Users\SRUTHI\Documents\atm\ATM-Project\src\test\resources
2025-09-02 20:12:25,425 [Worker-18: Building] INFO  o.a.m.s.f.DefaultMavenResourcesFiltering - Copying 1 resource from src\main\resources to target\classes
2025-09-02 20:12:25,430 [Worker-18: Building] INFO  o.a.m.s.f.DefaultMavenResourcesFiltering - Copying 0 resource from src\main\resources to target\classes
2025-09-02 20:12:25,434 [Worker-18: Building] INFO  o.a.m.s.f.DefaultMavenResourcesFiltering - skip non existing resourceDirectory C:\Users\SRUTHI\Documents\atm\ATM-Project\src\test\resources
2025-09-02 20:13:38,798 [Worker-23: Building] INFO  o.a.m.s.f.DefaultMavenResourcesFiltering - Copying 1 resource from src\main\resources to target\classes
2025-09-02 20:13:38,804 [Worker-23: Building] INFO  o.a.m.s.f.DefaultMavenResourcesFiltering - Copying 0 resource from src\main\resources to target\classes
2025-09-02 20:13:38,808 [Worker-23: Building] INFO  o.a.m.s.f.DefaultMavenResourcesFiltering - skip non existing resourceDirectory C:\Users\SRUTHI\Documents\atm\ATM-Project\src\test\resources
2025-09-02 20:48:24,294 [Worker-21: Building] INFO  o.a.m.s.f.DefaultMavenResourcesFiltering - Copying 1 resource from src\main\resources to target\classes
2025-09-02 20:48:24,302 [Worker-21: Building] INFO  o.a.m.s.f.DefaultMavenResourcesFiltering - Copying 0 resource from src\main\resources to target\classes
2025-09-02 20:48:24,305 [Worker-21: Building] INFO  o.a.m.s.f.DefaultMavenResourcesFiltering - skip non existing resourceDirectory C:\Users\SRUTHI\Documents\atm\ATM-Project\src\test\resources
2025-09-02 20:49:19,246 [Worker-24: Building] INFO  o.a.m.s.f.DefaultMavenResourcesFiltering - Copying 1 resource from src\main\resources to target\classes
2025-09-02 20:49:19,249 [Worker-24: Building] INFO  o.a.m.s.f.DefaultMavenResourcesFiltering - Copying 0 resource from src\main\resources to target\classes
2025-09-02 20:49:19,253 [Worker-24: Building] INFO  o.a.m.s.f.DefaultMavenResourcesFiltering - skip non existing resourceDirectory C:\Users\SRUTHI\Documents\atm\ATM-Project\src\test\resources
2025-09-02 20:49:35,715 [Worker-22: Building] INFO  o.a.m.s.f.DefaultMavenResourcesFiltering - Copying 1 resource from src\main\resources to target\classes
2025-09-02 20:49:35,717 [Worker-22: Building] INFO  o.a.m.s.f.DefaultMavenResourcesFiltering - Copying 0 resource from src\main\resources to target\classes
2025-09-02 20:49:35,721 [Worker-22: Building] INFO  o.a.m.s.f.DefaultMavenResourcesFiltering - skip non existing resourceDirectory C:\Users\SRUTHI\Documents\atm\ATM-Project\src\test\resources
2025-09-02 21:09:49,975 [Worker-22: Building] INFO  o.a.m.s.f.DefaultMavenResourcesFiltering - Copying 1 resource from src\main\resources to target\classes
2025-09-02 21:09:49,982 [Worker-22: Building] INFO  o.a.m.s.f.DefaultMavenResourcesFiltering - Copying 0 resource from src\main\resources to target\classes
2025-09-02 21:09:49,984 [Worker-22: Building] INFO  o.a.m.s.f.DefaultMavenResourcesFiltering - skip non existing resourceDirectory C:\Users\SRUTHI\Documents\atm\ATM-Project\src\test\resources
2025-09-02 21:10:07,480 [Worker-27: Building] INFO  o.a.m.s.f.DefaultMavenResourcesFiltering - Copying 1 resource from src\main\resources to target\classes
2025-09-02 21:10:07,487 [Worker-27: Building] INFO  o.a.m.s.f.DefaultMavenResourcesFiltering - Copying 0 resource from src\main\resources to target\classes
2025-09-02 21:10:07,492 [Worker-27: Building] INFO  o.a.m.s.f.DefaultMavenResourcesFiltering - skip non existing resourceDirectory C:\Users\SRUTHI\Documents\atm\ATM-Project\src\test\resources
2025-09-02 21:10:24,527 [Worker-22: Building] INFO  o.a.m.s.f.DefaultMavenResourcesFiltering - Copying 1 resource from src\main\resources to target\classes
2025-09-02 21:10:24,532 [Worker-22: Building] INFO  o.a.m.s.f.DefaultMavenResourcesFiltering - Copying 0 resource from src\main\resources to target\classes
2025-09-02 21:10:24,536 [Worker-22: Building] INFO  o.a.m.s.f.DefaultMavenResourcesFiltering - skip non existing resourceDirectory C:\Users\SRUTHI\Documents\atm\ATM-Project\src\test\resources
2025-09-02 21:10:35,180 [Worker-25: Building] INFO  o.a.m.s.f.DefaultMavenResourcesFiltering - Copying 1 resource from src\main\resources to target\classes
2025-09-02 21:10:35,182 [Worker-25: Building] INFO  o.a.m.s.f.DefaultMavenResourcesFiltering - Copying 0 resource from src\main\resources to target\classes
2025-09-02 21:10:35,185 [Worker-25: Building] INFO  o.a.m.s.f.DefaultMavenResourcesFiltering - skip non existing resourceDirectory C:\Users\SRUTHI\Documents\atm\ATM-Project\src\test\resources
2025-09-02 21:11:55,686 [Worker-25: Building] INFO  o.a.m.s.f.DefaultMavenResourcesFiltering - Copying 1 resource from src\main\resources to target\classes
2025-09-02 21:11:55,696 [Worker-25: Building] INFO  o.a.m.s.f.DefaultMavenResourcesFiltering - Copying 0 resource from src\main\resources to target\classes
2025-09-02 21:11:55,700 [Worker-25: Building] INFO  o.a.m.s.f.DefaultMavenResourcesFiltering - skip non existing resourceDirectory C:\Users\SRUTHI\Documents\atm\ATM-Project\src\test\resources
2025-09-02 21:17:39,540 [Worker-26: Building] INFO  o.a.m.s.f.DefaultMavenResourcesFiltering - Copying 1 resource from src\main\resources to target\classes
2025-09-02 21:17:39,547 [Worker-26: Building] INFO  o.a.m.s.f.DefaultMavenResourcesFiltering - Copying 0 resource from src\main\resources to target\classes
2025-09-02 21:17:39,549 [Worker-26: Building] INFO  o.a.m.s.f.DefaultMavenResourcesFiltering - skip non existing resourceDirectory C:\Users\SRUTHI\Documents\atm\ATM-Project\src\test\resources
2025-09-02 21:20:32,404 [Worker-28: Building] INFO  o.a.m.s.f.DefaultMavenResourcesFiltering - Copying 1 resource from src\main\resources to target\classes
2025-09-02 21:20:32,414 [Worker-28: Building] INFO  o.a.m.s.f.DefaultMavenResourcesFiltering - Copying 0 resource from src\main\resources to target\classes
2025-09-02 21:20:32,417 [Worker-28: Building] INFO  o.a.m.s.f.DefaultMavenResourcesFiltering - skip non existing resourceDirectory C:\Users\SRUTHI\Documents\atm\ATM-Project\src\test\resources
2025-09-02 21:22:21,548 [Worker-29: Building] INFO  o.a.m.s.f.DefaultMavenResourcesFiltering - Copying 1 resource from src\main\resources to target\classes
2025-09-02 21:22:21,554 [Worker-29: Building] INFO  o.a.m.s.f.DefaultMavenResourcesFiltering - Copying 0 resource from src\main\resources to target\classes
2025-09-02 21:22:21,556 [Worker-29: Building] INFO  o.a.m.s.f.DefaultMavenResourcesFiltering - skip non existing resourceDirectory C:\Users\SRUTHI\Documents\atm\ATM-Project\src\test\resources
2025-09-02 21:22:49,760 [Worker-30: Building] INFO  o.a.m.s.f.DefaultMavenResourcesFiltering - Copying 1 resource from src\main\resources to target\classes
2025-09-02 21:22:49,762 [Worker-30: Building] INFO  o.a.m.s.f.DefaultMavenResourcesFiltering - Copying 0 resource from src\main\resources to target\classes
2025-09-02 21:22:49,766 [Worker-30: Building] INFO  o.a.m.s.f.DefaultMavenResourcesFiltering - skip non existing resourceDirectory C:\Users\SRUTHI\Documents\atm\ATM-Project\src\test\resources
2025-09-02 21:26:29,221 [Worker-30: Building] INFO  o.a.m.s.f.DefaultMavenResourcesFiltering - Copying 1 resource from src\main\resources to target\classes
2025-09-02 21:26:29,227 [Worker-30: Building] INFO  o.a.m.s.f.DefaultMavenResourcesFiltering - Copying 0 resource from src\main\resources to target\classes
2025-09-02 21:26:29,229 [Worker-30: Building] INFO  o.a.m.s.f.DefaultMavenResourcesFiltering - skip non existing resourceDirectory C:\Users\SRUTHI\Documents\atm\ATM-Project\src\test\resources
2025-09-02 21:28:32,177 [Worker-33: Building] INFO  o.a.m.s.f.DefaultMavenResourcesFiltering - Copying 1 resource from src\main\resources to target\classes
2025-09-02 21:28:32,184 [Worker-33: Building] INFO  o.a.m.s.f.DefaultMavenResourcesFiltering - Copying 0 resource from src\main\resources to target\classes
2025-09-02 21:28:32,186 [Worker-33: Building] INFO  o.a.m.s.f.DefaultMavenResourcesFiltering - skip non existing resourceDirectory C:\Users\SRUTHI\Documents\atm\ATM-Project\src\test\resources
2025-09-02 21:29:11,871 [Worker-37: Building] INFO  o.a.m.s.f.DefaultMavenResourcesFiltering - Copying 1 resource from src\main\resources to target\classes
2025-09-02 21:29:11,890 [Worker-37: Building] INFO  o.a.m.s.f.DefaultMavenResourcesFiltering - Copying 0 resource from src\main\resources to target\classes
2025-09-02 21:29:11,897 [Worker-37: Building] INFO  o.a.m.s.f.DefaultMavenResourcesFiltering - skip non existing resourceDirectory C:\Users\SRUTHI\Documents\atm\ATM-Project\src\test\resources
2025-09-02 21:29:21,817 [Worker-36: Building] INFO  o.a.m.s.f.DefaultMavenResourcesFiltering - Copying 1 resource from src\main\resources to target\classes
2025-09-02 21:29:21,821 [Worker-36: Building] INFO  o.a.m.s.f.DefaultMavenResourcesFiltering - Copying 0 resource from src\main\resources to target\classes
2025-09-02 21:29:21,822 [Worker-36: Building] INFO  o.a.m.s.f.DefaultMavenResourcesFiltering - skip non existing resourceDirectory C:\Users\SRUTHI\Documents\atm\ATM-Project\src\test\resources
2025-09-02 21:30:00,766 [Worker-25: Building] INFO  o.a.m.s.f.DefaultMavenResourcesFiltering - Copying 1 resource from src\main\resources to target\classes
2025-09-02 21:30:00,770 [Worker-25: Building] INFO  o.a.m.s.f.DefaultMavenResourcesFiltering - Copying 0 resource from src\main\resources to target\classes
2025-09-02 21:30:00,772 [Worker-25: Building] INFO  o.a.m.s.f.DefaultMavenResourcesFiltering - skip non existing resourceDirectory C:\Users\SRUTHI\Documents\atm\ATM-Project\src\test\resources
2025-09-02 21:30:25,273 [Start Help Server] INFO  org.eclipse.jetty.server.Server - jetty-12.0.21; built: 2025-05-09T00:32:00.688Z; git: 1c4719601e31b05b7d68910d2edd980259f1f53c; jvm 21.0.7+6-LTS
2025-09-02 21:30:25,325 [Start Help Server] INFO  o.e.j.server.handler.ContextHandler - Started oeje8n.ContextHandler$CoreContextHandler@3de7575e{/help,/help,b=null,a=AVAILABLE,h=oeje8n.ContextHandler$CoreContextHandler$CoreToNestedHandler@39ed6ea8{STARTED}}
2025-09-02 21:30:25,325 [Start Help Server] INFO  o.e.j.s.DefaultSessionIdManager - Session workerName=node0
2025-09-02 21:30:25,346 [Start Help Server] INFO  o.e.jetty.server.AbstractConnector - Started ServerConnector@6a323a87{HTTP/1.1, (http/1.1)}{127.0.0.1:54485}
2025-09-02 21:30:25,362 [Start Help Server] INFO  org.eclipse.jetty.server.Server - Started oejs.Server@6906fc51{STARTING}[12.0.21,sto=0] @6609092ms
2025-09-02 21:30:28,616 [Worker-37: Building] INFO  o.a.m.s.f.DefaultMavenResourcesFiltering - Copying 1 resource from src\main\resources to target\classes
2025-09-02 21:30:28,619 [Worker-37: Building] INFO  o.a.m.s.f.DefaultMavenResourcesFiltering - Copying 0 resource from src\main\resources to target\classes
2025-09-02 21:30:28,621 [Worker-37: Building] INFO  o.a.m.s.f.DefaultMavenResourcesFiltering - skip non existing resourceDirectory C:\Users\SRUTHI\Documents\atm\ATM-Project\src\test\resources
2025-09-02 21:31:19,343 [Worker-37: Building] INFO  o.a.m.s.f.DefaultMavenResourcesFiltering - Copying 1 resource from src\main\resources to target\classes
2025-09-02 21:31:19,346 [Worker-37: Building] INFO  o.a.m.s.f.DefaultMavenResourcesFiltering - Copying 0 resource from src\main\resources to target\classes
2025-09-02 21:31:19,348 [Worker-37: Building] INFO  o.a.m.s.f.DefaultMavenResourcesFiltering - skip non existing resourceDirectory C:\Users\SRUTHI\Documents\atm\ATM-Project\src\test\resources
2025-09-02 21:33:04,089 [Worker-37: Building] INFO  o.a.m.s.f.DefaultMavenResourcesFiltering - Copying 1 resource from src\main\resources to target\classes
2025-09-02 21:33:04,097 [Worker-37: Building] INFO  o.a.m.s.f.DefaultMavenResourcesFiltering - Copying 0 resource from src\main\resources to target\classes
2025-09-02 21:33:04,099 [Worker-37: Building] INFO  o.a.m.s.f.DefaultMavenResourcesFiltering - skip non existing resourceDirectory C:\Users\SRUTHI\Documents\atm\ATM-Project\src\test\resources
2025-09-02 21:34:40,431 [Worker-37: Building] INFO  o.a.m.s.f.DefaultMavenResourcesFiltering - Copying 1 resource from src\main\resources to target\classes
2025-09-02 21:34:40,437 [Worker-37: Building] INFO  o.a.m.s.f.DefaultMavenResourcesFiltering - Copying 0 resource from src\main\resources to target\classes
2025-09-02 21:34:40,439 [Worker-37: Building] INFO  o.a.m.s.f.DefaultMavenResourcesFiltering - skip non existing resourceDirectory C:\Users\SRUTHI\Documents\atm\ATM-Project\src\test\resources
2025-09-02 21:37:36,942 [Worker-36: Building] INFO  o.a.m.s.f.DefaultMavenResourcesFiltering - Copying 1 resource from src\main\resources to target\classes
2025-09-02 21:37:36,950 [Worker-36: Building] INFO  o.a.m.s.f.DefaultMavenResourcesFiltering - Copying 0 resource from src\main\resources to target\classes
2025-09-02 21:37:36,951 [Worker-36: Building] INFO  o.a.m.s.f.DefaultMavenResourcesFiltering - skip non existing resourceDirectory C:\Users\SRUTHI\Documents\atm\ATM-Project\src\test\resources
2025-09-02 21:38:04,180 [Worker-37: Building] INFO  o.a.m.s.f.DefaultMavenResourcesFiltering - Copying 1 resource from src\main\resources to target\classes
2025-09-02 21:38:04,186 [Worker-37: Building] INFO  o.a.m.s.f.DefaultMavenResourcesFiltering - Copying 0 resource from src\main\resources to target\classes
2025-09-02 21:38:04,188 [Worker-37: Building] INFO  o.a.m.s.f.DefaultMavenResourcesFiltering - skip non existing resourceDirectory C:\Users\SRUTHI\Documents\atm\ATM-Project\src\test\resources
2025-09-02 21:40:06,870 [Worker-36: Building] INFO  o.a.m.s.f.DefaultMavenResourcesFiltering - Copying 1 resource from src\main\resources to target\classes
2025-09-02 21:40:06,877 [Worker-36: Building] INFO  o.a.m.s.f.DefaultMavenResourcesFiltering - Copying 0 resource from src\main\resources to target\classes
2025-09-02 21:40:06,880 [Worker-36: Building] INFO  o.a.m.s.f.DefaultMavenResourcesFiltering - skip non existing resourceDirectory C:\Users\SRUTHI\Documents\atm\ATM-Project\src\test\resources
2025-09-02 21:42:27,077 [Worker-30: Building] INFO  o.a.m.s.f.DefaultMavenResourcesFiltering - Copying 1 resource from src\main\resources to target\classes
2025-09-02 21:42:27,081 [Worker-30: Building] INFO  o.a.m.s.f.DefaultMavenResourcesFiltering - Copying 0 resource from src\main\resources to target\classes
2025-09-02 21:42:27,083 [Worker-30: Building] INFO  o.a.m.s.f.DefaultMavenResourcesFiltering - skip non existing resourceDirectory C:\Users\SRUTHI\Documents\atm\ATM-Project\src\test\resources
2025-09-02 21:43:49,774 [Worker-30: Building] INFO  o.a.m.s.f.DefaultMavenResourcesFiltering - Copying 1 resource from src\main\resources to target\classes
2025-09-02 21:43:49,781 [Worker-30: Building] INFO  o.a.m.s.f.DefaultMavenResourcesFiltering - Copying 0 resource from src\main\resources to target\classes
2025-09-02 21:43:49,783 [Worker-30: Building] INFO  o.a.m.s.f.DefaultMavenResourcesFiltering - skip non existing resourceDirectory C:\Users\SRUTHI\Documents\atm\ATM-Project\src\test\resources
2025-09-02 21:48:23,235 [Worker-37: Building] INFO  o.a.m.s.f.DefaultMavenResourcesFiltering - Copying 1 resource from src\main\resources to target\classes
2025-09-02 21:48:23,240 [Worker-37: Building] INFO  o.a.m.s.f.DefaultMavenResourcesFiltering - Copying 0 resource from src\main\resources to target\classes
2025-09-02 21:48:23,243 [Worker-37: Building] INFO  o.a.m.s.f.DefaultMavenResourcesFiltering - skip non existing resourceDirectory C:\Users\SRUTHI\Documents\atm\ATM-Project\src\test\resources
2025-09-02 21:51:45,123 [Worker-36: Building] INFO  o.a.m.s.f.DefaultMavenResourcesFiltering - Copying 1 resource from src\main\resources to target\classes
2025-09-02 21:51:45,158 [Worker-36: Building] INFO  o.a.m.s.f.DefaultMavenResourcesFiltering - Copying 0 resource from src\main\resources to target\classes
2025-09-02 21:51:45,167 [Worker-36: Building] INFO  o.a.m.s.f.DefaultMavenResourcesFiltering - skip non existing resourceDirectory C:\Users\SRUTHI\Documents\atm\ATM-Project\src\test\resources
2025-09-02 21:52:01,841 [Worker-41: Updating Maven Project] INFO  o.e.m.c.i.p.ProjectConfigurationManager - Update started
2025-09-02 21:52:02,453 [Worker-41: Updating Maven Project] INFO  o.e.m.c.i.l.LifecycleMappingFactory - Using org.eclipse.m2e.jdt.JarLifecycleMapping lifecycle mapping for MavenProject: com.atm:ATM-Project:1.0 @ C:\Users\SRUTHI\Documents\atm\ATM-Project\pom.xml.
2025-09-02 21:52:02,963 [Worker-41: Updating Maven Project] INFO  o.e.m.j.i.AbstractJavaProjectConfigurator - Adding source folder /ATM-Project/src/main/java
2025-09-02 21:52:02,966 [Worker-41: Updating Maven Project] INFO  o.e.m.j.i.AbstractJavaProjectConfigurator - Adding resource folder /ATM-Project/src/main/resources
2025-09-02 21:52:02,967 [Worker-41: Updating Maven Project] INFO  o.e.m.j.i.AbstractJavaProjectConfigurator - Adding resource folder /ATM-Project/src/main/resources
2025-09-02 21:52:02,968 [Worker-41: Updating Maven Project] INFO  o.e.m.j.i.AbstractJavaProjectConfigurator - Adding source folder /ATM-Project/src/test/java
2025-09-02 21:52:02,970 [Worker-41: Updating Maven Project] INFO  o.e.m.j.i.AbstractJavaProjectConfigurator - Adding resource folder /ATM-Project/src/test/resources
2025-09-02 21:52:03,203 [Worker-41: Updating Maven Project] INFO  o.e.m.c.i.p.ProjectConfigurationManager - Update completed for 1 poms: local refresh takes 0.00 sec, refresh facades takes 1.00 sec, update config takes 0.00 sec 
2025-09-02 21:52:03,512 [Worker-34: Building] INFO  o.a.m.s.f.DefaultMavenResourcesFiltering - Copying 1 resource from src\main\resources to target\classes
2025-09-02 21:52:03,523 [Worker-34: Building] INFO  o.a.m.s.f.DefaultMavenResourcesFiltering - Copying 0 resource from src\main\resources to target\classes
2025-09-02 21:52:03,525 [Worker-34: Building] INFO  o.a.m.s.f.DefaultMavenResourcesFiltering - skip non existing resourceDirectory C:\Users\SRUTHI\Documents\atm\ATM-Project\src\test\resources
2025-09-02 21:52:35,201 [Worker-34: Building] INFO  o.a.m.s.f.DefaultMavenResourcesFiltering - Copying 1 resource from src\main\resources to target\classes
2025-09-02 21:52:35,202 [Worker-34: Building] INFO  o.a.m.s.f.DefaultMavenResourcesFiltering - Copying 0 resource from src\main\resources to target\classes
2025-09-02 21:52:35,204 [Worker-34: Building] INFO  o.a.m.s.f.DefaultMavenResourcesFiltering - skip non existing resourceDirectory C:\Users\SRUTHI\Documents\atm\ATM-Project\src\test\resources
2025-09-02 21:55:36,511 [Worker-38: Updating Maven Project] INFO  o.e.m.c.i.p.ProjectConfigurationManager - Update started
2025-09-02 21:55:36,705 [Worker-38: Updating Maven Project] INFO  o.e.m.c.i.l.LifecycleMappingFactory - Using org.eclipse.m2e.jdt.JarLifecycleMapping lifecycle mapping for MavenProject: com.atm:ATM-Project:1.0 @ C:\Users\SRUTHI\Documents\atm\ATM-Project\pom.xml.
2025-09-02 21:55:37,028 [Worker-38: Updating Maven Project] INFO  o.e.m.j.i.AbstractJavaProjectConfigurator - Adding source folder /ATM-Project/src/main/java
2025-09-02 21:55:37,028 [Worker-38: Updating Maven Project] INFO  o.e.m.j.i.AbstractJavaProjectConfigurator - Adding resource folder /ATM-Project/src/main/resources
2025-09-02 21:55:37,029 [Worker-38: Updating Maven Project] INFO  o.e.m.j.i.AbstractJavaProjectConfigurator - Adding resource folder /ATM-Project/src/main/resources
2025-09-02 21:55:37,029 [Worker-38: Updating Maven Project] INFO  o.e.m.j.i.AbstractJavaProjectConfigurator - Adding source folder /ATM-Project/src/test/java
2025-09-02 21:55:37,029 [Worker-38: Updating Maven Project] INFO  o.e.m.j.i.AbstractJavaProjectConfigurator - Adding resource folder /ATM-Project/src/test/resources
2025-09-02 21:55:37,207 [Worker-38: Updating Maven Project] INFO  o.e.m.c.i.p.ProjectConfigurationManager - Update completed for 1 poms: local refresh takes 0.00 sec, refresh facades takes 0.00 sec, update config takes 0.00 sec 
2025-09-02 21:55:37,439 [Worker-43: Building] INFO  o.a.m.s.f.DefaultMavenResourcesFiltering - Copying 1 resource from src\main\resources to target\classes
2025-09-02 21:55:37,451 [Worker-43: Building] INFO  o.a.m.s.f.DefaultMavenResourcesFiltering - Copying 0 resource from src\main\resources to target\classes
2025-09-02 21:55:37,456 [Worker-43: Building] INFO  o.a.m.s.f.DefaultMavenResourcesFiltering - skip non existing resourceDirectory C:\Users\SRUTHI\Documents\atm\ATM-Project\src\test\resources
2025-09-02 21:59:11,460 [Worker-42: Building] INFO  o.a.m.s.f.DefaultMavenResourcesFiltering - Copying 1 resource from src\main\resources to target\classes
2025-09-02 21:59:11,467 [Worker-42: Building] INFO  o.a.m.s.f.DefaultMavenResourcesFiltering - Copying 0 resource from src\main\resources to target\classes
2025-09-02 21:59:11,469 [Worker-42: Building] INFO  o.a.m.s.f.DefaultMavenResourcesFiltering - skip non existing resourceDirectory C:\Users\SRUTHI\Documents\atm\ATM-Project\src\test\resources
2025-09-02 22:04:26,840 [Worker-38: Updating Maven Project] INFO  o.e.m.c.i.p.ProjectConfigurationManager - Update started
2025-09-02 22:04:27,002 [Worker-38: Updating Maven Project] INFO  o.e.m.c.i.l.LifecycleMappingFactory - Using org.eclipse.m2e.jdt.JarLifecycleMapping lifecycle mapping for MavenProject: com.atm:ATM-Project:1.0 @ C:\Users\SRUTHI\Documents\atm\ATM-Project\pom.xml.
2025-09-02 22:04:27,274 [Worker-38: Updating Maven Project] INFO  o.e.m.j.i.AbstractJavaProjectConfigurator - Adding source folder /ATM-Project/src/main/java
2025-09-02 22:04:27,274 [Worker-38: Updating Maven Project] INFO  o.e.m.j.i.AbstractJavaProjectConfigurator - Adding resource folder /ATM-Project/src/main/resources
2025-09-02 22:04:27,275 [Worker-38: Updating Maven Project] INFO  o.e.m.j.i.AbstractJavaProjectConfigurator - Adding resource folder /ATM-Project/src/main/resources
2025-09-02 22:04:27,275 [Worker-38: Updating Maven Project] INFO  o.e.m.j.i.AbstractJavaProjectConfigurator - Adding source folder /ATM-Project/src/test/java
2025-09-02 22:04:27,275 [Worker-38: Updating Maven Project] INFO  o.e.m.j.i.AbstractJavaProjectConfigurator - Adding resource folder /ATM-Project/src/test/resources
2025-09-02 22:04:27,436 [Worker-38: Updating Maven Project] INFO  o.e.m.c.i.p.ProjectConfigurationManager - Update completed for 1 poms: local refresh takes 0.00 sec, refresh facades takes 0.00 sec, update config takes 0.00 sec 
2025-09-02 22:04:36,600 [Stop Help Server] INFO  org.eclipse.jetty.server.Server - Stopped oejs.Server@6906fc51{STOPPING}[12.0.21,sto=0]
2025-09-02 22:04:36,604 [Stop Help Server] INFO  o.e.jetty.server.AbstractConnector - Stopped ServerConnector@6a323a87{HTTP/1.1, (http/1.1)}{127.0.0.1:0}
2025-09-02 22:04:48,320 [Worker-7: Loading available Gradle versions] INFO  o.e.b.c.i.u.g.PublishedGradleVersions - Gradle version information cache is up-to-date. Trying to read.
2025-09-02 22:06:28,716 [Worker-0: Launching ATM-Project - AtmProjectApplication] INFO  o.a.m.s.f.DefaultMavenResourcesFiltering - Copying 1 resource from src\main\resources to target\classes
2025-09-02 22:06:28,727 [Worker-0: Launching ATM-Project - AtmProjectApplication] INFO  o.a.m.s.f.DefaultMavenResourcesFiltering - Copying 0 resource from src\main\resources to target\classes
2025-09-02 22:06:28,731 [Worker-0: Launching ATM-Project - AtmProjectApplication] INFO  o.a.m.s.f.DefaultMavenResourcesFiltering - skip non existing resourceDirectory C:\Users\SRUTHI\Documents\atm\ATM-Project\src\test\resources
2025-09-02 22:07:46,612 [Worker-0: Launching ATM-Project - AtmProjectApplication] INFO  o.a.m.s.f.DefaultMavenResourcesFiltering - Copying 1 resource from src\main\resources to target\classes
2025-09-02 22:07:46,619 [Worker-0: Launching ATM-Project - AtmProjectApplication] INFO  o.a.m.s.f.DefaultMavenResourcesFiltering - Copying 0 resource from src\main\resources to target\classes
2025-09-02 22:07:46,621 [Worker-0: Launching ATM-Project - AtmProjectApplication] INFO  o.a.m.s.f.DefaultMavenResourcesFiltering - skip non existing resourceDirectory C:\Users\SRUTHI\Documents\atm\ATM-Project\src\test\resources
2025-09-02 22:13:54,736 [Worker-8: Launching ATM-Project - AtmProjectApplication] INFO  o.e.m.c.i.l.LifecycleMappingFactory - Using org.eclipse.m2e.jdt.JarLifecycleMapping lifecycle mapping for MavenProject: com.atm:ATM-Project:1.0 @ C:\Users\SRUTHI\Documents\atm\ATM-Project\pom.xml.
2025-09-02 22:14:05,703 [Worker-8: Launching ATM-Project - AtmProjectApplication] INFO  o.e.m.c.i.e.AbstractTransferListenerAdapter - Downloading https://repo.maven.apache.org/maven2/org/springframework/boot/spring-boot-starter-thymeleaf/3.5.5/spring-boot-starter-thymeleaf-3.5.5.pom
2025-09-02 22:14:05,732 [Worker-8: Launching ATM-Project - AtmProjectApplication] INFO  o.e.m.c.i.e.AbstractTransferListenerAdapter - Downloaded https://repo.maven.apache.org/maven2/org/springframework/boot/spring-boot-starter-thymeleaf/3.5.5/spring-boot-starter-thymeleaf-3.5.5.pom
2025-09-02 22:14:05,936 [Worker-8: Launching ATM-Project - AtmProjectApplication] INFO  o.e.m.c.i.e.AbstractTransferListenerAdapter - Downloading https://repo.maven.apache.org/maven2/org/springframework/boot/spring-boot-starter-thymeleaf/3.5.5/spring-boot-starter-thymeleaf-3.5.5.jar
2025-09-02 22:14:05,944 [Worker-8: Launching ATM-Project - AtmProjectApplication] INFO  o.e.m.c.i.e.AbstractTransferListenerAdapter - Downloaded https://repo.maven.apache.org/maven2/org/springframework/boot/spring-boot-starter-thymeleaf/3.5.5/spring-boot-starter-thymeleaf-3.5.5.jar
2025-09-02 22:14:06,182 [Worker-8: Launching ATM-Project - AtmProjectApplication] INFO  o.a.m.s.f.DefaultMavenResourcesFiltering - Copying 1 resource from src\main\resources to target\classes
2025-09-02 22:14:06,202 [Worker-8: Launching ATM-Project - AtmProjectApplication] INFO  o.a.m.s.f.DefaultMavenResourcesFiltering - Copying 3 resources from src\main\resources to target\classes
2025-09-02 22:14:06,223 [Worker-8: Launching ATM-Project - AtmProjectApplication] INFO  o.a.m.s.f.DefaultMavenResourcesFiltering - skip non existing resourceDirectory C:\Users\SRUTHI\Documents\atm\ATM-Project\src\test\resources
2025-09-02 22:14:17,302 [Worker-3: Download sources and javadoc] INFO  o.e.m.c.i.e.AbstractTransferListenerAdapter - Downloading https://repo.maven.apache.org/maven2/org/springframework/boot/spring-boot-starter-thymeleaf/3.5.5/spring-boot-starter-thymeleaf-3.5.5-sources.jar
2025-09-02 22:14:17,308 [Worker-3: Download sources and javadoc] INFO  o.e.m.c.i.e.AbstractTransferListenerAdapter - Downloaded https://repo.maven.apache.org/maven2/org/springframework/boot/spring-boot-starter-thymeleaf/3.5.5/spring-boot-starter-thymeleaf-3.5.5-sources.jar
2025-09-02 22:14:17,311 [Worker-3: Download sources and javadoc] INFO  o.e.m.j.internal.DownloadSourcesJob - Downloaded sources for org.springframework.boot:spring-boot-starter-thymeleaf:3.5.5
2025-09-02 22:18:30,543 [Worker-8: Launching ATM-Project - AtmProjectApplication] INFO  o.a.m.s.f.DefaultMavenResourcesFiltering - Copying 1 resource from src\main\resources to target\classes
2025-09-02 22:18:30,559 [Worker-8: Launching ATM-Project - AtmProjectApplication] INFO  o.a.m.s.f.DefaultMavenResourcesFiltering - Copying 3 resources from src\main\resources to target\classes
2025-09-02 22:18:30,564 [Worker-8: Launching ATM-Project - AtmProjectApplication] INFO  o.a.m.s.f.DefaultMavenResourcesFiltering - skip non existing resourceDirectory C:\Users\SRUTHI\Documents\atm\ATM-Project\src\test\resources
2025-09-02 22:21:25,510 [Worker-20: Launching ATM-Project - AtmConsoleApp] INFO  o.a.m.s.f.DefaultMavenResourcesFiltering - Copying 1 resource from src\main\resources to target\classes
2025-09-02 22:21:25,515 [Worker-20: Launching ATM-Project - AtmConsoleApp] INFO  o.a.m.s.f.DefaultMavenResourcesFiltering - Copying 3 resources from src\main\resources to target\classes
2025-09-02 22:21:25,517 [Worker-20: Launching ATM-Project - AtmConsoleApp] INFO  o.a.m.s.f.DefaultMavenResourcesFiltering - skip non existing resourceDirectory C:\Users\SRUTHI\Documents\atm\ATM-Project\src\test\resources
2025-09-02 22:25:16,786 [Worker-8: Building Workspace] INFO  o.a.m.s.f.DefaultMavenResourcesFiltering - Copying 1 resource from src\main\resources to target\classes
2025-09-02 22:25:16,788 [Worker-8: Building Workspace] INFO  o.a.m.s.f.DefaultMavenResourcesFiltering - Copying 3 resources from src\main\resources to target\classes
2025-09-02 22:25:16,799 [Worker-8: Building Workspace] INFO  o.a.m.s.f.DefaultMavenResourcesFiltering - skip non existing resourceDirectory C:\Users\SRUTHI\Documents\atm\ATM-Project\src\test\resources
2025-09-02 22:25:32,177 [Worker-20: Launching ATM-Project - AtmConsoleApp] INFO  o.a.m.s.f.DefaultMavenResourcesFiltering - Copying 1 resource from src\main\resources to target\classes
2025-09-02 22:25:32,182 [Worker-20: Launching ATM-Project - AtmConsoleApp] INFO  o.a.m.s.f.DefaultMavenResourcesFiltering - Copying 3 resources from src\main\resources to target\classes
2025-09-02 22:25:32,186 [Worker-20: Launching ATM-Project - AtmConsoleApp] INFO  o.a.m.s.f.DefaultMavenResourcesFiltering - skip non existing resourceDirectory C:\Users\SRUTHI\Documents\atm\ATM-Project\src\test\resources
2025-09-02 22:29:23,267 [Worker-20: Cleaning all projects] INFO  o.e.m.c.i.e.AbstractTransferListenerAdapter - Downloading https://repo.maven.apache.org/maven2/org/apache/maven/plugins/maven-compiler-plugin/3.10.1/maven-compiler-plugin-3.10.1.jar
2025-09-02 22:29:23,374 [Worker-20: Cleaning all projects] INFO  o.e.m.c.i.e.AbstractTransferListenerAdapter - Downloaded https://repo.maven.apache.org/maven2/org/apache/maven/plugins/maven-compiler-plugin/3.10.1/maven-compiler-plugin-3.10.1.jar
2025-09-02 22:29:23,460 [Worker-20: Cleaning all projects] INFO  o.e.m.c.i.e.AbstractTransferListenerAdapter - Downloading https://repo.maven.apache.org/maven2/org/apache/maven/plugins/maven-compiler-plugin/3.10.1/maven-compiler-plugin-3.10.1.pom
2025-09-02 22:29:23,469 [Worker-20: Cleaning all projects] INFO  o.e.m.c.i.e.AbstractTransferListenerAdapter - Downloaded https://repo.maven.apache.org/maven2/org/apache/maven/plugins/maven-compiler-plugin/3.10.1/maven-compiler-plugin-3.10.1.pom
2025-09-02 22:29:23,541 [Worker-20: Cleaning all projects] INFO  o.e.m.c.i.e.AbstractTransferListenerAdapter - Downloading https://repo.maven.apache.org/maven2/org/apache/maven/plugins/maven-plugins/34/maven-plugins-34.pom
2025-09-02 22:29:23,546 [Worker-20: Cleaning all projects] INFO  o.e.m.c.i.e.AbstractTransferListenerAdapter - Downloaded https://repo.maven.apache.org/maven2/org/apache/maven/plugins/maven-plugins/34/maven-plugins-34.pom
2025-09-02 22:29:23,597 [Worker-20: Cleaning all projects] INFO  o.e.m.c.i.e.AbstractTransferListenerAdapter - Downloading https://repo.maven.apache.org/maven2/org/apache/maven/maven-parent/34/maven-parent-34.pom
2025-09-02 22:29:23,647 [Worker-20: Cleaning all projects] INFO  o.e.m.c.i.e.AbstractTransferListenerAdapter - Downloaded https://repo.maven.apache.org/maven2/org/apache/maven/maven-parent/34/maven-parent-34.pom
2025-09-02 22:29:23,742 [Worker-20: Cleaning all projects] INFO  o.e.m.c.i.e.AbstractTransferListenerAdapter - Downloading https://repo.maven.apache.org/maven2/org/apache/maven/shared/maven-shared-utils/3.3.4/maven-shared-utils-3.3.4.pom
2025-09-02 22:29:23,768 [Worker-20: Cleaning all projects] INFO  o.e.m.c.i.e.AbstractTransferListenerAdapter - Downloaded https://repo.maven.apache.org/maven2/org/apache/maven/shared/maven-shared-utils/3.3.4/maven-shared-utils-3.3.4.pom
2025-09-02 22:29:23,815 [Worker-20: Cleaning all projects] INFO  o.e.m.c.i.e.AbstractTransferListenerAdapter - Downloading https://repo.maven.apache.org/maven2/org/apache/maven/shared/maven-shared-components/34/maven-shared-components-34.pom
2025-09-02 22:29:23,821 [Worker-20: Cleaning all projects] INFO  o.e.m.c.i.e.AbstractTransferListenerAdapter - Downloaded https://repo.maven.apache.org/maven2/org/apache/maven/shared/maven-shared-components/34/maven-shared-components-34.pom
2025-09-02 22:29:23,886 [Worker-20: Cleaning all projects] INFO  o.e.m.c.i.e.AbstractTransferListenerAdapter - Downloading https://repo.maven.apache.org/maven2/commons-io/commons-io/2.6/commons-io-2.6.pom
2025-09-02 22:29:23,910 [Worker-20: Cleaning all projects] INFO  o.e.m.c.i.e.AbstractTransferListenerAdapter - Downloaded https://repo.maven.apache.org/maven2/commons-io/commons-io/2.6/commons-io-2.6.pom
2025-09-02 22:29:23,980 [Worker-20: Cleaning all projects] INFO  o.e.m.c.i.e.AbstractTransferListenerAdapter - Downloading https://repo.maven.apache.org/maven2/org/apache/commons/commons-parent/42/commons-parent-42.pom
2025-09-02 22:29:24,032 [Worker-20: Cleaning all projects] INFO  o.e.m.c.i.e.AbstractTransferListenerAdapter - Downloaded https://repo.maven.apache.org/maven2/org/apache/commons/commons-parent/42/commons-parent-42.pom
2025-09-02 22:29:24,085 [Worker-20: Cleaning all projects] INFO  o.e.m.c.i.e.AbstractTransferListenerAdapter - Downloading https://repo.maven.apache.org/maven2/org/apache/apache/18/apache-18.pom
2025-09-02 22:29:24,120 [Worker-20: Cleaning all projects] INFO  o.e.m.c.i.e.AbstractTransferListenerAdapter - Downloaded https://repo.maven.apache.org/maven2/org/apache/apache/18/apache-18.pom
2025-09-02 22:29:24,196 [Worker-20: Cleaning all projects] INFO  o.e.m.c.i.e.AbstractTransferListenerAdapter - Downloading https://repo.maven.apache.org/maven2/org/codehaus/plexus/plexus-component-annotations/2.0.0/plexus-component-annotations-2.0.0.pom
2025-09-02 22:29:24,202 [Worker-20: Cleaning all projects] INFO  o.e.m.c.i.e.AbstractTransferListenerAdapter - Downloaded https://repo.maven.apache.org/maven2/org/codehaus/plexus/plexus-component-annotations/2.0.0/plexus-component-annotations-2.0.0.pom
2025-09-02 22:29:24,256 [Worker-20: Cleaning all projects] INFO  o.e.m.c.i.e.AbstractTransferListenerAdapter - Downloading https://repo.maven.apache.org/maven2/org/codehaus/plexus/plexus-containers/2.0.0/plexus-containers-2.0.0.pom
2025-09-02 22:29:24,270 [Worker-20: Cleaning all projects] INFO  o.e.m.c.i.e.AbstractTransferListenerAdapter - Downloaded https://repo.maven.apache.org/maven2/org/codehaus/plexus/plexus-containers/2.0.0/plexus-containers-2.0.0.pom
2025-09-02 22:29:24,316 [Worker-20: Cleaning all projects] INFO  o.e.m.c.i.e.AbstractTransferListenerAdapter - Downloading https://repo.maven.apache.org/maven2/org/codehaus/plexus/plexus-java/1.1.1/plexus-java-1.1.1.pom
2025-09-02 22:29:24,332 [Worker-20: Cleaning all projects] INFO  o.e.m.c.i.e.AbstractTransferListenerAdapter - Downloaded https://repo.maven.apache.org/maven2/org/codehaus/plexus/plexus-java/1.1.1/plexus-java-1.1.1.pom
2025-09-02 22:29:24,398 [Worker-20: Cleaning all projects] INFO  o.e.m.c.i.e.AbstractTransferListenerAdapter - Downloading https://repo.maven.apache.org/maven2/org/codehaus/plexus/plexus-languages/1.1.1/plexus-languages-1.1.1.pom
2025-09-02 22:29:24,406 [Worker-20: Cleaning all projects] INFO  o.e.m.c.i.e.AbstractTransferListenerAdapter - Downloaded https://repo.maven.apache.org/maven2/org/codehaus/plexus/plexus-languages/1.1.1/plexus-languages-1.1.1.pom
2025-09-02 22:29:24,466 [Worker-20: Cleaning all projects] INFO  o.e.m.c.i.e.AbstractTransferListenerAdapter - Downloading https://repo.maven.apache.org/maven2/org/codehaus/plexus/plexus/8/plexus-8.pom
2025-09-02 22:29:24,491 [Worker-20: Cleaning all projects] INFO  o.e.m.c.i.e.AbstractTransferListenerAdapter - Downloaded https://repo.maven.apache.org/maven2/org/codehaus/plexus/plexus/8/plexus-8.pom
2025-09-02 22:29:24,565 [Worker-20: Cleaning all projects] INFO  o.e.m.c.i.e.AbstractTransferListenerAdapter - Downloading https://repo.maven.apache.org/maven2/org/ow2/asm/asm/9.2/asm-9.2.pom
2025-09-02 22:29:24,570 [Worker-20: Cleaning all projects] INFO  o.e.m.c.i.e.AbstractTransferListenerAdapter - Downloaded https://repo.maven.apache.org/maven2/org/ow2/asm/asm/9.2/asm-9.2.pom
2025-09-02 22:29:24,616 [Worker-20: Cleaning all projects] INFO  o.e.m.c.i.e.AbstractTransferListenerAdapter - Downloading https://repo.maven.apache.org/maven2/org/ow2/ow2/1.5/ow2-1.5.pom
2025-09-02 22:29:24,622 [Worker-20: Cleaning all projects] INFO  o.e.m.c.i.e.AbstractTransferListenerAdapter - Downloaded https://repo.maven.apache.org/maven2/org/ow2/ow2/1.5/ow2-1.5.pom
2025-09-02 22:29:24,682 [Worker-20: Cleaning all projects] INFO  o.e.m.c.i.e.AbstractTransferListenerAdapter - Downloading https://repo.maven.apache.org/maven2/com/thoughtworks/qdox/qdox/2.0.1/qdox-2.0.1.pom
2025-09-02 22:29:24,697 [Worker-20: Cleaning all projects] INFO  o.e.m.c.i.e.AbstractTransferListenerAdapter - Downloaded https://repo.maven.apache.org/maven2/com/thoughtworks/qdox/qdox/2.0.1/qdox-2.0.1.pom
2025-09-02 22:29:24,899 [Worker-20: Cleaning all projects] INFO  o.e.m.c.i.e.AbstractTransferListenerAdapter - Downloading https://repo.maven.apache.org/maven2/org/codehaus/plexus/plexus-compiler-api/2.11.1/plexus-compiler-api-2.11.1.pom
2025-09-02 22:29:24,903 [Worker-20: Cleaning all projects] INFO  o.e.m.c.i.e.AbstractTransferListenerAdapter - Downloaded https://repo.maven.apache.org/maven2/org/codehaus/plexus/plexus-compiler-api/2.11.1/plexus-compiler-api-2.11.1.pom
2025-09-02 22:29:24,988 [Worker-20: Cleaning all projects] INFO  o.e.m.c.i.e.AbstractTransferListenerAdapter - Downloading https://repo.maven.apache.org/maven2/org/codehaus/plexus/plexus-compiler/2.11.1/plexus-compiler-2.11.1.pom
2025-09-02 22:29:24,994 [Worker-20: Cleaning all projects] INFO  o.e.m.c.i.e.AbstractTransferListenerAdapter - Downloaded https://repo.maven.apache.org/maven2/org/codehaus/plexus/plexus-compiler/2.11.1/plexus-compiler-2.11.1.pom
2025-09-02 22:29:25,073 [Worker-20: Cleaning all projects] INFO  o.e.m.c.i.e.AbstractTransferListenerAdapter - Downloading https://repo.maven.apache.org/maven2/org/codehaus/plexus/plexus-components/6.6/plexus-components-6.6.pom
2025-09-02 22:29:25,080 [Worker-20: Cleaning all projects] INFO  o.e.m.c.i.e.AbstractTransferListenerAdapter - Downloaded https://repo.maven.apache.org/maven2/org/codehaus/plexus/plexus-components/6.6/plexus-components-6.6.pom
2025-09-02 22:29:25,188 [Worker-20: Cleaning all projects] INFO  o.e.m.c.i.e.AbstractTransferListenerAdapter - Downloading https://repo.maven.apache.org/maven2/org/junit/junit-bom/5.8.2/junit-bom-5.8.2.pom
2025-09-02 22:29:25,204 [Worker-20: Cleaning all projects] INFO  o.e.m.c.i.e.AbstractTransferListenerAdapter - Downloaded https://repo.maven.apache.org/maven2/org/junit/junit-bom/5.8.2/junit-bom-5.8.2.pom
2025-09-02 22:29:25,366 [Worker-20: Cleaning all projects] INFO  o.e.m.c.i.e.AbstractTransferListenerAdapter - Downloading https://repo.maven.apache.org/maven2/org/codehaus/plexus/plexus-utils/3.4.1/plexus-utils-3.4.1.pom
2025-09-02 22:29:25,375 [Worker-20: Cleaning all projects] INFO  o.e.m.c.i.e.AbstractTransferListenerAdapter - Downloaded https://repo.maven.apache.org/maven2/org/codehaus/plexus/plexus-utils/3.4.1/plexus-utils-3.4.1.pom
2025-09-02 22:29:25,711 [Worker-20: Cleaning all projects] INFO  o.e.m.c.i.e.AbstractTransferListenerAdapter - Downloading https://repo.maven.apache.org/maven2/org/codehaus/plexus/plexus-compiler-manager/2.11.1/plexus-compiler-manager-2.11.1.pom
2025-09-02 22:29:25,715 [Worker-20: Cleaning all projects] INFO  o.e.m.c.i.e.AbstractTransferListenerAdapter - Downloaded https://repo.maven.apache.org/maven2/org/codehaus/plexus/plexus-compiler-manager/2.11.1/plexus-compiler-manager-2.11.1.pom
2025-09-02 22:29:25,775 [Worker-20: Cleaning all projects] INFO  o.e.m.c.i.e.AbstractTransferListenerAdapter - Downloading https://repo.maven.apache.org/maven2/org/codehaus/plexus/plexus-compiler-javac/2.11.1/plexus-compiler-javac-2.11.1.pom
2025-09-02 22:29:25,778 [Worker-20: Cleaning all projects] INFO  o.e.m.c.i.e.AbstractTransferListenerAdapter - Downloaded https://repo.maven.apache.org/maven2/org/codehaus/plexus/plexus-compiler-javac/2.11.1/plexus-compiler-javac-2.11.1.pom
2025-09-02 22:29:25,892 [Worker-20: Cleaning all projects] INFO  o.e.m.c.i.e.AbstractTransferListenerAdapter - Downloading https://repo.maven.apache.org/maven2/org/codehaus/plexus/plexus-compilers/2.11.1/plexus-compilers-2.11.1.pom
2025-09-02 22:29:25,904 [Worker-20: Cleaning all projects] INFO  o.e.m.c.i.e.AbstractTransferListenerAdapter - Downloaded https://repo.maven.apache.org/maven2/org/codehaus/plexus/plexus-compilers/2.11.1/plexus-compilers-2.11.1.pom
2025-09-02 22:29:26,121 [Worker-20: Cleaning all projects] INFO  o.e.m.c.i.e.AbstractTransferListenerAdapter - Downloading https://repo.maven.apache.org/maven2/org/apache/maven/shared/maven-shared-utils/3.3.4/maven-shared-utils-3.3.4.jar
2025-09-02 22:29:26,297 [Worker-20: Cleaning all projects] INFO  o.e.m.c.i.e.AbstractTransferListenerAdapter - Downloaded https://repo.maven.apache.org/maven2/org/apache/maven/shared/maven-shared-utils/3.3.4/maven-shared-utils-3.3.4.jar
2025-09-02 22:29:26,365 [BasicRepositoryConnector-repo.maven.apache.org-0-2] INFO  o.e.m.c.i.e.AbstractTransferListenerAdapter - Downloading https://repo.maven.apache.org/maven2/org/codehaus/plexus/plexus-java/1.1.1/plexus-java-1.1.1.jar
2025-09-02 22:29:26,398 [BasicRepositoryConnector-repo.maven.apache.org-0-2] INFO  o.e.m.c.i.e.AbstractTransferListenerAdapter - Downloaded https://repo.maven.apache.org/maven2/org/codehaus/plexus/plexus-java/1.1.1/plexus-java-1.1.1.jar
2025-09-02 22:29:26,496 [BasicRepositoryConnector-repo.maven.apache.org-0-2] INFO  o.e.m.c.i.e.AbstractTransferListenerAdapter - Downloading https://repo.maven.apache.org/maven2/org/codehaus/plexus/plexus-compiler-api/2.11.1/plexus-compiler-api-2.11.1.jar
2025-09-02 22:29:26,513 [BasicRepositoryConnector-repo.maven.apache.org-0-2] INFO  o.e.m.c.i.e.AbstractTransferListenerAdapter - Downloaded https://repo.maven.apache.org/maven2/org/codehaus/plexus/plexus-compiler-api/2.11.1/plexus-compiler-api-2.11.1.jar
2025-09-02 22:29:26,566 [BasicRepositoryConnector-repo.maven.apache.org-0-2] INFO  o.e.m.c.i.e.AbstractTransferListenerAdapter - Downloading https://repo.maven.apache.org/maven2/org/codehaus/plexus/plexus-utils/3.4.1/plexus-utils-3.4.1.jar
2025-09-02 22:29:26,792 [BasicRepositoryConnector-repo.maven.apache.org-0-2] INFO  o.e.m.c.i.e.AbstractTransferListenerAdapter - Downloaded https://repo.maven.apache.org/maven2/org/codehaus/plexus/plexus-utils/3.4.1/plexus-utils-3.4.1.jar
2025-09-02 22:29:26,841 [BasicRepositoryConnector-repo.maven.apache.org-0-2] INFO  o.e.m.c.i.e.AbstractTransferListenerAdapter - Downloading https://repo.maven.apache.org/maven2/org/codehaus/plexus/plexus-compiler-manager/2.11.1/plexus-compiler-manager-2.11.1.jar
2025-09-02 22:29:26,861 [BasicRepositoryConnector-repo.maven.apache.org-0-2] INFO  o.e.m.c.i.e.AbstractTransferListenerAdapter - Downloaded https://repo.maven.apache.org/maven2/org/codehaus/plexus/plexus-compiler-manager/2.11.1/plexus-compiler-manager-2.11.1.jar
2025-09-02 22:29:26,936 [BasicRepositoryConnector-repo.maven.apache.org-0-2] INFO  o.e.m.c.i.e.AbstractTransferListenerAdapter - Downloading https://repo.maven.apache.org/maven2/org/codehaus/plexus/plexus-compiler-javac/2.11.1/plexus-compiler-javac-2.11.1.jar
2025-09-02 22:29:26,966 [BasicRepositoryConnector-repo.maven.apache.org-0-2] INFO  o.e.m.c.i.e.AbstractTransferListenerAdapter - Downloaded https://repo.maven.apache.org/maven2/org/codehaus/plexus/plexus-compiler-javac/2.11.1/plexus-compiler-javac-2.11.1.jar
2025-09-02 22:29:36,496 [BasicRepositoryConnector-repo.maven.apache.org-0-4] INFO  o.e.m.c.i.e.AbstractTransferListenerAdapter - Downloading https://repo.maven.apache.org/maven2/com/thoughtworks/qdox/qdox/2.0.1/qdox-2.0.1.jar
2025-09-02 22:29:36,500 [BasicRepositoryConnector-repo.maven.apache.org-0-0] INFO  o.e.m.c.i.e.AbstractTransferListenerAdapter - Downloading https://repo.maven.apache.org/maven2/commons-io/commons-io/2.6/commons-io-2.6.jar
2025-09-02 22:29:36,541 [BasicRepositoryConnector-repo.maven.apache.org-0-1] INFO  o.e.m.c.i.e.AbstractTransferListenerAdapter - Downloading https://repo.maven.apache.org/maven2/org/codehaus/plexus/plexus-component-annotations/2.0.0/plexus-component-annotations-2.0.0.jar
2025-09-02 22:29:36,546 [BasicRepositoryConnector-repo.maven.apache.org-0-1] INFO  o.e.m.c.i.e.AbstractTransferListenerAdapter - Downloaded https://repo.maven.apache.org/maven2/org/codehaus/plexus/plexus-component-annotations/2.0.0/plexus-component-annotations-2.0.0.jar
2025-09-02 22:29:36,546 [BasicRepositoryConnector-repo.maven.apache.org-0-3] INFO  o.e.m.c.i.e.AbstractTransferListenerAdapter - Downloading https://repo.maven.apache.org/maven2/org/ow2/asm/asm/9.2/asm-9.2.jar
2025-09-02 22:29:37,194 [BasicRepositoryConnector-repo.maven.apache.org-0-3] INFO  o.e.m.c.i.e.AbstractTransferListenerAdapter - Downloaded https://repo.maven.apache.org/maven2/org/ow2/asm/asm/9.2/asm-9.2.jar
2025-09-02 22:29:37,463 [BasicRepositoryConnector-repo.maven.apache.org-0-0] INFO  o.e.m.c.i.e.AbstractTransferListenerAdapter - Downloaded https://repo.maven.apache.org/maven2/commons-io/commons-io/2.6/commons-io-2.6.jar
2025-09-02 22:29:37,631 [BasicRepositoryConnector-repo.maven.apache.org-0-4] INFO  o.e.m.c.i.e.AbstractTransferListenerAdapter - Downloaded https://repo.maven.apache.org/maven2/com/thoughtworks/qdox/qdox/2.0.1/qdox-2.0.1.jar
2025-09-02 22:29:37,792 [Worker-20: Cleaning all projects] INFO  o.e.m.c.i.l.LifecycleMappingFactory - Using org.eclipse.m2e.jdt.JarLifecycleMapping lifecycle mapping for MavenProject: com.atm:ATM-Project:1.0 @ C:\Users\SRUTHI\Documents\atm\ATM-Project\pom.xml.
2025-09-02 22:29:38,356 [Worker-20: Cleaning all projects] INFO  o.e.m.c.i.e.AbstractTransferListenerAdapter - Downloading https://repo.maven.apache.org/maven2/org/projectlombok/lombok/1.18.30/lombok-1.18.30.pom
2025-09-02 22:29:38,362 [Worker-20: Cleaning all projects] INFO  o.e.m.c.i.e.AbstractTransferListenerAdapter - Downloaded https://repo.maven.apache.org/maven2/org/projectlombok/lombok/1.18.30/lombok-1.18.30.pom
2025-09-02 22:29:38,802 [Worker-20: Cleaning all projects] INFO  o.e.m.c.i.e.AbstractTransferListenerAdapter - Downloading https://repo.maven.apache.org/maven2/org/projectlombok/lombok/1.18.30/lombok-1.18.30.jar
2025-09-02 22:29:40,796 [Worker-20: Cleaning all projects] INFO  o.e.m.c.i.e.AbstractTransferListenerAdapter - Downloaded https://repo.maven.apache.org/maven2/org/projectlombok/lombok/1.18.30/lombok-1.18.30.jar
2025-09-02 22:29:42,582 [Worker-23: Building Workspace] INFO  o.a.m.s.f.DefaultMavenResourcesFiltering - Copying 1 resource from src\main\resources to target\classes
2025-09-02 22:29:42,612 [Worker-23: Building Workspace] INFO  o.a.m.s.f.DefaultMavenResourcesFiltering - Copying 3 resources from src\main\resources to target\classes
2025-09-02 22:29:42,630 [Worker-23: Building Workspace] INFO  o.a.m.s.f.DefaultMavenResourcesFiltering - skip non existing resourceDirectory C:\Users\SRUTHI\Documents\atm\ATM-Project\src\test\resources
2025-09-02 22:29:42,778 [Worker-21: Updating Maven Project] INFO  o.e.m.c.i.p.ProjectConfigurationManager - Update started
2025-09-02 22:29:43,453 [Worker-21: Updating Maven Project] INFO  o.e.m.c.i.l.LifecycleMappingFactory - Using org.eclipse.m2e.jdt.JarLifecycleMapping lifecycle mapping for MavenProject: com.atm:ATM-Project:1.0 @ C:\Users\SRUTHI\Documents\atm\ATM-Project\pom.xml.
2025-09-02 22:29:45,016 [Worker-21: Updating Maven Project] INFO  o.e.m.j.i.AbstractJavaProjectConfigurator - Adding source folder /ATM-Project/src/main/java
2025-09-02 22:29:45,020 [Worker-21: Updating Maven Project] INFO  o.e.m.j.i.AbstractJavaProjectConfigurator - Adding resource folder /ATM-Project/src/main/resources
2025-09-02 22:29:45,022 [Worker-21: Updating Maven Project] INFO  o.e.m.j.i.AbstractJavaProjectConfigurator - Adding resource folder /ATM-Project/src/main/resources
2025-09-02 22:29:45,023 [Worker-21: Updating Maven Project] INFO  o.e.m.j.i.AbstractJavaProjectConfigurator - Adding source folder /ATM-Project/src/test/java
2025-09-02 22:29:45,033 [Worker-21: Updating Maven Project] INFO  o.e.m.j.i.AbstractJavaProjectConfigurator - Adding resource folder /ATM-Project/src/test/resources
2025-09-02 22:29:45,811 [Worker-21: Updating Maven Project] INFO  o.e.m.c.i.p.ProjectConfigurationManager - Update completed for 1 poms: local refresh takes 0.00 sec, refresh facades takes 1.00 sec, update config takes 0.00 sec 
2025-09-02 22:29:45,836 [Worker-37: Updating Maven Project] INFO  o.e.m.c.i.p.ProjectConfigurationManager - Update started
2025-09-02 22:29:46,453 [Worker-37: Updating Maven Project] INFO  o.e.m.c.i.l.LifecycleMappingFactory - Using org.eclipse.m2e.jdt.JarLifecycleMapping lifecycle mapping for MavenProject: com.atm:ATM-Project:1.0 @ C:\Users\SRUTHI\Documents\atm\ATM-Project\pom.xml.
2025-09-02 22:29:48,208 [Worker-37: Updating Maven Project] INFO  o.e.m.j.i.AbstractJavaProjectConfigurator - Adding source folder /ATM-Project/src/main/java
2025-09-02 22:29:48,208 [Worker-37: Updating Maven Project] INFO  o.e.m.j.i.AbstractJavaProjectConfigurator - Adding resource folder /ATM-Project/src/main/resources
2025-09-02 22:29:48,224 [Worker-37: Updating Maven Project] INFO  o.e.m.j.i.AbstractJavaProjectConfigurator - Adding resource folder /ATM-Project/src/main/resources
2025-09-02 22:29:48,224 [Worker-37: Updating Maven Project] INFO  o.e.m.j.i.AbstractJavaProjectConfigurator - Adding source folder /ATM-Project/src/test/java
2025-09-02 22:29:48,224 [Worker-37: Updating Maven Project] INFO  o.e.m.j.i.AbstractJavaProjectConfigurator - Adding resource folder /ATM-Project/src/test/resources
2025-09-02 22:29:48,892 [Worker-37: Updating Maven Project] INFO  o.e.m.c.i.p.ProjectConfigurationManager - Update completed for 1 poms: local refresh takes 0.00 sec, refresh facades takes 2.00 sec, update config takes 0.00 sec 
2025-09-02 22:29:52,361 [Worker-22: Download sources and javadoc] INFO  o.e.m.c.i.e.AbstractTransferListenerAdapter - Downloading https://repo.maven.apache.org/maven2/org/projectlombok/lombok/1.18.30/lombok-1.18.30-sources.jar
2025-09-02 22:29:53,099 [Worker-22: Download sources and javadoc] INFO  o.e.m.c.i.e.AbstractTransferListenerAdapter - Downloaded https://repo.maven.apache.org/maven2/org/projectlombok/lombok/1.18.30/lombok-1.18.30-sources.jar
2025-09-02 22:29:53,103 [Worker-22: Download sources and javadoc] INFO  o.e.m.j.internal.DownloadSourcesJob - Downloaded sources for org.projectlombok:lombok:1.18.30
2025-09-02 22:31:56,928 [Worker-0: Loading available Gradle versions] INFO  o.e.b.c.i.u.g.PublishedGradleVersions - Gradle version information cache is up-to-date. Trying to read.
2025-09-02 22:33:02,014 [Worker-13: Launching ATM-Project - AtmConsoleApp] INFO  o.a.m.s.f.DefaultMavenResourcesFiltering - Copying 1 resource from src\main\resources to target\classes
2025-09-02 22:33:02,027 [Worker-13: Launching ATM-Project - AtmConsoleApp] INFO  o.a.m.s.f.DefaultMavenResourcesFiltering - Copying 3 resources from src\main\resources to target\classes
2025-09-02 22:33:02,051 [Worker-13: Launching ATM-Project - AtmConsoleApp] INFO  o.a.m.s.f.DefaultMavenResourcesFiltering - skip non existing resourceDirectory C:\Users\SRUTHI\Documents\atm\ATM-Project\src\test\resources
2025-09-02 22:36:56,480 [Worker-2: Launching ATM-Project - AtmConsoleApp] INFO  o.a.m.s.f.DefaultMavenResourcesFiltering - Copying 1 resource from src\main\resources to target\classes
2025-09-02 22:36:56,492 [Worker-2: Launching ATM-Project - AtmConsoleApp] INFO  o.a.m.s.f.DefaultMavenResourcesFiltering - Copying 3 resources from src\main\resources to target\classes
2025-09-02 22:36:56,498 [Worker-2: Launching ATM-Project - AtmConsoleApp] INFO  o.a.m.s.f.DefaultMavenResourcesFiltering - skip non existing resourceDirectory C:\Users\SRUTHI\Documents\atm\ATM-Project\src\test\resources
2025-09-02 22:42:52,415 [Worker-14: Building Workspace] INFO  o.a.m.s.f.DefaultMavenResourcesFiltering - Copying 1 resource from src\main\resources to target\classes
2025-09-02 22:42:52,417 [Worker-14: Building Workspace] INFO  o.a.m.s.f.DefaultMavenResourcesFiltering - Copying 3 resources from src\main\resources to target\classes
2025-09-02 22:42:52,421 [Worker-14: Building Workspace] INFO  o.a.m.s.f.DefaultMavenResourcesFiltering - skip non existing resourceDirectory C:\Users\SRUTHI\Documents\atm\ATM-Project\src\test\resources
2025-09-03 13:55:48,490 [Worker-30: Launching ATM-Project - AtmConsoleApp] INFO  o.a.m.s.f.DefaultMavenResourcesFiltering - Copying 1 resource from src\main\resources to target\classes
2025-09-03 13:55:48,520 [Worker-30: Launching ATM-Project - AtmConsoleApp] INFO  o.a.m.s.f.DefaultMavenResourcesFiltering - Copying 6 resources from src\main\resources to target\classes
2025-09-03 13:55:48,536 [Worker-30: Launching ATM-Project - AtmConsoleApp] INFO  o.a.m.s.f.DefaultMavenResourcesFiltering - skip non existing resourceDirectory C:\Users\SRUTHI\Documents\atm\ATM-Project\src\test\resources
2025-09-03 14:03:26,748 [Worker-31: Launching ATM-Project - AtmProjectApplication] INFO  o.a.m.s.f.DefaultMavenResourcesFiltering - Copying 1 resource from src\main\resources to target\classes
2025-09-03 14:03:26,757 [Worker-31: Launching ATM-Project - AtmProjectApplication] INFO  o.a.m.s.f.DefaultMavenResourcesFiltering - Copying 6 resources from src\main\resources to target\classes
2025-09-03 14:03:26,764 [Worker-31: Launching ATM-Project - AtmProjectApplication] INFO  o.a.m.s.f.DefaultMavenResourcesFiltering - skip non existing resourceDirectory C:\Users\SRUTHI\Documents\atm\ATM-Project\src\test\resources
2025-09-03 14:15:40,870 [Worker-23: Launching ATM-Project - AtmProjectApplication] INFO  o.a.m.s.f.DefaultMavenResourcesFiltering - Copying 1 resource from src\main\resources to target\classes
2025-09-03 14:15:40,877 [Worker-23: Launching ATM-Project - AtmProjectApplication] INFO  o.a.m.s.f.DefaultMavenResourcesFiltering - Copying 6 resources from src\main\resources to target\classes
2025-09-03 14:15:40,885 [Worker-23: Launching ATM-Project - AtmProjectApplication] INFO  o.a.m.s.f.DefaultMavenResourcesFiltering - skip non existing resourceDirectory C:\Users\SRUTHI\Documents\atm\ATM-Project\src\test\resources
2025-09-03 14:19:25,198 [Worker-29: Updating Maven Project] INFO  o.e.m.c.i.p.ProjectConfigurationManager - Update started
2025-09-03 14:19:26,155 [Worker-29: Updating Maven Project] INFO  o.e.m.c.i.l.LifecycleMappingFactory - Using org.eclipse.m2e.jdt.JarLifecycleMapping lifecycle mapping for MavenProject: com.atm:ATM-Project:1.0 @ C:\Users\SRUTHI\Documents\atm\ATM-Project\pom.xml.
2025-09-03 14:19:27,168 [Worker-29: Updating Maven Project] INFO  o.e.m.j.i.AbstractJavaProjectConfigurator - Adding source folder /ATM-Project/src/main/java
2025-09-03 14:19:27,173 [Worker-29: Updating Maven Project] INFO  o.e.m.j.i.AbstractJavaProjectConfigurator - Adding resource folder /ATM-Project/src/main/resources
2025-09-03 14:19:27,174 [Worker-29: Updating Maven Project] INFO  o.e.m.j.i.AbstractJavaProjectConfigurator - Adding resource folder /ATM-Project/src/main/resources
2025-09-03 14:19:27,175 [Worker-29: Updating Maven Project] INFO  o.e.m.j.i.AbstractJavaProjectConfigurator - Adding source folder /ATM-Project/src/test/java
2025-09-03 14:19:27,176 [Worker-29: Updating Maven Project] INFO  o.e.m.j.i.AbstractJavaProjectConfigurator - Adding resource folder /ATM-Project/src/test/resources
2025-09-03 14:19:27,667 [Worker-29: Updating Maven Project] INFO  o.e.m.c.i.p.ProjectConfigurationManager - Update completed for 1 poms: local refresh takes 0.00 sec, refresh facades takes 1.00 sec, update config takes 0.00 sec 
2025-09-03 14:25:41,925 [Worker-32: Updating Maven Project] INFO  o.e.m.c.i.p.ProjectConfigurationManager - Update started
2025-09-03 14:25:42,267 [Worker-32: Updating Maven Project] INFO  o.e.m.c.i.l.LifecycleMappingFactory - Using org.eclipse.m2e.jdt.JarLifecycleMapping lifecycle mapping for MavenProject: com.atm:ATM-Project:1.0 @ C:\Users\SRUTHI\Documents\atm\ATM-Project\pom.xml.
2025-09-03 14:25:43,475 [Worker-32: Updating Maven Project] INFO  o.e.m.j.i.AbstractJavaProjectConfigurator - Adding source folder /ATM-Project/src/main/java
2025-09-03 14:25:43,477 [Worker-32: Updating Maven Project] INFO  o.e.m.j.i.AbstractJavaProjectConfigurator - Adding resource folder /ATM-Project/src/main/resources
2025-09-03 14:25:43,477 [Worker-32: Updating Maven Project] INFO  o.e.m.j.i.AbstractJavaProjectConfigurator - Adding resource folder /ATM-Project/src/main/resources
2025-09-03 14:25:43,478 [Worker-32: Updating Maven Project] INFO  o.e.m.j.i.AbstractJavaProjectConfigurator - Adding source folder /ATM-Project/src/test/java
2025-09-03 14:25:43,479 [Worker-32: Updating Maven Project] INFO  o.e.m.j.i.AbstractJavaProjectConfigurator - Adding resource folder /ATM-Project/src/test/resources
2025-09-03 14:25:43,806 [Worker-32: Updating Maven Project] INFO  o.e.m.c.i.p.ProjectConfigurationManager - Update completed for 1 poms: local refresh takes 0.00 sec, refresh facades takes 1.00 sec, update config takes 0.00 sec 
2025-09-03 14:26:36,312 [Worker-23: Launching Executing clean in C__Users_SRUTHI_Documents_atm_ATM-Project] INFO  o.eclipse.m2e.core.internal.Bundles - getClasspathEntries(Bundle=org.eclipse.m2e.maven.runtime_3.9.900.20250220-2013 [364])
2025-09-03 14:26:36,316 [Worker-23: Launching Executing clean in C__Users_SRUTHI_Documents_atm_ATM-Project] INFO  o.eclipse.m2e.core.internal.Bundles - 	Entry: C:\STS\sts-4.31.0.RELEASE\plugins\org.eclipse.m2e.maven.runtime_3.9.900.20250220-2013
2025-09-03 14:26:36,316 [Worker-23: Launching Executing clean in C__Users_SRUTHI_Documents_atm_ATM-Project] INFO  o.eclipse.m2e.core.internal.Bundles - 	Entry: C:\STS\sts-4.31.0.RELEASE\plugins\org.eclipse.m2e.maven.runtime_3.9.900.20250220-2013\jars\aopalliance-1.0.jar
2025-09-03 14:26:36,316 [Worker-23: Launching Executing clean in C__Users_SRUTHI_Documents_atm_ATM-Project] INFO  o.eclipse.m2e.core.internal.Bundles - 	Entry: C:\STS\sts-4.31.0.RELEASE\plugins\org.eclipse.m2e.maven.runtime_3.9.900.20250220-2013\jars\guice-5.1.0.jar
2025-09-03 14:26:36,317 [Worker-23: Launching Executing clean in C__Users_SRUTHI_Documents_atm_ATM-Project] INFO  o.eclipse.m2e.core.internal.Bundles - 	Entry: C:\STS\sts-4.31.0.RELEASE\plugins\org.eclipse.m2e.maven.runtime_3.9.900.20250220-2013\jars\httpclient-4.5.14.jar
2025-09-03 14:26:36,317 [Worker-23: Launching Executing clean in C__Users_SRUTHI_Documents_atm_ATM-Project] INFO  o.eclipse.m2e.core.internal.Bundles - 	Entry: C:\STS\sts-4.31.0.RELEASE\plugins\org.eclipse.m2e.maven.runtime_3.9.900.20250220-2013\jars\httpcore-4.4.16.jar
2025-09-03 14:26:36,317 [Worker-23: Launching Executing clean in C__Users_SRUTHI_Documents_atm_ATM-Project] INFO  o.eclipse.m2e.core.internal.Bundles - 	Entry: C:\STS\sts-4.31.0.RELEASE\plugins\org.eclipse.m2e.maven.runtime_3.9.900.20250220-2013\jars\jansi-2.4.1.jar
2025-09-03 14:26:36,317 [Worker-23: Launching Executing clean in C__Users_SRUTHI_Documents_atm_ATM-Project] INFO  o.eclipse.m2e.core.internal.Bundles - 	Entry: C:\STS\sts-4.31.0.RELEASE\plugins\org.eclipse.m2e.maven.runtime_3.9.900.20250220-2013\jars\jcl-over-slf4j-1.7.36.jar
2025-09-03 14:26:36,317 [Worker-23: Launching Executing clean in C__Users_SRUTHI_Documents_atm_ATM-Project] INFO  o.eclipse.m2e.core.internal.Bundles - 	Entry: C:\STS\sts-4.31.0.RELEASE\plugins\org.eclipse.m2e.maven.runtime_3.9.900.20250220-2013\jars\maven-artifact-3.9.9.jar
2025-09-03 14:26:36,317 [Worker-23: Launching Executing clean in C__Users_SRUTHI_Documents_atm_ATM-Project] INFO  o.eclipse.m2e.core.internal.Bundles - 	Entry: C:\STS\sts-4.31.0.RELEASE\plugins\org.eclipse.m2e.maven.runtime_3.9.900.20250220-2013\jars\maven-builder-support-3.9.9.jar
2025-09-03 14:26:36,317 [Worker-23: Launching Executing clean in C__Users_SRUTHI_Documents_atm_ATM-Project] INFO  o.eclipse.m2e.core.internal.Bundles - 	Entry: C:\STS\sts-4.31.0.RELEASE\plugins\org.eclipse.m2e.maven.runtime_3.9.900.20250220-2013\jars\maven-compat-3.9.9.jar
2025-09-03 14:26:36,317 [Worker-23: Launching Executing clean in C__Users_SRUTHI_Documents_atm_ATM-Project] INFO  o.eclipse.m2e.core.internal.Bundles - 	Entry: C:\STS\sts-4.31.0.RELEASE\plugins\org.eclipse.m2e.maven.runtime_3.9.900.20250220-2013\jars\maven-core-3.9.9.jar
2025-09-03 14:26:36,317 [Worker-23: Launching Executing clean in C__Users_SRUTHI_Documents_atm_ATM-Project] INFO  o.eclipse.m2e.core.internal.Bundles - 	Entry: C:\STS\sts-4.31.0.RELEASE\plugins\org.eclipse.m2e.maven.runtime_3.9.900.20250220-2013\jars\maven-embedder-3.9.9.jar
2025-09-03 14:26:36,318 [Worker-23: Launching Executing clean in C__Users_SRUTHI_Documents_atm_ATM-Project] INFO  o.eclipse.m2e.core.internal.Bundles - 	Entry: C:\STS\sts-4.31.0.RELEASE\plugins\org.eclipse.m2e.maven.runtime_3.9.900.20250220-2013\jars\maven-model-3.9.9.jar
2025-09-03 14:26:36,318 [Worker-23: Launching Executing clean in C__Users_SRUTHI_Documents_atm_ATM-Project] INFO  o.eclipse.m2e.core.internal.Bundles - 	Entry: C:\STS\sts-4.31.0.RELEASE\plugins\org.eclipse.m2e.maven.runtime_3.9.900.20250220-2013\jars\maven-model-builder-3.9.9.jar
2025-09-03 14:26:36,318 [Worker-23: Launching Executing clean in C__Users_SRUTHI_Documents_atm_ATM-Project] INFO  o.eclipse.m2e.core.internal.Bundles - 	Entry: C:\STS\sts-4.31.0.RELEASE\plugins\org.eclipse.m2e.maven.runtime_3.9.900.20250220-2013\jars\maven-plugin-api-3.9.9.jar
2025-09-03 14:26:36,318 [Worker-23: Launching Executing clean in C__Users_SRUTHI_Documents_atm_ATM-Project] INFO  o.eclipse.m2e.core.internal.Bundles - 	Entry: C:\STS\sts-4.31.0.RELEASE\plugins\org.eclipse.m2e.maven.runtime_3.9.900.20250220-2013\jars\maven-repository-metadata-3.9.9.jar
2025-09-03 14:26:36,318 [Worker-23: Launching Executing clean in C__Users_SRUTHI_Documents_atm_ATM-Project] INFO  o.eclipse.m2e.core.internal.Bundles - 	Entry: C:\STS\sts-4.31.0.RELEASE\plugins\org.eclipse.m2e.maven.runtime_3.9.900.20250220-2013\jars\maven-resolver-api-1.9.22.jar
2025-09-03 14:26:36,318 [Worker-23: Launching Executing clean in C__Users_SRUTHI_Documents_atm_ATM-Project] INFO  o.eclipse.m2e.core.internal.Bundles - 	Entry: C:\STS\sts-4.31.0.RELEASE\plugins\org.eclipse.m2e.maven.runtime_3.9.900.20250220-2013\jars\maven-resolver-connector-basic-1.9.22.jar
2025-09-03 14:26:36,318 [Worker-23: Launching Executing clean in C__Users_SRUTHI_Documents_atm_ATM-Project] INFO  o.eclipse.m2e.core.internal.Bundles - 	Entry: C:\STS\sts-4.31.0.RELEASE\plugins\org.eclipse.m2e.maven.runtime_3.9.900.20250220-2013\jars\maven-resolver-impl-1.9.22.jar
2025-09-03 14:26:36,318 [Worker-23: Launching Executing clean in C__Users_SRUTHI_Documents_atm_ATM-Project] INFO  o.eclipse.m2e.core.internal.Bundles - 	Entry: C:\STS\sts-4.31.0.RELEASE\plugins\org.eclipse.m2e.maven.runtime_3.9.900.20250220-2013\jars\maven-resolver-named-locks-1.9.22.jar
2025-09-03 14:26:36,318 [Worker-23: Launching Executing clean in C__Users_SRUTHI_Documents_atm_ATM-Project] INFO  o.eclipse.m2e.core.internal.Bundles - 	Entry: C:\STS\sts-4.31.0.RELEASE\plugins\org.eclipse.m2e.maven.runtime_3.9.900.20250220-2013\jars\maven-resolver-provider-3.9.9.jar
2025-09-03 14:26:36,319 [Worker-23: Launching Executing clean in C__Users_SRUTHI_Documents_atm_ATM-Project] INFO  o.eclipse.m2e.core.internal.Bundles - 	Entry: C:\STS\sts-4.31.0.RELEASE\plugins\org.eclipse.m2e.maven.runtime_3.9.900.20250220-2013\jars\maven-resolver-spi-1.9.22.jar
2025-09-03 14:26:36,319 [Worker-23: Launching Executing clean in C__Users_SRUTHI_Documents_atm_ATM-Project] INFO  o.eclipse.m2e.core.internal.Bundles - 	Entry: C:\STS\sts-4.31.0.RELEASE\plugins\org.eclipse.m2e.maven.runtime_3.9.900.20250220-2013\jars\maven-resolver-transport-file-1.9.22.jar
2025-09-03 14:26:36,319 [Worker-23: Launching Executing clean in C__Users_SRUTHI_Documents_atm_ATM-Project] INFO  o.eclipse.m2e.core.internal.Bundles - 	Entry: C:\STS\sts-4.31.0.RELEASE\plugins\org.eclipse.m2e.maven.runtime_3.9.900.20250220-2013\jars\maven-resolver-transport-http-1.9.22.jar
2025-09-03 14:26:36,319 [Worker-23: Launching Executing clean in C__Users_SRUTHI_Documents_atm_ATM-Project] INFO  o.eclipse.m2e.core.internal.Bundles - 	Entry: C:\STS\sts-4.31.0.RELEASE\plugins\org.eclipse.m2e.maven.runtime_3.9.900.20250220-2013\jars\maven-resolver-transport-wagon-1.9.22.jar
2025-09-03 14:26:36,319 [Worker-23: Launching Executing clean in C__Users_SRUTHI_Documents_atm_ATM-Project] INFO  o.eclipse.m2e.core.internal.Bundles - 	Entry: C:\STS\sts-4.31.0.RELEASE\plugins\org.eclipse.m2e.maven.runtime_3.9.900.20250220-2013\jars\maven-resolver-util-1.9.22.jar
2025-09-03 14:26:36,319 [Worker-23: Launching Executing clean in C__Users_SRUTHI_Documents_atm_ATM-Project] INFO  o.eclipse.m2e.core.internal.Bundles - 	Entry: C:\STS\sts-4.31.0.RELEASE\plugins\org.eclipse.m2e.maven.runtime_3.9.900.20250220-2013\jars\maven-settings-3.9.9.jar
2025-09-03 14:26:36,319 [Worker-23: Launching Executing clean in C__Users_SRUTHI_Documents_atm_ATM-Project] INFO  o.eclipse.m2e.core.internal.Bundles - 	Entry: C:\STS\sts-4.31.0.RELEASE\plugins\org.eclipse.m2e.maven.runtime_3.9.900.20250220-2013\jars\maven-settings-builder-3.9.9.jar
2025-09-03 14:26:36,319 [Worker-23: Launching Executing clean in C__Users_SRUTHI_Documents_atm_ATM-Project] INFO  o.eclipse.m2e.core.internal.Bundles - 	Entry: C:\STS\sts-4.31.0.RELEASE\plugins\org.eclipse.m2e.maven.runtime_3.9.900.20250220-2013\jars\maven-shared-utils-3.4.2.jar
2025-09-03 14:26:36,319 [Worker-23: Launching Executing clean in C__Users_SRUTHI_Documents_atm_ATM-Project] INFO  o.eclipse.m2e.core.internal.Bundles - 	Entry: C:\STS\sts-4.31.0.RELEASE\plugins\org.eclipse.m2e.maven.runtime_3.9.900.20250220-2013\jars\org.eclipse.sisu.inject-0.9.0.M3.jar
2025-09-03 14:26:36,319 [Worker-23: Launching Executing clean in C__Users_SRUTHI_Documents_atm_ATM-Project] INFO  o.eclipse.m2e.core.internal.Bundles - 	Entry: C:\STS\sts-4.31.0.RELEASE\plugins\org.eclipse.m2e.maven.runtime_3.9.900.20250220-2013\jars\org.eclipse.sisu.plexus-0.9.0.M3.jar
2025-09-03 14:26:36,320 [Worker-23: Launching Executing clean in C__Users_SRUTHI_Documents_atm_ATM-Project] INFO  o.eclipse.m2e.core.internal.Bundles - 	Entry: C:\STS\sts-4.31.0.RELEASE\plugins\org.eclipse.m2e.maven.runtime_3.9.900.20250220-2013\jars\plexus-build-api-0.0.7.jar
2025-09-03 14:26:36,320 [Worker-23: Launching Executing clean in C__Users_SRUTHI_Documents_atm_ATM-Project] INFO  o.eclipse.m2e.core.internal.Bundles - 	Entry: C:\STS\sts-4.31.0.RELEASE\plugins\org.eclipse.m2e.maven.runtime_3.9.900.20250220-2013\jars\plexus-build-api-1.2.0.jar
2025-09-03 14:26:36,320 [Worker-23: Launching Executing clean in C__Users_SRUTHI_Documents_atm_ATM-Project] INFO  o.eclipse.m2e.core.internal.Bundles - 	Entry: C:\STS\sts-4.31.0.RELEASE\plugins\org.eclipse.m2e.maven.runtime_3.9.900.20250220-2013\jars\plexus-cipher-2.0.jar
2025-09-03 14:26:36,320 [Worker-23: Launching Executing clean in C__Users_SRUTHI_Documents_atm_ATM-Project] INFO  o.eclipse.m2e.core.internal.Bundles - 	Entry: C:\STS\sts-4.31.0.RELEASE\plugins\org.eclipse.m2e.maven.runtime_3.9.900.20250220-2013\jars\plexus-classworlds-2.8.0.jar
2025-09-03 14:26:36,320 [Worker-23: Launching Executing clean in C__Users_SRUTHI_Documents_atm_ATM-Project] INFO  o.eclipse.m2e.core.internal.Bundles - 	Entry: C:\STS\sts-4.31.0.RELEASE\plugins\org.eclipse.m2e.maven.runtime_3.9.900.20250220-2013\jars\plexus-component-annotations-2.1.0.jar
2025-09-03 14:26:36,320 [Worker-23: Launching Executing clean in C__Users_SRUTHI_Documents_atm_ATM-Project] INFO  o.eclipse.m2e.core.internal.Bundles - 	Entry: C:\STS\sts-4.31.0.RELEASE\plugins\org.eclipse.m2e.maven.runtime_3.9.900.20250220-2013\jars\plexus-interpolation-1.27.jar
2025-09-03 14:26:36,320 [Worker-23: Launching Executing clean in C__Users_SRUTHI_Documents_atm_ATM-Project] INFO  o.eclipse.m2e.core.internal.Bundles - 	Entry: C:\STS\sts-4.31.0.RELEASE\plugins\org.eclipse.m2e.maven.runtime_3.9.900.20250220-2013\jars\plexus-sec-dispatcher-2.0.jar
2025-09-03 14:26:36,320 [Worker-23: Launching Executing clean in C__Users_SRUTHI_Documents_atm_ATM-Project] INFO  o.eclipse.m2e.core.internal.Bundles - 	Entry: C:\STS\sts-4.31.0.RELEASE\plugins\org.eclipse.m2e.maven.runtime_3.9.900.20250220-2013\jars\plexus-utils-3.5.1.jar
2025-09-03 14:26:36,320 [Worker-23: Launching Executing clean in C__Users_SRUTHI_Documents_atm_ATM-Project] INFO  o.eclipse.m2e.core.internal.Bundles - 	Entry: C:\STS\sts-4.31.0.RELEASE\plugins\org.eclipse.m2e.maven.runtime_3.9.900.20250220-2013\jars\plexus-xml-3.0.1.jar
2025-09-03 14:26:36,320 [Worker-23: Launching Executing clean in C__Users_SRUTHI_Documents_atm_ATM-Project] INFO  o.eclipse.m2e.core.internal.Bundles - 	Entry: C:\STS\sts-4.31.0.RELEASE\plugins\org.eclipse.m2e.maven.runtime_3.9.900.20250220-2013\jars\wagon-file-3.5.3.jar
2025-09-03 14:26:36,320 [Worker-23: Launching Executing clean in C__Users_SRUTHI_Documents_atm_ATM-Project] INFO  o.eclipse.m2e.core.internal.Bundles - 	Entry: C:\STS\sts-4.31.0.RELEASE\plugins\org.eclipse.m2e.maven.runtime_3.9.900.20250220-2013\jars\wagon-http-3.5.3.jar
2025-09-03 14:26:36,320 [Worker-23: Launching Executing clean in C__Users_SRUTHI_Documents_atm_ATM-Project] INFO  o.eclipse.m2e.core.internal.Bundles - 	Entry: C:\STS\sts-4.31.0.RELEASE\plugins\org.eclipse.m2e.maven.runtime_3.9.900.20250220-2013\jars\wagon-http-shared-3.5.3.jar
2025-09-03 14:26:36,321 [Worker-23: Launching Executing clean in C__Users_SRUTHI_Documents_atm_ATM-Project] INFO  o.eclipse.m2e.core.internal.Bundles - 	Entry: C:\STS\sts-4.31.0.RELEASE\plugins\org.eclipse.m2e.maven.runtime_3.9.900.20250220-2013\jars\wagon-provider-api-3.5.3.jar
2025-09-03 14:26:36,322 [Worker-23: Launching Executing clean in C__Users_SRUTHI_Documents_atm_ATM-Project] INFO  o.eclipse.m2e.core.internal.Bundles - getClasspathEntries(Bundle=com.google.guava_33.4.8.jre [31])
2025-09-03 14:26:36,323 [Worker-23: Launching Executing clean in C__Users_SRUTHI_Documents_atm_ATM-Project] INFO  o.eclipse.m2e.core.internal.Bundles - 	Entry: C:\STS\sts-4.31.0.RELEASE\plugins\com.google.guava_33.4.8.jre.jar
2025-09-03 14:26:36,323 [Worker-23: Launching Executing clean in C__Users_SRUTHI_Documents_atm_ATM-Project] INFO  o.eclipse.m2e.core.internal.Bundles - getClasspathEntries(Bundle=slf4j.api_2.0.17 [613])
2025-09-03 14:26:36,324 [Worker-23: Launching Executing clean in C__Users_SRUTHI_Documents_atm_ATM-Project] INFO  o.eclipse.m2e.core.internal.Bundles - 	Entry: C:\STS\sts-4.31.0.RELEASE\plugins\slf4j.api_2.0.17.jar
2025-09-03 14:26:36,324 [Worker-23: Launching Executing clean in C__Users_SRUTHI_Documents_atm_ATM-Project] INFO  o.eclipse.m2e.core.internal.Bundles - getClasspathEntries(Bundle=jakarta.inject.jakarta.inject-api_1.0.5 [46])
2025-09-03 14:26:36,324 [Worker-23: Launching Executing clean in C__Users_SRUTHI_Documents_atm_ATM-Project] INFO  o.eclipse.m2e.core.internal.Bundles - 	Entry: C:\STS\sts-4.31.0.RELEASE\plugins\jakarta.inject.jakarta.inject-api_1.0.5.jar
2025-09-03 14:26:36,324 [Worker-23: Launching Executing clean in C__Users_SRUTHI_Documents_atm_ATM-Project] INFO  o.eclipse.m2e.core.internal.Bundles - getClasspathEntries(Bundle=javax.annotation_1.3.5.v20200909-1856 [55])
2025-09-03 14:26:36,324 [Worker-23: Launching Executing clean in C__Users_SRUTHI_Documents_atm_ATM-Project] INFO  o.eclipse.m2e.core.internal.Bundles - 	Entry: C:\STS\sts-4.31.0.RELEASE\plugins\javax.annotation_1.3.5.v20200909-1856.jar
2025-09-03 14:26:36,324 [Worker-23: Launching Executing clean in C__Users_SRUTHI_Documents_atm_ATM-Project] INFO  o.eclipse.m2e.core.internal.Bundles - getClasspathEntries(Bundle=org.apache.commons.cli_1.9.0 [79])
2025-09-03 14:26:36,324 [Worker-23: Launching Executing clean in C__Users_SRUTHI_Documents_atm_ATM-Project] INFO  o.eclipse.m2e.core.internal.Bundles - 	Entry: C:\STS\sts-4.31.0.RELEASE\plugins\org.apache.commons.cli_1.9.0.jar
2025-09-03 14:26:36,324 [Worker-23: Launching Executing clean in C__Users_SRUTHI_Documents_atm_ATM-Project] INFO  o.eclipse.m2e.core.internal.Bundles - getClasspathEntries(Bundle=org.apache.commons.commons-codec_1.16.0 [81])
2025-09-03 14:26:36,324 [Worker-23: Launching Executing clean in C__Users_SRUTHI_Documents_atm_ATM-Project] INFO  o.eclipse.m2e.core.internal.Bundles - 	Entry: C:\STS\sts-4.31.0.RELEASE\plugins\org.apache.commons.commons-codec_1.16.0.jar
2025-09-03 14:26:36,324 [Worker-23: Launching Executing clean in C__Users_SRUTHI_Documents_atm_ATM-Project] INFO  o.eclipse.m2e.core.internal.Bundles - getClasspathEntries(Bundle=com.google.guava.failureaccess_1.0.3 [32])
2025-09-03 14:26:36,325 [Worker-23: Launching Executing clean in C__Users_SRUTHI_Documents_atm_ATM-Project] INFO  o.eclipse.m2e.core.internal.Bundles - 	Entry: C:\STS\sts-4.31.0.RELEASE\plugins\com.google.guava.failureaccess_1.0.3.jar
2025-09-03 14:26:36,327 [Worker-23: Launching Executing clean in C__Users_SRUTHI_Documents_atm_ATM-Project] INFO  o.e.m.i.launch.MavenLaunchDelegate - Run build in "C:\Users\SRUTHI\Documents\atm\ATM-Project":
2025-09-03 14:26:36,329 [Worker-23: Launching Executing clean in C__Users_SRUTHI_Documents_atm_ATM-Project] INFO  o.e.m.i.launch.MavenLaunchDelegate -  mvn  -Ppom.xml -B -Dstyle.color=always clean
2025-09-03 14:27:02,052 [Worker-32: Launching Executing install in C__Users_SRUTHI_Documents_atm_ATM-Project] INFO  o.eclipse.m2e.core.internal.Bundles - getClasspathEntries(Bundle=org.eclipse.m2e.maven.runtime_3.9.900.20250220-2013 [364])
2025-09-03 14:27:02,053 [Worker-32: Launching Executing install in C__Users_SRUTHI_Documents_atm_ATM-Project] INFO  o.eclipse.m2e.core.internal.Bundles - 	Entry: C:\STS\sts-4.31.0.RELEASE\plugins\org.eclipse.m2e.maven.runtime_3.9.900.20250220-2013
2025-09-03 14:27:02,053 [Worker-32: Launching Executing install in C__Users_SRUTHI_Documents_atm_ATM-Project] INFO  o.eclipse.m2e.core.internal.Bundles - 	Entry: C:\STS\sts-4.31.0.RELEASE\plugins\org.eclipse.m2e.maven.runtime_3.9.900.20250220-2013\jars\aopalliance-1.0.jar
2025-09-03 14:27:02,054 [Worker-32: Launching Executing install in C__Users_SRUTHI_Documents_atm_ATM-Project] INFO  o.eclipse.m2e.core.internal.Bundles - 	Entry: C:\STS\sts-4.31.0.RELEASE\plugins\org.eclipse.m2e.maven.runtime_3.9.900.20250220-2013\jars\guice-5.1.0.jar
2025-09-03 14:27:02,054 [Worker-32: Launching Executing install in C__Users_SRUTHI_Documents_atm_ATM-Project] INFO  o.eclipse.m2e.core.internal.Bundles - 	Entry: C:\STS\sts-4.31.0.RELEASE\plugins\org.eclipse.m2e.maven.runtime_3.9.900.20250220-2013\jars\httpclient-4.5.14.jar
2025-09-03 14:27:02,054 [Worker-32: Launching Executing install in C__Users_SRUTHI_Documents_atm_ATM-Project] INFO  o.eclipse.m2e.core.internal.Bundles - 	Entry: C:\STS\sts-4.31.0.RELEASE\plugins\org.eclipse.m2e.maven.runtime_3.9.900.20250220-2013\jars\httpcore-4.4.16.jar
2025-09-03 14:27:02,054 [Worker-32: Launching Executing install in C__Users_SRUTHI_Documents_atm_ATM-Project] INFO  o.eclipse.m2e.core.internal.Bundles - 	Entry: C:\STS\sts-4.31.0.RELEASE\plugins\org.eclipse.m2e.maven.runtime_3.9.900.20250220-2013\jars\jansi-2.4.1.jar
2025-09-03 14:27:02,054 [Worker-32: Launching Executing install in C__Users_SRUTHI_Documents_atm_ATM-Project] INFO  o.eclipse.m2e.core.internal.Bundles - 	Entry: C:\STS\sts-4.31.0.RELEASE\plugins\org.eclipse.m2e.maven.runtime_3.9.900.20250220-2013\jars\jcl-over-slf4j-1.7.36.jar
2025-09-03 14:27:02,054 [Worker-32: Launching Executing install in C__Users_SRUTHI_Documents_atm_ATM-Project] INFO  o.eclipse.m2e.core.internal.Bundles - 	Entry: C:\STS\sts-4.31.0.RELEASE\plugins\org.eclipse.m2e.maven.runtime_3.9.900.20250220-2013\jars\maven-artifact-3.9.9.jar
2025-09-03 14:27:02,055 [Worker-32: Launching Executing install in C__Users_SRUTHI_Documents_atm_ATM-Project] INFO  o.eclipse.m2e.core.internal.Bundles - 	Entry: C:\STS\sts-4.31.0.RELEASE\plugins\org.eclipse.m2e.maven.runtime_3.9.900.20250220-2013\jars\maven-builder-support-3.9.9.jar
2025-09-03 14:27:02,055 [Worker-32: Launching Executing install in C__Users_SRUTHI_Documents_atm_ATM-Project] INFO  o.eclipse.m2e.core.internal.Bundles - 	Entry: C:\STS\sts-4.31.0.RELEASE\plugins\org.eclipse.m2e.maven.runtime_3.9.900.20250220-2013\jars\maven-compat-3.9.9.jar
2025-09-03 14:27:02,055 [Worker-32: Launching Executing install in C__Users_SRUTHI_Documents_atm_ATM-Project] INFO  o.eclipse.m2e.core.internal.Bundles - 	Entry: C:\STS\sts-4.31.0.RELEASE\plugins\org.eclipse.m2e.maven.runtime_3.9.900.20250220-2013\jars\maven-core-3.9.9.jar
2025-09-03 14:27:02,055 [Worker-32: Launching Executing install in C__Users_SRUTHI_Documents_atm_ATM-Project] INFO  o.eclipse.m2e.core.internal.Bundles - 	Entry: C:\STS\sts-4.31.0.RELEASE\plugins\org.eclipse.m2e.maven.runtime_3.9.900.20250220-2013\jars\maven-embedder-3.9.9.jar
2025-09-03 14:27:02,055 [Worker-32: Launching Executing install in C__Users_SRUTHI_Documents_atm_ATM-Project] INFO  o.eclipse.m2e.core.internal.Bundles - 	Entry: C:\STS\sts-4.31.0.RELEASE\plugins\org.eclipse.m2e.maven.runtime_3.9.900.20250220-2013\jars\maven-model-3.9.9.jar
2025-09-03 14:27:02,055 [Worker-32: Launching Executing install in C__Users_SRUTHI_Documents_atm_ATM-Project] INFO  o.eclipse.m2e.core.internal.Bundles - 	Entry: C:\STS\sts-4.31.0.RELEASE\plugins\org.eclipse.m2e.maven.runtime_3.9.900.20250220-2013\jars\maven-model-builder-3.9.9.jar
2025-09-03 14:27:02,055 [Worker-32: Launching Executing install in C__Users_SRUTHI_Documents_atm_ATM-Project] INFO  o.eclipse.m2e.core.internal.Bundles - 	Entry: C:\STS\sts-4.31.0.RELEASE\plugins\org.eclipse.m2e.maven.runtime_3.9.900.20250220-2013\jars\maven-plugin-api-3.9.9.jar
2025-09-03 14:27:02,056 [Worker-32: Launching Executing install in C__Users_SRUTHI_Documents_atm_ATM-Project] INFO  o.eclipse.m2e.core.internal.Bundles - 	Entry: C:\STS\sts-4.31.0.RELEASE\plugins\org.eclipse.m2e.maven.runtime_3.9.900.20250220-2013\jars\maven-repository-metadata-3.9.9.jar
2025-09-03 14:27:02,056 [Worker-32: Launching Executing install in C__Users_SRUTHI_Documents_atm_ATM-Project] INFO  o.eclipse.m2e.core.internal.Bundles - 	Entry: C:\STS\sts-4.31.0.RELEASE\plugins\org.eclipse.m2e.maven.runtime_3.9.900.20250220-2013\jars\maven-resolver-api-1.9.22.jar
2025-09-03 14:27:02,056 [Worker-32: Launching Executing install in C__Users_SRUTHI_Documents_atm_ATM-Project] INFO  o.eclipse.m2e.core.internal.Bundles - 	Entry: C:\STS\sts-4.31.0.RELEASE\plugins\org.eclipse.m2e.maven.runtime_3.9.900.20250220-2013\jars\maven-resolver-connector-basic-1.9.22.jar
2025-09-03 14:27:02,056 [Worker-32: Launching Executing install in C__Users_SRUTHI_Documents_atm_ATM-Project] INFO  o.eclipse.m2e.core.internal.Bundles - 	Entry: C:\STS\sts-4.31.0.RELEASE\plugins\org.eclipse.m2e.maven.runtime_3.9.900.20250220-2013\jars\maven-resolver-impl-1.9.22.jar
2025-09-03 14:27:02,056 [Worker-32: Launching Executing install in C__Users_SRUTHI_Documents_atm_ATM-Project] INFO  o.eclipse.m2e.core.internal.Bundles - 	Entry: C:\STS\sts-4.31.0.RELEASE\plugins\org.eclipse.m2e.maven.runtime_3.9.900.20250220-2013\jars\maven-resolver-named-locks-1.9.22.jar
2025-09-03 14:27:02,056 [Worker-32: Launching Executing install in C__Users_SRUTHI_Documents_atm_ATM-Project] INFO  o.eclipse.m2e.core.internal.Bundles - 	Entry: C:\STS\sts-4.31.0.RELEASE\plugins\org.eclipse.m2e.maven.runtime_3.9.900.20250220-2013\jars\maven-resolver-provider-3.9.9.jar
2025-09-03 14:27:02,057 [Worker-32: Launching Executing install in C__Users_SRUTHI_Documents_atm_ATM-Project] INFO  o.eclipse.m2e.core.internal.Bundles - 	Entry: C:\STS\sts-4.31.0.RELEASE\plugins\org.eclipse.m2e.maven.runtime_3.9.900.20250220-2013\jars\maven-resolver-spi-1.9.22.jar
2025-09-03 14:27:02,057 [Worker-32: Launching Executing install in C__Users_SRUTHI_Documents_atm_ATM-Project] INFO  o.eclipse.m2e.core.internal.Bundles - 	Entry: C:\STS\sts-4.31.0.RELEASE\plugins\org.eclipse.m2e.maven.runtime_3.9.900.20250220-2013\jars\maven-resolver-transport-file-1.9.22.jar
2025-09-03 14:27:02,057 [Worker-32: Launching Executing install in C__Users_SRUTHI_Documents_atm_ATM-Project] INFO  o.eclipse.m2e.core.internal.Bundles - 	Entry: C:\STS\sts-4.31.0.RELEASE\plugins\org.eclipse.m2e.maven.runtime_3.9.900.20250220-2013\jars\maven-resolver-transport-http-1.9.22.jar
2025-09-03 14:27:02,057 [Worker-32: Launching Executing install in C__Users_SRUTHI_Documents_atm_ATM-Project] INFO  o.eclipse.m2e.core.internal.Bundles - 	Entry: C:\STS\sts-4.31.0.RELEASE\plugins\org.eclipse.m2e.maven.runtime_3.9.900.20250220-2013\jars\maven-resolver-transport-wagon-1.9.22.jar
2025-09-03 14:27:02,057 [Worker-32: Launching Executing install in C__Users_SRUTHI_Documents_atm_ATM-Project] INFO  o.eclipse.m2e.core.internal.Bundles - 	Entry: C:\STS\sts-4.31.0.RELEASE\plugins\org.eclipse.m2e.maven.runtime_3.9.900.20250220-2013\jars\maven-resolver-util-1.9.22.jar
2025-09-03 14:27:02,057 [Worker-32: Launching Executing install in C__Users_SRUTHI_Documents_atm_ATM-Project] INFO  o.eclipse.m2e.core.internal.Bundles - 	Entry: C:\STS\sts-4.31.0.RELEASE\plugins\org.eclipse.m2e.maven.runtime_3.9.900.20250220-2013\jars\maven-settings-3.9.9.jar
2025-09-03 14:27:02,057 [Worker-32: Launching Executing install in C__Users_SRUTHI_Documents_atm_ATM-Project] INFO  o.eclipse.m2e.core.internal.Bundles - 	Entry: C:\STS\sts-4.31.0.RELEASE\plugins\org.eclipse.m2e.maven.runtime_3.9.900.20250220-2013\jars\maven-settings-builder-3.9.9.jar
2025-09-03 14:27:02,058 [Worker-32: Launching Executing install in C__Users_SRUTHI_Documents_atm_ATM-Project] INFO  o.eclipse.m2e.core.internal.Bundles - 	Entry: C:\STS\sts-4.31.0.RELEASE\plugins\org.eclipse.m2e.maven.runtime_3.9.900.20250220-2013\jars\maven-shared-utils-3.4.2.jar
2025-09-03 14:27:02,058 [Worker-32: Launching Executing install in C__Users_SRUTHI_Documents_atm_ATM-Project] INFO  o.eclipse.m2e.core.internal.Bundles - 	Entry: C:\STS\sts-4.31.0.RELEASE\plugins\org.eclipse.m2e.maven.runtime_3.9.900.20250220-2013\jars\org.eclipse.sisu.inject-0.9.0.M3.jar
2025-09-03 14:27:02,058 [Worker-32: Launching Executing install in C__Users_SRUTHI_Documents_atm_ATM-Project] INFO  o.eclipse.m2e.core.internal.Bundles - 	Entry: C:\STS\sts-4.31.0.RELEASE\plugins\org.eclipse.m2e.maven.runtime_3.9.900.20250220-2013\jars\org.eclipse.sisu.plexus-0.9.0.M3.jar
2025-09-03 14:27:02,058 [Worker-32: Launching Executing install in C__Users_SRUTHI_Documents_atm_ATM-Project] INFO  o.eclipse.m2e.core.internal.Bundles - 	Entry: C:\STS\sts-4.31.0.RELEASE\plugins\org.eclipse.m2e.maven.runtime_3.9.900.20250220-2013\jars\plexus-build-api-0.0.7.jar
2025-09-03 14:27:02,058 [Worker-32: Launching Executing install in C__Users_SRUTHI_Documents_atm_ATM-Project] INFO  o.eclipse.m2e.core.internal.Bundles - 	Entry: C:\STS\sts-4.31.0.RELEASE\plugins\org.eclipse.m2e.maven.runtime_3.9.900.20250220-2013\jars\plexus-build-api-1.2.0.jar
2025-09-03 14:27:02,058 [Worker-32: Launching Executing install in C__Users_SRUTHI_Documents_atm_ATM-Project] INFO  o.eclipse.m2e.core.internal.Bundles - 	Entry: C:\STS\sts-4.31.0.RELEASE\plugins\org.eclipse.m2e.maven.runtime_3.9.900.20250220-2013\jars\plexus-cipher-2.0.jar
2025-09-03 14:27:02,059 [Worker-32: Launching Executing install in C__Users_SRUTHI_Documents_atm_ATM-Project] INFO  o.eclipse.m2e.core.internal.Bundles - 	Entry: C:\STS\sts-4.31.0.RELEASE\plugins\org.eclipse.m2e.maven.runtime_3.9.900.20250220-2013\jars\plexus-classworlds-2.8.0.jar
2025-09-03 14:27:02,059 [Worker-32: Launching Executing install in C__Users_SRUTHI_Documents_atm_ATM-Project] INFO  o.eclipse.m2e.core.internal.Bundles - 	Entry: C:\STS\sts-4.31.0.RELEASE\plugins\org.eclipse.m2e.maven.runtime_3.9.900.20250220-2013\jars\plexus-component-annotations-2.1.0.jar
2025-09-03 14:27:02,059 [Worker-32: Launching Executing install in C__Users_SRUTHI_Documents_atm_ATM-Project] INFO  o.eclipse.m2e.core.internal.Bundles - 	Entry: C:\STS\sts-4.31.0.RELEASE\plugins\org.eclipse.m2e.maven.runtime_3.9.900.20250220-2013\jars\plexus-interpolation-1.27.jar
2025-09-03 14:27:02,059 [Worker-32: Launching Executing install in C__Users_SRUTHI_Documents_atm_ATM-Project] INFO  o.eclipse.m2e.core.internal.Bundles - 	Entry: C:\STS\sts-4.31.0.RELEASE\plugins\org.eclipse.m2e.maven.runtime_3.9.900.20250220-2013\jars\plexus-sec-dispatcher-2.0.jar
2025-09-03 14:27:02,059 [Worker-32: Launching Executing install in C__Users_SRUTHI_Documents_atm_ATM-Project] INFO  o.eclipse.m2e.core.internal.Bundles - 	Entry: C:\STS\sts-4.31.0.RELEASE\plugins\org.eclipse.m2e.maven.runtime_3.9.900.20250220-2013\jars\plexus-utils-3.5.1.jar
2025-09-03 14:27:02,059 [Worker-32: Launching Executing install in C__Users_SRUTHI_Documents_atm_ATM-Project] INFO  o.eclipse.m2e.core.internal.Bundles - 	Entry: C:\STS\sts-4.31.0.RELEASE\plugins\org.eclipse.m2e.maven.runtime_3.9.900.20250220-2013\jars\plexus-xml-3.0.1.jar
2025-09-03 14:27:02,059 [Worker-32: Launching Executing install in C__Users_SRUTHI_Documents_atm_ATM-Project] INFO  o.eclipse.m2e.core.internal.Bundles - 	Entry: C:\STS\sts-4.31.0.RELEASE\plugins\org.eclipse.m2e.maven.runtime_3.9.900.20250220-2013\jars\wagon-file-3.5.3.jar
2025-09-03 14:27:02,060 [Worker-32: Launching Executing install in C__Users_SRUTHI_Documents_atm_ATM-Project] INFO  o.eclipse.m2e.core.internal.Bundles - 	Entry: C:\STS\sts-4.31.0.RELEASE\plugins\org.eclipse.m2e.maven.runtime_3.9.900.20250220-2013\jars\wagon-http-3.5.3.jar
2025-09-03 14:27:02,060 [Worker-32: Launching Executing install in C__Users_SRUTHI_Documents_atm_ATM-Project] INFO  o.eclipse.m2e.core.internal.Bundles - 	Entry: C:\STS\sts-4.31.0.RELEASE\plugins\org.eclipse.m2e.maven.runtime_3.9.900.20250220-2013\jars\wagon-http-shared-3.5.3.jar
2025-09-03 14:27:02,060 [Worker-32: Launching Executing install in C__Users_SRUTHI_Documents_atm_ATM-Project] INFO  o.eclipse.m2e.core.internal.Bundles - 	Entry: C:\STS\sts-4.31.0.RELEASE\plugins\org.eclipse.m2e.maven.runtime_3.9.900.20250220-2013\jars\wagon-provider-api-3.5.3.jar
2025-09-03 14:27:02,060 [Worker-32: Launching Executing install in C__Users_SRUTHI_Documents_atm_ATM-Project] INFO  o.eclipse.m2e.core.internal.Bundles - getClasspathEntries(Bundle=com.google.guava_33.4.8.jre [31])
2025-09-03 14:27:02,061 [Worker-32: Launching Executing install in C__Users_SRUTHI_Documents_atm_ATM-Project] INFO  o.eclipse.m2e.core.internal.Bundles - 	Entry: C:\STS\sts-4.31.0.RELEASE\plugins\com.google.guava_33.4.8.jre.jar
2025-09-03 14:27:02,061 [Worker-32: Launching Executing install in C__Users_SRUTHI_Documents_atm_ATM-Project] INFO  o.eclipse.m2e.core.internal.Bundles - getClasspathEntries(Bundle=slf4j.api_2.0.17 [613])
2025-09-03 14:27:02,061 [Worker-32: Launching Executing install in C__Users_SRUTHI_Documents_atm_ATM-Project] INFO  o.eclipse.m2e.core.internal.Bundles - 	Entry: C:\STS\sts-4.31.0.RELEASE\plugins\slf4j.api_2.0.17.jar
2025-09-03 14:27:02,061 [Worker-32: Launching Executing install in C__Users_SRUTHI_Documents_atm_ATM-Project] INFO  o.eclipse.m2e.core.internal.Bundles - getClasspathEntries(Bundle=jakarta.inject.jakarta.inject-api_1.0.5 [46])
2025-09-03 14:27:02,061 [Worker-32: Launching Executing install in C__Users_SRUTHI_Documents_atm_ATM-Project] INFO  o.eclipse.m2e.core.internal.Bundles - 	Entry: C:\STS\sts-4.31.0.RELEASE\plugins\jakarta.inject.jakarta.inject-api_1.0.5.jar
2025-09-03 14:27:02,061 [Worker-32: Launching Executing install in C__Users_SRUTHI_Documents_atm_ATM-Project] INFO  o.eclipse.m2e.core.internal.Bundles - getClasspathEntries(Bundle=javax.annotation_1.3.5.v20200909-1856 [55])
2025-09-03 14:27:02,062 [Worker-32: Launching Executing install in C__Users_SRUTHI_Documents_atm_ATM-Project] INFO  o.eclipse.m2e.core.internal.Bundles - 	Entry: C:\STS\sts-4.31.0.RELEASE\plugins\javax.annotation_1.3.5.v20200909-1856.jar
2025-09-03 14:27:02,062 [Worker-32: Launching Executing install in C__Users_SRUTHI_Documents_atm_ATM-Project] INFO  o.eclipse.m2e.core.internal.Bundles - getClasspathEntries(Bundle=org.apache.commons.cli_1.9.0 [79])
2025-09-03 14:27:02,062 [Worker-32: Launching Executing install in C__Users_SRUTHI_Documents_atm_ATM-Project] INFO  o.eclipse.m2e.core.internal.Bundles - 	Entry: C:\STS\sts-4.31.0.RELEASE\plugins\org.apache.commons.cli_1.9.0.jar
2025-09-03 14:27:02,062 [Worker-32: Launching Executing install in C__Users_SRUTHI_Documents_atm_ATM-Project] INFO  o.eclipse.m2e.core.internal.Bundles - getClasspathEntries(Bundle=org.apache.commons.commons-codec_1.16.0 [81])
2025-09-03 14:27:02,062 [Worker-32: Launching Executing install in C__Users_SRUTHI_Documents_atm_ATM-Project] INFO  o.eclipse.m2e.core.internal.Bundles - 	Entry: C:\STS\sts-4.31.0.RELEASE\plugins\org.apache.commons.commons-codec_1.16.0.jar
2025-09-03 14:27:02,062 [Worker-32: Launching Executing install in C__Users_SRUTHI_Documents_atm_ATM-Project] INFO  o.eclipse.m2e.core.internal.Bundles - getClasspathEntries(Bundle=com.google.guava.failureaccess_1.0.3 [32])
2025-09-03 14:27:02,063 [Worker-32: Launching Executing install in C__Users_SRUTHI_Documents_atm_ATM-Project] INFO  o.eclipse.m2e.core.internal.Bundles - 	Entry: C:\STS\sts-4.31.0.RELEASE\plugins\com.google.guava.failureaccess_1.0.3.jar
2025-09-03 14:27:02,065 [Worker-32: Launching Executing install in C__Users_SRUTHI_Documents_atm_ATM-Project] INFO  o.e.m.i.launch.MavenLaunchDelegate - Run build in "C:\Users\SRUTHI\Documents\atm\ATM-Project":
2025-09-03 14:27:02,065 [Worker-32: Launching Executing install in C__Users_SRUTHI_Documents_atm_ATM-Project] INFO  o.e.m.i.launch.MavenLaunchDelegate -  mvn  -Ppom.xml -B -Dstyle.color=always install
2025-09-03 14:34:54,571 [Worker-34: Updating Maven Project] INFO  o.e.m.c.i.p.ProjectConfigurationManager - Update started
2025-09-03 14:34:54,901 [Worker-34: Updating Maven Project] INFO  o.e.m.c.i.l.LifecycleMappingFactory - Using org.eclipse.m2e.jdt.JarLifecycleMapping lifecycle mapping for MavenProject: com.atm:ATM-Project:1.0 @ C:\Users\SRUTHI\Documents\atm\ATM-Project\pom.xml.
2025-09-03 14:34:55,545 [Worker-34: Updating Maven Project] INFO  o.e.m.j.i.AbstractJavaProjectConfigurator - Adding source folder /ATM-Project/src/main/java
2025-09-03 14:34:55,546 [Worker-34: Updating Maven Project] INFO  o.e.m.j.i.AbstractJavaProjectConfigurator - Adding resource folder /ATM-Project/src/main/resources
2025-09-03 14:34:55,546 [Worker-34: Updating Maven Project] INFO  o.e.m.j.i.AbstractJavaProjectConfigurator - Adding resource folder /ATM-Project/src/main/resources
2025-09-03 14:34:55,546 [Worker-34: Updating Maven Project] INFO  o.e.m.j.i.AbstractJavaProjectConfigurator - Adding source folder /ATM-Project/src/test/java
2025-09-03 14:34:55,547 [Worker-34: Updating Maven Project] INFO  o.e.m.j.i.AbstractJavaProjectConfigurator - Adding resource folder /ATM-Project/src/test/resources
2025-09-03 14:34:55,869 [Worker-34: Updating Maven Project] INFO  o.e.m.c.i.p.ProjectConfigurationManager - Update completed for 1 poms: local refresh takes 0.00 sec, refresh facades takes 0.00 sec, update config takes 0.00 sec 
2025-09-03 14:36:28,255 [Worker-27: Launching Executing clean in C__Users_SRUTHI_Documents_atm_ATM-Project] INFO  o.eclipse.m2e.core.internal.Bundles - getClasspathEntries(Bundle=org.eclipse.m2e.maven.runtime_3.9.900.20250220-2013 [364])
2025-09-03 14:36:28,256 [Worker-27: Launching Executing clean in C__Users_SRUTHI_Documents_atm_ATM-Project] INFO  o.eclipse.m2e.core.internal.Bundles - 	Entry: C:\STS\sts-4.31.0.RELEASE\plugins\org.eclipse.m2e.maven.runtime_3.9.900.20250220-2013
2025-09-03 14:36:28,256 [Worker-27: Launching Executing clean in C__Users_SRUTHI_Documents_atm_ATM-Project] INFO  o.eclipse.m2e.core.internal.Bundles - 	Entry: C:\STS\sts-4.31.0.RELEASE\plugins\org.eclipse.m2e.maven.runtime_3.9.900.20250220-2013\jars\aopalliance-1.0.jar
2025-09-03 14:36:28,256 [Worker-27: Launching Executing clean in C__Users_SRUTHI_Documents_atm_ATM-Project] INFO  o.eclipse.m2e.core.internal.Bundles - 	Entry: C:\STS\sts-4.31.0.RELEASE\plugins\org.eclipse.m2e.maven.runtime_3.9.900.20250220-2013\jars\guice-5.1.0.jar
2025-09-03 14:36:28,257 [Worker-27: Launching Executing clean in C__Users_SRUTHI_Documents_atm_ATM-Project] INFO  o.eclipse.m2e.core.internal.Bundles - 	Entry: C:\STS\sts-4.31.0.RELEASE\plugins\org.eclipse.m2e.maven.runtime_3.9.900.20250220-2013\jars\httpclient-4.5.14.jar
2025-09-03 14:36:28,257 [Worker-27: Launching Executing clean in C__Users_SRUTHI_Documents_atm_ATM-Project] INFO  o.eclipse.m2e.core.internal.Bundles - 	Entry: C:\STS\sts-4.31.0.RELEASE\plugins\org.eclipse.m2e.maven.runtime_3.9.900.20250220-2013\jars\httpcore-4.4.16.jar
2025-09-03 14:36:28,257 [Worker-27: Launching Executing clean in C__Users_SRUTHI_Documents_atm_ATM-Project] INFO  o.eclipse.m2e.core.internal.Bundles - 	Entry: C:\STS\sts-4.31.0.RELEASE\plugins\org.eclipse.m2e.maven.runtime_3.9.900.20250220-2013\jars\jansi-2.4.1.jar
2025-09-03 14:36:28,257 [Worker-27: Launching Executing clean in C__Users_SRUTHI_Documents_atm_ATM-Project] INFO  o.eclipse.m2e.core.internal.Bundles - 	Entry: C:\STS\sts-4.31.0.RELEASE\plugins\org.eclipse.m2e.maven.runtime_3.9.900.20250220-2013\jars\jcl-over-slf4j-1.7.36.jar
2025-09-03 14:36:28,257 [Worker-27: Launching Executing clean in C__Users_SRUTHI_Documents_atm_ATM-Project] INFO  o.eclipse.m2e.core.internal.Bundles - 	Entry: C:\STS\sts-4.31.0.RELEASE\plugins\org.eclipse.m2e.maven.runtime_3.9.900.20250220-2013\jars\maven-artifact-3.9.9.jar
2025-09-03 14:36:28,258 [Worker-27: Launching Executing clean in C__Users_SRUTHI_Documents_atm_ATM-Project] INFO  o.eclipse.m2e.core.internal.Bundles - 	Entry: C:\STS\sts-4.31.0.RELEASE\plugins\org.eclipse.m2e.maven.runtime_3.9.900.20250220-2013\jars\maven-builder-support-3.9.9.jar
2025-09-03 14:36:28,258 [Worker-27: Launching Executing clean in C__Users_SRUTHI_Documents_atm_ATM-Project] INFO  o.eclipse.m2e.core.internal.Bundles - 	Entry: C:\STS\sts-4.31.0.RELEASE\plugins\org.eclipse.m2e.maven.runtime_3.9.900.20250220-2013\jars\maven-compat-3.9.9.jar
2025-09-03 14:36:28,258 [Worker-27: Launching Executing clean in C__Users_SRUTHI_Documents_atm_ATM-Project] INFO  o.eclipse.m2e.core.internal.Bundles - 	Entry: C:\STS\sts-4.31.0.RELEASE\plugins\org.eclipse.m2e.maven.runtime_3.9.900.20250220-2013\jars\maven-core-3.9.9.jar
2025-09-03 14:36:28,258 [Worker-27: Launching Executing clean in C__Users_SRUTHI_Documents_atm_ATM-Project] INFO  o.eclipse.m2e.core.internal.Bundles - 	Entry: C:\STS\sts-4.31.0.RELEASE\plugins\org.eclipse.m2e.maven.runtime_3.9.900.20250220-2013\jars\maven-embedder-3.9.9.jar
2025-09-03 14:36:28,258 [Worker-27: Launching Executing clean in C__Users_SRUTHI_Documents_atm_ATM-Project] INFO  o.eclipse.m2e.core.internal.Bundles - 	Entry: C:\STS\sts-4.31.0.RELEASE\plugins\org.eclipse.m2e.maven.runtime_3.9.900.20250220-2013\jars\maven-model-3.9.9.jar
2025-09-03 14:36:28,258 [Worker-27: Launching Executing clean in C__Users_SRUTHI_Documents_atm_ATM-Project] INFO  o.eclipse.m2e.core.internal.Bundles - 	Entry: C:\STS\sts-4.31.0.RELEASE\plugins\org.eclipse.m2e.maven.runtime_3.9.900.20250220-2013\jars\maven-model-builder-3.9.9.jar
2025-09-03 14:36:28,258 [Worker-27: Launching Executing clean in C__Users_SRUTHI_Documents_atm_ATM-Project] INFO  o.eclipse.m2e.core.internal.Bundles - 	Entry: C:\STS\sts-4.31.0.RELEASE\plugins\org.eclipse.m2e.maven.runtime_3.9.900.20250220-2013\jars\maven-plugin-api-3.9.9.jar
2025-09-03 14:36:28,259 [Worker-27: Launching Executing clean in C__Users_SRUTHI_Documents_atm_ATM-Project] INFO  o.eclipse.m2e.core.internal.Bundles - 	Entry: C:\STS\sts-4.31.0.RELEASE\plugins\org.eclipse.m2e.maven.runtime_3.9.900.20250220-2013\jars\maven-repository-metadata-3.9.9.jar
2025-09-03 14:36:28,259 [Worker-27: Launching Executing clean in C__Users_SRUTHI_Documents_atm_ATM-Project] INFO  o.eclipse.m2e.core.internal.Bundles - 	Entry: C:\STS\sts-4.31.0.RELEASE\plugins\org.eclipse.m2e.maven.runtime_3.9.900.20250220-2013\jars\maven-resolver-api-1.9.22.jar
2025-09-03 14:36:28,259 [Worker-27: Launching Executing clean in C__Users_SRUTHI_Documents_atm_ATM-Project] INFO  o.eclipse.m2e.core.internal.Bundles - 	Entry: C:\STS\sts-4.31.0.RELEASE\plugins\org.eclipse.m2e.maven.runtime_3.9.900.20250220-2013\jars\maven-resolver-connector-basic-1.9.22.jar
2025-09-03 14:36:28,259 [Worker-27: Launching Executing clean in C__Users_SRUTHI_Documents_atm_ATM-Project] INFO  o.eclipse.m2e.core.internal.Bundles - 	Entry: C:\STS\sts-4.31.0.RELEASE\plugins\org.eclipse.m2e.maven.runtime_3.9.900.20250220-2013\jars\maven-resolver-impl-1.9.22.jar
2025-09-03 14:36:28,259 [Worker-27: Launching Executing clean in C__Users_SRUTHI_Documents_atm_ATM-Project] INFO  o.eclipse.m2e.core.internal.Bundles - 	Entry: C:\STS\sts-4.31.0.RELEASE\plugins\org.eclipse.m2e.maven.runtime_3.9.900.20250220-2013\jars\maven-resolver-named-locks-1.9.22.jar
2025-09-03 14:36:28,259 [Worker-27: Launching Executing clean in C__Users_SRUTHI_Documents_atm_ATM-Project] INFO  o.eclipse.m2e.core.internal.Bundles - 	Entry: C:\STS\sts-4.31.0.RELEASE\plugins\org.eclipse.m2e.maven.runtime_3.9.900.20250220-2013\jars\maven-resolver-provider-3.9.9.jar
2025-09-03 14:36:28,260 [Worker-27: Launching Executing clean in C__Users_SRUTHI_Documents_atm_ATM-Project] INFO  o.eclipse.m2e.core.internal.Bundles - 	Entry: C:\STS\sts-4.31.0.RELEASE\plugins\org.eclipse.m2e.maven.runtime_3.9.900.20250220-2013\jars\maven-resolver-spi-1.9.22.jar
2025-09-03 14:36:28,260 [Worker-27: Launching Executing clean in C__Users_SRUTHI_Documents_atm_ATM-Project] INFO  o.eclipse.m2e.core.internal.Bundles - 	Entry: C:\STS\sts-4.31.0.RELEASE\plugins\org.eclipse.m2e.maven.runtime_3.9.900.20250220-2013\jars\maven-resolver-transport-file-1.9.22.jar
2025-09-03 14:36:28,260 [Worker-27: Launching Executing clean in C__Users_SRUTHI_Documents_atm_ATM-Project] INFO  o.eclipse.m2e.core.internal.Bundles - 	Entry: C:\STS\sts-4.31.0.RELEASE\plugins\org.eclipse.m2e.maven.runtime_3.9.900.20250220-2013\jars\maven-resolver-transport-http-1.9.22.jar
2025-09-03 14:36:28,260 [Worker-27: Launching Executing clean in C__Users_SRUTHI_Documents_atm_ATM-Project] INFO  o.eclipse.m2e.core.internal.Bundles - 	Entry: C:\STS\sts-4.31.0.RELEASE\plugins\org.eclipse.m2e.maven.runtime_3.9.900.20250220-2013\jars\maven-resolver-transport-wagon-1.9.22.jar
2025-09-03 14:36:28,260 [Worker-27: Launching Executing clean in C__Users_SRUTHI_Documents_atm_ATM-Project] INFO  o.eclipse.m2e.core.internal.Bundles - 	Entry: C:\STS\sts-4.31.0.RELEASE\plugins\org.eclipse.m2e.maven.runtime_3.9.900.20250220-2013\jars\maven-resolver-util-1.9.22.jar
2025-09-03 14:36:28,261 [Worker-27: Launching Executing clean in C__Users_SRUTHI_Documents_atm_ATM-Project] INFO  o.eclipse.m2e.core.internal.Bundles - 	Entry: C:\STS\sts-4.31.0.RELEASE\plugins\org.eclipse.m2e.maven.runtime_3.9.900.20250220-2013\jars\maven-settings-3.9.9.jar
2025-09-03 14:36:28,261 [Worker-27: Launching Executing clean in C__Users_SRUTHI_Documents_atm_ATM-Project] INFO  o.eclipse.m2e.core.internal.Bundles - 	Entry: C:\STS\sts-4.31.0.RELEASE\plugins\org.eclipse.m2e.maven.runtime_3.9.900.20250220-2013\jars\maven-settings-builder-3.9.9.jar
2025-09-03 14:36:28,261 [Worker-27: Launching Executing clean in C__Users_SRUTHI_Documents_atm_ATM-Project] INFO  o.eclipse.m2e.core.internal.Bundles - 	Entry: C:\STS\sts-4.31.0.RELEASE\plugins\org.eclipse.m2e.maven.runtime_3.9.900.20250220-2013\jars\maven-shared-utils-3.4.2.jar
2025-09-03 14:36:28,261 [Worker-27: Launching Executing clean in C__Users_SRUTHI_Documents_atm_ATM-Project] INFO  o.eclipse.m2e.core.internal.Bundles - 	Entry: C:\STS\sts-4.31.0.RELEASE\plugins\org.eclipse.m2e.maven.runtime_3.9.900.20250220-2013\jars\org.eclipse.sisu.inject-0.9.0.M3.jar
2025-09-03 14:36:28,261 [Worker-27: Launching Executing clean in C__Users_SRUTHI_Documents_atm_ATM-Project] INFO  o.eclipse.m2e.core.internal.Bundles - 	Entry: C:\STS\sts-4.31.0.RELEASE\plugins\org.eclipse.m2e.maven.runtime_3.9.900.20250220-2013\jars\org.eclipse.sisu.plexus-0.9.0.M3.jar
2025-09-03 14:36:28,261 [Worker-27: Launching Executing clean in C__Users_SRUTHI_Documents_atm_ATM-Project] INFO  o.eclipse.m2e.core.internal.Bundles - 	Entry: C:\STS\sts-4.31.0.RELEASE\plugins\org.eclipse.m2e.maven.runtime_3.9.900.20250220-2013\jars\plexus-build-api-0.0.7.jar
2025-09-03 14:36:28,263 [Worker-27: Launching Executing clean in C__Users_SRUTHI_Documents_atm_ATM-Project] INFO  o.eclipse.m2e.core.internal.Bundles - 	Entry: C:\STS\sts-4.31.0.RELEASE\plugins\org.eclipse.m2e.maven.runtime_3.9.900.20250220-2013\jars\plexus-build-api-1.2.0.jar
2025-09-03 14:36:28,263 [Worker-27: Launching Executing clean in C__Users_SRUTHI_Documents_atm_ATM-Project] INFO  o.eclipse.m2e.core.internal.Bundles - 	Entry: C:\STS\sts-4.31.0.RELEASE\plugins\org.eclipse.m2e.maven.runtime_3.9.900.20250220-2013\jars\plexus-cipher-2.0.jar
2025-09-03 14:36:28,263 [Worker-27: Launching Executing clean in C__Users_SRUTHI_Documents_atm_ATM-Project] INFO  o.eclipse.m2e.core.internal.Bundles - 	Entry: C:\STS\sts-4.31.0.RELEASE\plugins\org.eclipse.m2e.maven.runtime_3.9.900.20250220-2013\jars\plexus-classworlds-2.8.0.jar
2025-09-03 14:36:28,263 [Worker-27: Launching Executing clean in C__Users_SRUTHI_Documents_atm_ATM-Project] INFO  o.eclipse.m2e.core.internal.Bundles - 	Entry: C:\STS\sts-4.31.0.RELEASE\plugins\org.eclipse.m2e.maven.runtime_3.9.900.20250220-2013\jars\plexus-component-annotations-2.1.0.jar
2025-09-03 14:36:28,263 [Worker-27: Launching Executing clean in C__Users_SRUTHI_Documents_atm_ATM-Project] INFO  o.eclipse.m2e.core.internal.Bundles - 	Entry: C:\STS\sts-4.31.0.RELEASE\plugins\org.eclipse.m2e.maven.runtime_3.9.900.20250220-2013\jars\plexus-interpolation-1.27.jar
2025-09-03 14:36:28,263 [Worker-27: Launching Executing clean in C__Users_SRUTHI_Documents_atm_ATM-Project] INFO  o.eclipse.m2e.core.internal.Bundles - 	Entry: C:\STS\sts-4.31.0.RELEASE\plugins\org.eclipse.m2e.maven.runtime_3.9.900.20250220-2013\jars\plexus-sec-dispatcher-2.0.jar
2025-09-03 14:36:28,264 [Worker-27: Launching Executing clean in C__Users_SRUTHI_Documents_atm_ATM-Project] INFO  o.eclipse.m2e.core.internal.Bundles - 	Entry: C:\STS\sts-4.31.0.RELEASE\plugins\org.eclipse.m2e.maven.runtime_3.9.900.20250220-2013\jars\plexus-utils-3.5.1.jar
2025-09-03 14:36:28,264 [Worker-27: Launching Executing clean in C__Users_SRUTHI_Documents_atm_ATM-Project] INFO  o.eclipse.m2e.core.internal.Bundles - 	Entry: C:\STS\sts-4.31.0.RELEASE\plugins\org.eclipse.m2e.maven.runtime_3.9.900.20250220-2013\jars\plexus-xml-3.0.1.jar
2025-09-03 14:36:28,264 [Worker-27: Launching Executing clean in C__Users_SRUTHI_Documents_atm_ATM-Project] INFO  o.eclipse.m2e.core.internal.Bundles - 	Entry: C:\STS\sts-4.31.0.RELEASE\plugins\org.eclipse.m2e.maven.runtime_3.9.900.20250220-2013\jars\wagon-file-3.5.3.jar
2025-09-03 14:36:28,264 [Worker-27: Launching Executing clean in C__Users_SRUTHI_Documents_atm_ATM-Project] INFO  o.eclipse.m2e.core.internal.Bundles - 	Entry: C:\STS\sts-4.31.0.RELEASE\plugins\org.eclipse.m2e.maven.runtime_3.9.900.20250220-2013\jars\wagon-http-3.5.3.jar
2025-09-03 14:36:28,264 [Worker-27: Launching Executing clean in C__Users_SRUTHI_Documents_atm_ATM-Project] INFO  o.eclipse.m2e.core.internal.Bundles - 	Entry: C:\STS\sts-4.31.0.RELEASE\plugins\org.eclipse.m2e.maven.runtime_3.9.900.20250220-2013\jars\wagon-http-shared-3.5.3.jar
2025-09-03 14:36:28,264 [Worker-27: Launching Executing clean in C__Users_SRUTHI_Documents_atm_ATM-Project] INFO  o.eclipse.m2e.core.internal.Bundles - 	Entry: C:\STS\sts-4.31.0.RELEASE\plugins\org.eclipse.m2e.maven.runtime_3.9.900.20250220-2013\jars\wagon-provider-api-3.5.3.jar
2025-09-03 14:36:28,264 [Worker-27: Launching Executing clean in C__Users_SRUTHI_Documents_atm_ATM-Project] INFO  o.eclipse.m2e.core.internal.Bundles - getClasspathEntries(Bundle=com.google.guava_33.4.8.jre [31])
2025-09-03 14:36:28,265 [Worker-27: Launching Executing clean in C__Users_SRUTHI_Documents_atm_ATM-Project] INFO  o.eclipse.m2e.core.internal.Bundles - 	Entry: C:\STS\sts-4.31.0.RELEASE\plugins\com.google.guava_33.4.8.jre.jar
2025-09-03 14:36:28,265 [Worker-27: Launching Executing clean in C__Users_SRUTHI_Documents_atm_ATM-Project] INFO  o.eclipse.m2e.core.internal.Bundles - getClasspathEntries(Bundle=slf4j.api_2.0.17 [613])
2025-09-03 14:36:28,265 [Worker-27: Launching Executing clean in C__Users_SRUTHI_Documents_atm_ATM-Project] INFO  o.eclipse.m2e.core.internal.Bundles - 	Entry: C:\STS\sts-4.31.0.RELEASE\plugins\slf4j.api_2.0.17.jar
2025-09-03 14:36:28,265 [Worker-27: Launching Executing clean in C__Users_SRUTHI_Documents_atm_ATM-Project] INFO  o.eclipse.m2e.core.internal.Bundles - getClasspathEntries(Bundle=jakarta.inject.jakarta.inject-api_1.0.5 [46])
2025-09-03 14:36:28,265 [Worker-27: Launching Executing clean in C__Users_SRUTHI_Documents_atm_ATM-Project] INFO  o.eclipse.m2e.core.internal.Bundles - 	Entry: C:\STS\sts-4.31.0.RELEASE\plugins\jakarta.inject.jakarta.inject-api_1.0.5.jar
2025-09-03 14:36:28,266 [Worker-27: Launching Executing clean in C__Users_SRUTHI_Documents_atm_ATM-Project] INFO  o.eclipse.m2e.core.internal.Bundles - getClasspathEntries(Bundle=javax.annotation_1.3.5.v20200909-1856 [55])
2025-09-03 14:36:28,266 [Worker-27: Launching Executing clean in C__Users_SRUTHI_Documents_atm_ATM-Project] INFO  o.eclipse.m2e.core.internal.Bundles - 	Entry: C:\STS\sts-4.31.0.RELEASE\plugins\javax.annotation_1.3.5.v20200909-1856.jar
2025-09-03 14:36:28,266 [Worker-27: Launching Executing clean in C__Users_SRUTHI_Documents_atm_ATM-Project] INFO  o.eclipse.m2e.core.internal.Bundles - getClasspathEntries(Bundle=org.apache.commons.cli_1.9.0 [79])
2025-09-03 14:36:28,266 [Worker-27: Launching Executing clean in C__Users_SRUTHI_Documents_atm_ATM-Project] INFO  o.eclipse.m2e.core.internal.Bundles - 	Entry: C:\STS\sts-4.31.0.RELEASE\plugins\org.apache.commons.cli_1.9.0.jar
2025-09-03 14:36:28,266 [Worker-27: Launching Executing clean in C__Users_SRUTHI_Documents_atm_ATM-Project] INFO  o.eclipse.m2e.core.internal.Bundles - getClasspathEntries(Bundle=org.apache.commons.commons-codec_1.16.0 [81])
2025-09-03 14:36:28,266 [Worker-27: Launching Executing clean in C__Users_SRUTHI_Documents_atm_ATM-Project] INFO  o.eclipse.m2e.core.internal.Bundles - 	Entry: C:\STS\sts-4.31.0.RELEASE\plugins\org.apache.commons.commons-codec_1.16.0.jar
2025-09-03 14:36:28,266 [Worker-27: Launching Executing clean in C__Users_SRUTHI_Documents_atm_ATM-Project] INFO  o.eclipse.m2e.core.internal.Bundles - getClasspathEntries(Bundle=com.google.guava.failureaccess_1.0.3 [32])
2025-09-03 14:36:28,267 [Worker-27: Launching Executing clean in C__Users_SRUTHI_Documents_atm_ATM-Project] INFO  o.eclipse.m2e.core.internal.Bundles - 	Entry: C:\STS\sts-4.31.0.RELEASE\plugins\com.google.guava.failureaccess_1.0.3.jar
2025-09-03 14:36:28,268 [Worker-27: Launching Executing clean in C__Users_SRUTHI_Documents_atm_ATM-Project] INFO  o.e.m.i.launch.MavenLaunchDelegate - Run build in "C:\Users\SRUTHI\Documents\atm\ATM-Project":
2025-09-03 14:36:28,268 [Worker-27: Launching Executing clean in C__Users_SRUTHI_Documents_atm_ATM-Project] INFO  o.e.m.i.launch.MavenLaunchDelegate -  mvn  -Ppom.xml -B -Dstyle.color=always clean
2025-09-03 14:38:57,517 [Worker-24: Launching ATM-Project - AtmProjectApplication] INFO  o.a.m.s.f.DefaultMavenResourcesFiltering - Copying 1 resource from src\main\resources to target\classes
2025-09-03 14:38:57,536 [Worker-24: Launching ATM-Project - AtmProjectApplication] INFO  o.a.m.s.f.DefaultMavenResourcesFiltering - Copying 6 resources from src\main\resources to target\classes
2025-09-03 14:38:57,552 [Worker-24: Launching ATM-Project - AtmProjectApplication] INFO  o.a.m.s.f.DefaultMavenResourcesFiltering - skip non existing resourceDirectory C:\Users\SRUTHI\Documents\atm\ATM-Project\src\test\resources
2025-09-03 14:40:22,560 [Worker-33: Launching ATM-Project - AtmProjectApplication] INFO  o.a.m.s.f.DefaultMavenResourcesFiltering - Copying 1 resource from src\main\resources to target\classes
2025-09-03 14:40:22,574 [Worker-33: Launching ATM-Project - AtmProjectApplication] INFO  o.a.m.s.f.DefaultMavenResourcesFiltering - Copying 6 resources from src\main\resources to target\classes
2025-09-03 14:40:22,580 [Worker-33: Launching ATM-Project - AtmProjectApplication] INFO  o.a.m.s.f.DefaultMavenResourcesFiltering - skip non existing resourceDirectory C:\Users\SRUTHI\Documents\atm\ATM-Project\src\test\resources
2025-09-03 14:46:18,650 [Worker-29: Launching ATM-Project - AtmProjectApplication] INFO  o.a.m.s.f.DefaultMavenResourcesFiltering - Copying 1 resource from src\main\resources to target\classes
2025-09-03 14:46:18,660 [Worker-29: Launching ATM-Project - AtmProjectApplication] INFO  o.a.m.s.f.DefaultMavenResourcesFiltering - Copying 6 resources from src\main\resources to target\classes
2025-09-03 14:46:18,667 [Worker-29: Launching ATM-Project - AtmProjectApplication] INFO  o.a.m.s.f.DefaultMavenResourcesFiltering - skip non existing resourceDirectory C:\Users\SRUTHI\Documents\atm\ATM-Project\src\test\resources
2025-09-03 14:50:19,524 [Worker-29: Launching ATM-Project - AtmProjectApplication] INFO  o.a.m.s.f.DefaultMavenResourcesFiltering - Copying 1 resource from src\main\resources to target\classes
2025-09-03 14:50:19,533 [Worker-29: Launching ATM-Project - AtmProjectApplication] INFO  o.a.m.s.f.DefaultMavenResourcesFiltering - Copying 6 resources from src\main\resources to target\classes
2025-09-03 14:50:19,541 [Worker-29: Launching ATM-Project - AtmProjectApplication] INFO  o.a.m.s.f.DefaultMavenResourcesFiltering - skip non existing resourceDirectory C:\Users\SRUTHI\Documents\atm\ATM-Project\src\test\resources
2025-09-03 14:52:24,168 [Worker-23: Launching ATM-Project - AtmProjectApplication] INFO  o.a.m.s.f.DefaultMavenResourcesFiltering - Copying 1 resource from src\main\resources to target\classes
2025-09-03 14:52:24,176 [Worker-23: Launching ATM-Project - AtmProjectApplication] INFO  o.a.m.s.f.DefaultMavenResourcesFiltering - Copying 6 resources from src\main\resources to target\classes
2025-09-03 14:52:24,183 [Worker-23: Launching ATM-Project - AtmProjectApplication] INFO  o.a.m.s.f.DefaultMavenResourcesFiltering - skip non existing resourceDirectory C:\Users\SRUTHI\Documents\atm\ATM-Project\src\test\resources
2025-09-03 15:16:25,278 [Worker-31: Launching ATM-Project - AtmProjectApplication] INFO  o.a.m.s.f.DefaultMavenResourcesFiltering - Copying 1 resource from src\main\resources to target\classes
2025-09-03 15:16:25,287 [Worker-31: Launching ATM-Project - AtmProjectApplication] INFO  o.a.m.s.f.DefaultMavenResourcesFiltering - Copying 7 resources from src\main\resources to target\classes
2025-09-03 15:16:25,293 [Worker-31: Launching ATM-Project - AtmProjectApplication] INFO  o.a.m.s.f.DefaultMavenResourcesFiltering - skip non existing resourceDirectory C:\Users\SRUTHI\Documents\atm\ATM-Project\src\test\resources
2025-09-03 16:44:40,706 [Worker-33: Launching ATM-Project - AtmProjectApplication] INFO  o.a.m.s.f.DefaultMavenResourcesFiltering - Copying 1 resource from src\main\resources to target\classes
2025-09-03 16:44:40,712 [Worker-33: Launching ATM-Project - AtmProjectApplication] INFO  o.a.m.s.f.DefaultMavenResourcesFiltering - Copying 8 resources from src\main\resources to target\classes
2025-09-03 16:44:40,723 [Worker-33: Launching ATM-Project - AtmProjectApplication] INFO  o.a.m.s.f.DefaultMavenResourcesFiltering - skip non existing resourceDirectory C:\Users\SRUTHI\Documents\atm\ATM-Project\src\test\resources
2025-09-03 16:50:12,792 [Worker-38: Launching ATM-Project - AtmProjectApplication] INFO  o.a.m.s.f.DefaultMavenResourcesFiltering - Copying 1 resource from src\main\resources to target\classes
2025-09-03 16:50:12,802 [Worker-38: Launching ATM-Project - AtmProjectApplication] INFO  o.a.m.s.f.DefaultMavenResourcesFiltering - Copying 8 resources from src\main\resources to target\classes
2025-09-03 16:50:12,808 [Worker-38: Launching ATM-Project - AtmProjectApplication] INFO  o.a.m.s.f.DefaultMavenResourcesFiltering - skip non existing resourceDirectory C:\Users\SRUTHI\Documents\atm\ATM-Project\src\test\resources
2025-09-03 16:54:57,553 [Worker-37: Launching ATM-Project - AtmProjectApplication] INFO  o.a.m.s.f.DefaultMavenResourcesFiltering - Copying 0 resource from src\main\resources to target\classes
2025-09-03 16:54:57,554 [Worker-37: Launching ATM-Project - AtmProjectApplication] INFO  o.a.m.s.f.DefaultMavenResourcesFiltering - Copying 1 resource from src\main\resources to target\classes
2025-09-03 16:54:57,560 [Worker-37: Launching ATM-Project - AtmProjectApplication] INFO  o.a.m.s.f.DefaultMavenResourcesFiltering - skip non existing resourceDirectory C:\Users\SRUTHI\Documents\atm\ATM-Project\src\test\resources
2025-09-03 17:13:19,491 [Worker-35: Launching ATM-Project - AtmProjectApplication] INFO  o.a.m.s.f.DefaultMavenResourcesFiltering - Copying 1 resource from src\main\resources to target\classes
2025-09-03 17:13:19,496 [Worker-35: Launching ATM-Project - AtmProjectApplication] INFO  o.a.m.s.f.DefaultMavenResourcesFiltering - Copying 8 resources from src\main\resources to target\classes
2025-09-03 17:13:19,502 [Worker-35: Launching ATM-Project - AtmProjectApplication] INFO  o.a.m.s.f.DefaultMavenResourcesFiltering - skip non existing resourceDirectory C:\Users\SRUTHI\Documents\atm\ATM-Project\src\test\resources
2025-09-03 17:20:56,831 [Worker-37: Launching ATM-Project - AtmProjectApplication] INFO  o.a.m.s.f.DefaultMavenResourcesFiltering - Copying 1 resource from src\main\resources to target\classes
2025-09-03 17:20:56,837 [Worker-37: Launching ATM-Project - AtmProjectApplication] INFO  o.a.m.s.f.DefaultMavenResourcesFiltering - Copying 8 resources from src\main\resources to target\classes
2025-09-03 17:20:56,841 [Worker-37: Launching ATM-Project - AtmProjectApplication] INFO  o.a.m.s.f.DefaultMavenResourcesFiltering - skip non existing resourceDirectory C:\Users\SRUTHI\Documents\atm\ATM-Project\src\test\resources
2025-09-03 17:29:44,900 [Worker-38: Launching ATM-Project - AtmProjectApplication] INFO  o.a.m.s.f.DefaultMavenResourcesFiltering - Copying 1 resource from src\main\resources to target\classes
2025-09-03 17:29:44,908 [Worker-38: Launching ATM-Project - AtmProjectApplication] INFO  o.a.m.s.f.DefaultMavenResourcesFiltering - Copying 8 resources from src\main\resources to target\classes
2025-09-03 17:29:44,915 [Worker-38: Launching ATM-Project - AtmProjectApplication] INFO  o.a.m.s.f.DefaultMavenResourcesFiltering - skip non existing resourceDirectory C:\Users\SRUTHI\Documents\atm\ATM-Project\src\test\resources
2025-09-03 17:37:34,103 [Worker-37: Building Workspace] INFO  o.a.m.s.f.DefaultMavenResourcesFiltering - Copying 1 resource from src\main\resources to target\classes
2025-09-03 17:37:34,105 [Worker-37: Building Workspace] INFO  o.a.m.s.f.DefaultMavenResourcesFiltering - Copying 8 resources from src\main\resources to target\classes
2025-09-03 17:37:34,117 [Worker-37: Building Workspace] INFO  o.a.m.s.f.DefaultMavenResourcesFiltering - skip non existing resourceDirectory C:\Users\SRUTHI\Documents\atm\ATM-Project\src\test\resources
2025-09-03 17:41:45,598 [Worker-35: Launching ATM-Project - AtmProjectApplication] INFO  o.a.m.s.f.DefaultMavenResourcesFiltering - Copying 0 resource from src\main\resources to target\classes
2025-09-03 17:41:45,599 [Worker-35: Launching ATM-Project - AtmProjectApplication] INFO  o.a.m.s.f.DefaultMavenResourcesFiltering - Copying 1 resource from src\main\resources to target\classes
2025-09-03 17:41:45,602 [Worker-35: Launching ATM-Project - AtmProjectApplication] INFO  o.a.m.s.f.DefaultMavenResourcesFiltering - skip non existing resourceDirectory C:\Users\SRUTHI\Documents\atm\ATM-Project\src\test\resources
2025-09-03 17:45:50,410 [Worker-42: Launching ATM-Project - AtmProjectApplication] INFO  o.a.m.s.f.DefaultMavenResourcesFiltering - Copying 0 resource from src\main\resources to target\classes
2025-09-03 17:45:50,411 [Worker-42: Launching ATM-Project - AtmProjectApplication] INFO  o.a.m.s.f.DefaultMavenResourcesFiltering - Copying 1 resource from src\main\resources to target\classes
2025-09-03 17:45:50,414 [Worker-42: Launching ATM-Project - AtmProjectApplication] INFO  o.a.m.s.f.DefaultMavenResourcesFiltering - skip non existing resourceDirectory C:\Users\SRUTHI\Documents\atm\ATM-Project\src\test\resources
2025-09-03 17:53:23,356 [Worker-32: Launching ATM-Project - AtmProjectApplication] INFO  o.a.m.s.f.DefaultMavenResourcesFiltering - Copying 0 resource from src\main\resources to target\classes
2025-09-03 17:53:23,357 [Worker-32: Launching ATM-Project - AtmProjectApplication] INFO  o.a.m.s.f.DefaultMavenResourcesFiltering - Copying 1 resource from src\main\resources to target\classes
2025-09-03 17:53:23,360 [Worker-32: Launching ATM-Project - AtmProjectApplication] INFO  o.a.m.s.f.DefaultMavenResourcesFiltering - skip non existing resourceDirectory C:\Users\SRUTHI\Documents\atm\ATM-Project\src\test\resources
2025-09-03 17:58:26,032 [Worker-33: Launching ATM-Project - AtmProjectApplication] INFO  o.a.m.s.f.DefaultMavenResourcesFiltering - Copying 1 resource from src\main\resources to target\classes
2025-09-03 17:58:26,036 [Worker-33: Launching ATM-Project - AtmProjectApplication] INFO  o.a.m.s.f.DefaultMavenResourcesFiltering - Copying 8 resources from src\main\resources to target\classes
2025-09-03 17:58:26,040 [Worker-33: Launching ATM-Project - AtmProjectApplication] INFO  o.a.m.s.f.DefaultMavenResourcesFiltering - skip non existing resourceDirectory C:\Users\SRUTHI\Documents\atm\ATM-Project\src\test\resources
2025-09-03 18:09:34,394 [Worker-33: Launching ATM-Project - AtmProjectApplication] INFO  o.a.m.s.f.DefaultMavenResourcesFiltering - Copying 0 resource from src\main\resources to target\classes
2025-09-03 18:09:34,396 [Worker-33: Launching ATM-Project - AtmProjectApplication] INFO  o.a.m.s.f.DefaultMavenResourcesFiltering - Copying 0 resource from src\main\resources to target\classes
2025-09-03 18:09:34,399 [Worker-33: Launching ATM-Project - AtmProjectApplication] INFO  o.a.m.s.f.DefaultMavenResourcesFiltering - skip non existing resourceDirectory C:\Users\SRUTHI\Documents\atm\ATM-Project\src\test\resources
2025-09-03 19:50:22,882 [Worker-42: Launching ATM-Project - AtmProjectApplication] INFO  o.a.m.s.f.DefaultMavenResourcesFiltering - Copying 1 resource from src\main\resources to target\classes
2025-09-03 19:50:22,888 [Worker-42: Launching ATM-Project - AtmProjectApplication] INFO  o.a.m.s.f.DefaultMavenResourcesFiltering - Copying 5 resources from src\main\resources to target\classes
2025-09-03 19:50:22,893 [Worker-42: Launching ATM-Project - AtmProjectApplication] INFO  o.a.m.s.f.DefaultMavenResourcesFiltering - skip non existing resourceDirectory C:\Users\SRUTHI\Documents\atm\ATM-Project\src\test\resources
2025-09-03 19:53:13,897 [Worker-8: Loading available Gradle versions] INFO  o.e.b.c.i.u.g.PublishedGradleVersions - Gradle version information cache is out-of-date. Trying to update.
2025-09-03 21:33:58,390 [Worker-18: Launching ATM-Project - AtmProjectApplication] INFO  o.a.m.s.f.DefaultMavenResourcesFiltering - Copying 1 resource from src\main\resources to target\classes
2025-09-03 21:33:58,406 [Worker-18: Launching ATM-Project - AtmProjectApplication] INFO  o.a.m.s.f.DefaultMavenResourcesFiltering - Copying 13 resources from src\main\resources to target\classes
2025-09-03 21:33:58,420 [Worker-18: Launching ATM-Project - AtmProjectApplication] INFO  o.a.m.s.f.DefaultMavenResourcesFiltering - skip non existing resourceDirectory C:\Users\SRUTHI\Documents\atm\ATM-Project\src\test\resources
2025-09-03 21:59:48,473 [Worker-21: Launching ATM-Project - AtmProjectApplication] INFO  o.a.m.s.f.DefaultMavenResourcesFiltering - Copying 1 resource from src\main\resources to target\classes
2025-09-03 21:59:48,481 [Worker-21: Launching ATM-Project - AtmProjectApplication] INFO  o.a.m.s.f.DefaultMavenResourcesFiltering - Copying 13 resources from src\main\resources to target\classes
2025-09-03 21:59:48,487 [Worker-21: Launching ATM-Project - AtmProjectApplication] INFO  o.a.m.s.f.DefaultMavenResourcesFiltering - skip non existing resourceDirectory C:\Users\SRUTHI\Documents\atm\ATM-Project\src\test\resources
2025-09-03 22:27:42,367 [Worker-24: Launching ATM-Project - AtmProjectApplication] INFO  o.a.m.s.f.DefaultMavenResourcesFiltering - Copying 1 resource from src\main\resources to target\classes
2025-09-03 22:27:42,375 [Worker-24: Launching ATM-Project - AtmProjectApplication] INFO  o.a.m.s.f.DefaultMavenResourcesFiltering - Copying 13 resources from src\main\resources to target\classes
2025-09-03 22:27:42,387 [Worker-24: Launching ATM-Project - AtmProjectApplication] INFO  o.a.m.s.f.DefaultMavenResourcesFiltering - skip non existing resourceDirectory C:\Users\SRUTHI\Documents\atm\ATM-Project\src\test\resources
2025-09-03 22:35:11,092 [Worker-26: Launching ATM-Project - AtmProjectApplication] INFO  o.a.m.s.f.DefaultMavenResourcesFiltering - Copying 1 resource from src\main\resources to target\classes
2025-09-03 22:35:11,101 [Worker-26: Launching ATM-Project - AtmProjectApplication] INFO  o.a.m.s.f.DefaultMavenResourcesFiltering - Copying 13 resources from src\main\resources to target\classes
2025-09-03 22:35:11,113 [Worker-26: Launching ATM-Project - AtmProjectApplication] INFO  o.a.m.s.f.DefaultMavenResourcesFiltering - skip non existing resourceDirectory C:\Users\SRUTHI\Documents\atm\ATM-Project\src\test\resources
2025-09-03 23:02:22,448 [Worker-20: Launching ATM-Project - AtmProjectApplication] INFO  o.a.m.s.f.DefaultMavenResourcesFiltering - Copying 1 resource from src\main\resources to target\classes
2025-09-03 23:02:22,462 [Worker-20: Launching ATM-Project - AtmProjectApplication] INFO  o.a.m.s.f.DefaultMavenResourcesFiltering - Copying 13 resources from src\main\resources to target\classes
2025-09-03 23:02:22,479 [Worker-20: Launching ATM-Project - AtmProjectApplication] INFO  o.a.m.s.f.DefaultMavenResourcesFiltering - skip non existing resourceDirectory C:\Users\SRUTHI\Documents\atm\ATM-Project\src\test\resources
2025-09-03 23:05:47,384 [Worker-27: Updating Maven Project] INFO  o.e.m.c.i.p.ProjectConfigurationManager - Update started
2025-09-03 23:05:48,270 [Worker-27: Updating Maven Project] INFO  o.e.m.c.i.l.LifecycleMappingFactory - Using org.eclipse.m2e.jdt.JarLifecycleMapping lifecycle mapping for MavenProject: com.atm:ATM-Project:1.0 @ C:\Users\SRUTHI\Documents\atm\ATM-Project\pom.xml.
2025-09-03 23:05:49,324 [Worker-27: Updating Maven Project] INFO  o.e.m.j.i.AbstractJavaProjectConfigurator - Adding source folder /ATM-Project/src/main/java
2025-09-03 23:05:49,328 [Worker-27: Updating Maven Project] INFO  o.e.m.j.i.AbstractJavaProjectConfigurator - Adding resource folder /ATM-Project/src/main/resources
2025-09-03 23:05:49,328 [Worker-27: Updating Maven Project] INFO  o.e.m.j.i.AbstractJavaProjectConfigurator - Adding resource folder /ATM-Project/src/main/resources
2025-09-03 23:05:49,330 [Worker-27: Updating Maven Project] INFO  o.e.m.j.i.AbstractJavaProjectConfigurator - Adding source folder /ATM-Project/src/test/java
2025-09-03 23:05:49,331 [Worker-27: Updating Maven Project] INFO  o.e.m.j.i.AbstractJavaProjectConfigurator - Adding resource folder /ATM-Project/src/test/resources
2025-09-03 23:05:49,821 [Worker-27: Updating Maven Project] INFO  o.e.m.c.i.p.ProjectConfigurationManager - Update completed for 1 poms: local refresh takes 0.00 sec, refresh facades takes 1.00 sec, update config takes 0.00 sec 
2025-09-03 23:09:24,829 [Worker-6: Loading available Gradle versions] INFO  o.e.b.c.i.u.g.PublishedGradleVersions - Gradle version information cache is up-to-date. Trying to read.
2025-09-03 23:10:02,240 [Worker-1: Launching ATM-Project - AtmProjectApplication] INFO  o.a.m.s.f.DefaultMavenResourcesFiltering - Copying 1 resource from src\main\resources to target\classes
2025-09-03 23:10:02,268 [Worker-1: Launching ATM-Project - AtmProjectApplication] INFO  o.a.m.s.f.DefaultMavenResourcesFiltering - Copying 13 resources from src\main\resources to target\classes
2025-09-03 23:10:02,298 [Worker-1: Launching ATM-Project - AtmProjectApplication] INFO  o.a.m.s.f.DefaultMavenResourcesFiltering - skip non existing resourceDirectory C:\Users\SRUTHI\Documents\atm\ATM-Project\src\test\resources
2025-09-03 23:19:35,828 [Worker-6: Loading available Gradle versions] INFO  o.e.b.c.i.u.g.PublishedGradleVersions - Gradle version information cache is up-to-date. Trying to read.
2025-09-03 23:20:29,836 [Worker-8: Launching ATM-Project - AtmProjectApplication] INFO  o.a.m.s.f.DefaultMavenResourcesFiltering - Copying 1 resource from src\main\resources to target\classes
2025-09-03 23:20:29,853 [Worker-8: Launching ATM-Project - AtmProjectApplication] INFO  o.a.m.s.f.DefaultMavenResourcesFiltering - Copying 13 resources from src\main\resources to target\classes
2025-09-03 23:20:29,862 [Worker-8: Launching ATM-Project - AtmProjectApplication] INFO  o.a.m.s.f.DefaultMavenResourcesFiltering - skip non existing resourceDirectory C:\Users\SRUTHI\Documents\atm\ATM-Project\src\test\resources
2025-09-03 23:49:28,123 [Worker-20: Launching ATM-Project - AtmProjectApplication] INFO  o.a.m.s.f.DefaultMavenResourcesFiltering - Copying 1 resource from src\main\resources to target\classes
2025-09-03 23:49:28,131 [Worker-20: Launching ATM-Project - AtmProjectApplication] INFO  o.a.m.s.f.DefaultMavenResourcesFiltering - Copying 13 resources from src\main\resources to target\classes
2025-09-03 23:49:28,155 [Worker-20: Launching ATM-Project - AtmProjectApplication] INFO  o.a.m.s.f.DefaultMavenResourcesFiltering - skip non existing resourceDirectory C:\Users\SRUTHI\Documents\atm\ATM-Project\src\test\resources
2025-09-03 23:53:39,659 [Worker-3: Launching ATM-Project - AtmProjectApplication] INFO  o.a.m.s.f.DefaultMavenResourcesFiltering - Copying 1 resource from src\main\resources to target\classes
2025-09-03 23:53:39,669 [Worker-3: Launching ATM-Project - AtmProjectApplication] INFO  o.a.m.s.f.DefaultMavenResourcesFiltering - Copying 13 resources from src\main\resources to target\classes
2025-09-03 23:53:39,681 [Worker-3: Launching ATM-Project - AtmProjectApplication] INFO  o.a.m.s.f.DefaultMavenResourcesFiltering - skip non existing resourceDirectory C:\Users\SRUTHI\Documents\atm\ATM-Project\src\test\resources
2025-09-03 23:58:53,113 [Worker-11: Launching ATM-Project - AtmProjectApplication] INFO  o.a.m.s.f.DefaultMavenResourcesFiltering - Copying 1 resource from src\main\resources to target\classes
2025-09-03 23:58:53,126 [Worker-11: Launching ATM-Project - AtmProjectApplication] INFO  o.a.m.s.f.DefaultMavenResourcesFiltering - Copying 12 resources from src\main\resources to target\classes
2025-09-03 23:58:53,135 [Worker-11: Launching ATM-Project - AtmProjectApplication] INFO  o.a.m.s.f.DefaultMavenResourcesFiltering - skip non existing resourceDirectory C:\Users\SRUTHI\Documents\atm\ATM-Project\src\test\resources
2025-09-04 00:04:05,089 [Worker-16: Building Workspace] INFO  o.a.m.s.f.DefaultMavenResourcesFiltering - Copying 1 resource from src\main\resources to target\classes
2025-09-04 00:04:05,102 [Worker-16: Building Workspace] INFO  o.a.m.s.f.DefaultMavenResourcesFiltering - Copying 12 resources from src\main\resources to target\classes
2025-09-04 00:04:05,120 [Worker-16: Building Workspace] INFO  o.a.m.s.f.DefaultMavenResourcesFiltering - skip non existing resourceDirectory C:\Users\SRUTHI\Documents\atm\ATM-Project\src\test\resources
2025-09-04 00:11:09,867 [Worker-5: Loading available Gradle versions] INFO  o.e.b.c.i.u.g.PublishedGradleVersions - Gradle version information cache is up-to-date. Trying to read.
2025-09-04 00:11:42,894 [Worker-15: Launching ATM-Project - AtmProjectApplication] INFO  o.a.m.s.f.DefaultMavenResourcesFiltering - Copying 1 resource from src\main\resources to target\classes
2025-09-04 00:11:42,915 [Worker-15: Launching ATM-Project - AtmProjectApplication] INFO  o.a.m.s.f.DefaultMavenResourcesFiltering - Copying 12 resources from src\main\resources to target\classes
2025-09-04 00:11:42,928 [Worker-15: Launching ATM-Project - AtmProjectApplication] INFO  o.a.m.s.f.DefaultMavenResourcesFiltering - skip non existing resourceDirectory C:\Users\SRUTHI\Documents\atm\ATM-Project\src\test\resources
2025-09-04 00:36:38,678 [Worker-16: Launching ATM-Project - AtmProjectApplication] INFO  o.a.m.s.f.DefaultMavenResourcesFiltering - Copying 1 resource from src\main\resources to target\classes
2025-09-04 00:36:38,691 [Worker-16: Launching ATM-Project - AtmProjectApplication] INFO  o.a.m.s.f.DefaultMavenResourcesFiltering - Copying 12 resources from src\main\resources to target\classes
2025-09-04 00:36:38,704 [Worker-16: Launching ATM-Project - AtmProjectApplication] INFO  o.a.m.s.f.DefaultMavenResourcesFiltering - skip non existing resourceDirectory C:\Users\SRUTHI\Documents\atm\ATM-Project\src\test\resources
2025-09-04 00:42:19,055 [Worker-10: Launching ATM-Project - AtmProjectApplication] INFO  o.a.m.s.f.DefaultMavenResourcesFiltering - Copying 1 resource from src\main\resources to target\classes
2025-09-04 00:42:19,069 [Worker-10: Launching ATM-Project - AtmProjectApplication] INFO  o.a.m.s.f.DefaultMavenResourcesFiltering - Copying 12 resources from src\main\resources to target\classes
2025-09-04 00:42:19,078 [Worker-10: Launching ATM-Project - AtmProjectApplication] INFO  o.a.m.s.f.DefaultMavenResourcesFiltering - skip non existing resourceDirectory C:\Users\SRUTHI\Documents\atm\ATM-Project\src\test\resources
2025-09-04 00:58:18,669 [Worker-12: Launching ATM-Project - AtmProjectApplication] INFO  o.a.m.s.f.DefaultMavenResourcesFiltering - Copying 1 resource from src\main\resources to target\classes
2025-09-04 00:58:18,685 [Worker-12: Launching ATM-Project - AtmProjectApplication] INFO  o.a.m.s.f.DefaultMavenResourcesFiltering - Copying 12 resources from src\main\resources to target\classes
2025-09-04 00:58:18,705 [Worker-12: Launching ATM-Project - AtmProjectApplication] INFO  o.a.m.s.f.DefaultMavenResourcesFiltering - skip non existing resourceDirectory C:\Users\SRUTHI\Documents\atm\ATM-Project\src\test\resources
2025-09-04 01:03:26,985 [Worker-3: Launching ATM-Project - AtmProjectApplication] INFO  o.a.m.s.f.DefaultMavenResourcesFiltering - Copying 1 resource from src\main\resources to target\classes
2025-09-04 01:03:26,997 [Worker-3: Launching ATM-Project - AtmProjectApplication] INFO  o.a.m.s.f.DefaultMavenResourcesFiltering - Copying 12 resources from src\main\resources to target\classes
2025-09-04 01:03:27,008 [Worker-3: Launching ATM-Project - AtmProjectApplication] INFO  o.a.m.s.f.DefaultMavenResourcesFiltering - skip non existing resourceDirectory C:\Users\SRUTHI\Documents\atm\ATM-Project\src\test\resources
2025-09-04 11:09:06,092 [Worker-27: Launching ATM-Project - AtmProjectApplication] INFO  o.a.m.s.f.DefaultMavenResourcesFiltering - Copying 1 resource from src\main\resources to target\classes
2025-09-04 11:09:06,106 [Worker-27: Launching ATM-Project - AtmProjectApplication] INFO  o.a.m.s.f.DefaultMavenResourcesFiltering - Copying 12 resources from src\main\resources to target\classes
2025-09-04 11:09:06,142 [Worker-27: Launching ATM-Project - AtmProjectApplication] INFO  o.a.m.s.f.DefaultMavenResourcesFiltering - skip non existing resourceDirectory C:\Users\SRUTHI\Documents\atm\ATM-Project\src\test\resources
2025-09-04 13:01:06,995 [Worker-31: Launching ATM-Project - AtmProjectApplication] INFO  o.a.m.s.f.DefaultMavenResourcesFiltering - Copying 1 resource from src\main\resources to target\classes
2025-09-04 13:01:07,004 [Worker-31: Launching ATM-Project - AtmProjectApplication] INFO  o.a.m.s.f.DefaultMavenResourcesFiltering - Copying 12 resources from src\main\resources to target\classes
2025-09-04 13:01:07,016 [Worker-31: Launching ATM-Project - AtmProjectApplication] INFO  o.a.m.s.f.DefaultMavenResourcesFiltering - skip non existing resourceDirectory C:\Users\SRUTHI\Documents\atm\ATM-Project\src\test\resources
2025-09-04 13:07:58,038 [Worker-32: Launching ATM-Project - AtmProjectApplication] INFO  o.a.m.s.f.DefaultMavenResourcesFiltering - Copying 1 resource from src\main\resources to target\classes
2025-09-04 13:07:58,053 [Worker-32: Launching ATM-Project - AtmProjectApplication] INFO  o.a.m.s.f.DefaultMavenResourcesFiltering - Copying 12 resources from src\main\resources to target\classes
2025-09-04 13:07:58,061 [Worker-32: Launching ATM-Project - AtmProjectApplication] INFO  o.a.m.s.f.DefaultMavenResourcesFiltering - skip non existing resourceDirectory C:\Users\SRUTHI\Documents\atm\ATM-Project\src\test\resources
2025-09-04 13:16:51,269 [Worker-31: Launching ATM-Project - AtmProjectApplication] INFO  o.a.m.s.f.DefaultMavenResourcesFiltering - Copying 0 resource from src\main\resources to target\classes
2025-09-04 13:16:51,273 [Worker-31: Launching ATM-Project - AtmProjectApplication] INFO  o.a.m.s.f.DefaultMavenResourcesFiltering - Copying 2 resources from src\main\resources to target\classes
2025-09-04 13:16:51,281 [Worker-31: Launching ATM-Project - AtmProjectApplication] INFO  o.a.m.s.f.DefaultMavenResourcesFiltering - skip non existing resourceDirectory C:\Users\SRUTHI\Documents\atm\ATM-Project\src\test\resources
2025-09-04 14:06:06,863 [Worker-29: Launching ATM-Project - AtmProjectApplication] INFO  o.a.m.s.f.DefaultMavenResourcesFiltering - Copying 1 resource from src\main\resources to target\classes
2025-09-04 14:06:06,883 [Worker-29: Launching ATM-Project - AtmProjectApplication] INFO  o.a.m.s.f.DefaultMavenResourcesFiltering - Copying 13 resources from src\main\resources to target\classes
2025-09-04 14:06:06,911 [Worker-29: Launching ATM-Project - AtmProjectApplication] INFO  o.a.m.s.f.DefaultMavenResourcesFiltering - skip non existing resourceDirectory C:\Users\SRUTHI\Documents\atm\ATM-Project\src\test\resources
2025-09-04 17:23:29,224 [Worker-37: Launching ATM-Project - AtmProjectApplication] INFO  o.a.m.s.f.DefaultMavenResourcesFiltering - Copying 0 resource from src\main\resources to target\classes
2025-09-04 17:23:29,229 [Worker-37: Launching ATM-Project - AtmProjectApplication] INFO  o.a.m.s.f.DefaultMavenResourcesFiltering - Copying 1 resource from src\main\resources to target\classes
2025-09-04 17:23:29,234 [Worker-37: Launching ATM-Project - AtmProjectApplication] INFO  o.a.m.s.f.DefaultMavenResourcesFiltering - skip non existing resourceDirectory C:\Users\SRUTHI\Documents\atm\ATM-Project\src\test\resources
2025-09-04 17:40:24,521 [Worker-36: Launching ATM-Project - AtmProjectApplication] INFO  o.a.m.s.f.DefaultMavenResourcesFiltering - Copying 0 resource from src\main\resources to target\classes
2025-09-04 17:40:24,524 [Worker-36: Launching ATM-Project - AtmProjectApplication] INFO  o.a.m.s.f.DefaultMavenResourcesFiltering - Copying 8 resources from src\main\resources to target\classes
2025-09-04 17:40:24,545 [Worker-36: Launching ATM-Project - AtmProjectApplication] INFO  o.a.m.s.f.DefaultMavenResourcesFiltering - skip non existing resourceDirectory C:\Users\SRUTHI\Documents\atm\ATM-Project\src\test\resources
2025-09-04 17:59:01,576 [Worker-29: Launching ATM-Project - AtmProjectApplication] INFO  o.a.m.s.f.DefaultMavenResourcesFiltering - Copying 1 resource from src\main\resources to target\classes
2025-09-04 17:59:01,588 [Worker-29: Launching ATM-Project - AtmProjectApplication] INFO  o.a.m.s.f.DefaultMavenResourcesFiltering - Copying 13 resources from src\main\resources to target\classes
2025-09-04 17:59:01,598 [Worker-29: Launching ATM-Project - AtmProjectApplication] INFO  o.a.m.s.f.DefaultMavenResourcesFiltering - skip non existing resourceDirectory C:\Users\SRUTHI\Documents\atm\ATM-Project\src\test\resources
2025-09-04 18:15:42,527 [Worker-30: Launching ATM-Project - AtmProjectApplication] INFO  o.a.m.s.f.DefaultMavenResourcesFiltering - Copying 1 resource from src\main\resources to target\classes
2025-09-04 18:15:42,541 [Worker-30: Launching ATM-Project - AtmProjectApplication] INFO  o.a.m.s.f.DefaultMavenResourcesFiltering - Copying 13 resources from src\main\resources to target\classes
2025-09-04 18:15:42,558 [Worker-30: Launching ATM-Project - AtmProjectApplication] INFO  o.a.m.s.f.DefaultMavenResourcesFiltering - skip non existing resourceDirectory C:\Users\SRUTHI\Documents\atm\ATM-Project\src\test\resources
2025-09-10 17:31:24,789 [Worker-7: Loading available Gradle versions] INFO  o.e.b.c.i.u.g.PublishedGradleVersions - Gradle version information cache is out-of-date. Trying to update.
2025-09-10 17:42:42,984 [Worker-6: Loading available Gradle versions] INFO  o.e.b.c.i.u.g.PublishedGradleVersions - Gradle version information cache is up-to-date. Trying to read.
2026-01-20 11:27:07,152 [Worker-4: Loading available Gradle versions] INFO  o.e.b.c.i.u.g.PublishedGradleVersions - Gradle version information cache is out-of-date. Trying to update.
2026-01-20 11:27:25,771 [Worker-2: Launching ATM-Project - AtmProjectApplication] INFO  o.a.m.s.f.DefaultMavenResourcesFiltering - Copying 1 resource from src\main\resources to target\classes
2026-01-20 11:27:25,794 [Worker-2: Launching ATM-Project - AtmProjectApplication] INFO  o.a.m.s.f.DefaultMavenResourcesFiltering - Copying 13 resources from src\main\resources to target\classes
2026-01-20 11:27:25,830 [Worker-2: Launching ATM-Project - AtmProjectApplication] INFO  o.a.m.s.f.DefaultMavenResourcesFiltering - skip non existing resourceDirectory C:\Users\SRUTHI\Documents\atm\ATM-Project\src\test\resources
2026-01-20 11:28:31,614 [Worker-2: Launching ATM-Project - AtmProjectApplication] INFO  o.a.m.s.f.DefaultMavenResourcesFiltering - Copying 1 resource from src\main\resources to target\classes
2026-01-20 11:28:31,636 [Worker-2: Launching ATM-Project - AtmProjectApplication] INFO  o.a.m.s.f.DefaultMavenResourcesFiltering - Copying 0 resource from src\main\resources to target\classes
2026-01-20 11:28:31,645 [Worker-2: Launching ATM-Project - AtmProjectApplication] INFO  o.a.m.s.f.DefaultMavenResourcesFiltering - skip non existing resourceDirectory C:\Users\SRUTHI\Documents\atm\ATM-Project\src\test\resources
2026-01-20 11:30:02,753 [Worker-2: Launching ATM-Project - AtmProjectApplication] INFO  o.a.m.s.f.DefaultMavenResourcesFiltering - Copying 1 resource from src\main\resources to target\classes
2026-01-20 11:30:02,771 [Worker-2: Launching ATM-Project - AtmProjectApplication] INFO  o.a.m.s.f.DefaultMavenResourcesFiltering - Copying 0 resource from src\main\resources to target\classes
2026-01-20 11:30:02,776 [Worker-2: Launching ATM-Project - AtmProjectApplication] INFO  o.a.m.s.f.DefaultMavenResourcesFiltering - skip non existing resourceDirectory C:\Users\SRUTHI\Documents\atm\ATM-Project\src\test\resources
2026-01-20 12:57:21,327 [Worker-18: Launching ATM-Project - AtmProjectApplication] INFO  o.a.m.s.f.DefaultMavenResourcesFiltering - Copying 1 resource from src\main\resources to target\classes
2026-01-20 12:57:21,341 [Worker-18: Launching ATM-Project - AtmProjectApplication] INFO  o.a.m.s.f.DefaultMavenResourcesFiltering - Copying 0 resource from src\main\resources to target\classes
2026-01-20 12:57:21,346 [Worker-18: Launching ATM-Project - AtmProjectApplication] INFO  o.a.m.s.f.DefaultMavenResourcesFiltering - skip non existing resourceDirectory C:\Users\SRUTHI\Documents\atm\ATM-Project\src\test\resources
2026-01-20 13:15:01,730 [Worker-13: Launching ATM-Project - AtmProjectApplication] INFO  o.a.m.s.f.DefaultMavenResourcesFiltering - Copying 1 resource from src\main\resources to target\classes
2026-01-20 13:15:01,746 [Worker-13: Launching ATM-Project - AtmProjectApplication] INFO  o.a.m.s.f.DefaultMavenResourcesFiltering - Copying 0 resource from src\main\resources to target\classes
2026-01-20 13:15:01,748 [Worker-13: Launching ATM-Project - AtmProjectApplication] INFO  o.a.m.s.f.DefaultMavenResourcesFiltering - skip non existing resourceDirectory C:\Users\SRUTHI\Documents\atm\ATM-Project\src\test\resources
2026-01-20 13:31:52,817 [Worker-18: Launching ATM-Project - AtmProjectApplication] INFO  o.a.m.s.f.DefaultMavenResourcesFiltering - Copying 1 resource from src\main\resources to target\classes
2026-01-20 13:31:52,828 [Worker-18: Launching ATM-Project - AtmProjectApplication] INFO  o.a.m.s.f.DefaultMavenResourcesFiltering - Copying 0 resource from src\main\resources to target\classes
2026-01-20 13:31:52,831 [Worker-18: Launching ATM-Project - AtmProjectApplication] INFO  o.a.m.s.f.DefaultMavenResourcesFiltering - skip non existing resourceDirectory C:\Users\SRUTHI\Documents\atm\ATM-Project\src\test\resources
2026-01-20 13:41:53,311 [Worker-5: Launching ATM-Project - AtmProjectApplication] INFO  o.a.m.s.f.DefaultMavenResourcesFiltering - Copying 1 resource from src\main\resources to target\classes
2026-01-20 13:41:53,342 [Worker-5: Launching ATM-Project - AtmProjectApplication] INFO  o.a.m.s.f.DefaultMavenResourcesFiltering - Copying 0 resource from src\main\resources to target\classes
2026-01-20 13:41:53,355 [Worker-5: Launching ATM-Project - AtmProjectApplication] INFO  o.a.m.s.f.DefaultMavenResourcesFiltering - skip non existing resourceDirectory C:\Users\SRUTHI\Documents\atm\ATM-Project\src\test\resources
2026-01-20 13:57:01,661 [Worker-19: Launching ATM-Project - AtmProjectApplication] INFO  o.a.m.s.f.DefaultMavenResourcesFiltering - Copying 2 resources from src\main\resources to target\classes
2026-01-20 13:57:01,671 [Worker-19: Launching ATM-Project - AtmProjectApplication] INFO  o.a.m.s.f.DefaultMavenResourcesFiltering - Copying 0 resource from src\main\resources to target\classes
2026-01-20 13:57:01,674 [Worker-19: Launching ATM-Project - AtmProjectApplication] INFO  o.a.m.s.f.DefaultMavenResourcesFiltering - skip non existing resourceDirectory C:\Users\SRUTHI\Documents\atm\ATM-Project\src\test\resources
2026-01-20 14:01:28,640 [Worker-22: Launching ATM-Project - AtmProjectApplication] INFO  o.a.m.s.f.DefaultMavenResourcesFiltering - Copying 1 resource from src\main\resources to target\classes
2026-01-20 14:01:28,649 [Worker-22: Launching ATM-Project - AtmProjectApplication] INFO  o.a.m.s.f.DefaultMavenResourcesFiltering - Copying 0 resource from src\main\resources to target\classes
2026-01-20 14:01:28,651 [Worker-22: Launching ATM-Project - AtmProjectApplication] INFO  o.a.m.s.f.DefaultMavenResourcesFiltering - skip non existing resourceDirectory C:\Users\SRUTHI\Documents\atm\ATM-Project\src\test\resources
2026-01-20 14:28:00,575 [Worker-28: Launching ATM-Project - AtmProjectApplication] INFO  o.a.m.s.f.DefaultMavenResourcesFiltering - Copying 1 resource from src\main\resources to target\classes
2026-01-20 14:28:00,589 [Worker-28: Launching ATM-Project - AtmProjectApplication] INFO  o.a.m.s.f.DefaultMavenResourcesFiltering - Copying 0 resource from src\main\resources to target\classes
2026-01-20 14:28:00,593 [Worker-28: Launching ATM-Project - AtmProjectApplication] INFO  o.a.m.s.f.DefaultMavenResourcesFiltering - skip non existing resourceDirectory C:\Users\SRUTHI\Documents\atm\ATM-Project\src\test\resources
2026-01-20 15:14:31,235 [Worker-25: Launching ATM-Project - AtmProjectApplication] INFO  o.a.m.s.f.DefaultMavenResourcesFiltering - Copying 1 resource from src\main\resources to target\classes
2026-01-20 15:14:31,247 [Worker-25: Launching ATM-Project - AtmProjectApplication] INFO  o.a.m.s.f.DefaultMavenResourcesFiltering - Copying 0 resource from src\main\resources to target\classes
2026-01-20 15:14:31,249 [Worker-25: Launching ATM-Project - AtmProjectApplication] INFO  o.a.m.s.f.DefaultMavenResourcesFiltering - skip non existing resourceDirectory C:\Users\SRUTHI\Documents\atm\ATM-Project\src\test\resources
2026-01-20 15:17:46,272 [Worker-25: Launching ATM-Project - AtmProjectApplication] INFO  o.a.m.s.f.DefaultMavenResourcesFiltering - Copying 1 resource from src\main\resources to target\classes
2026-01-20 15:17:46,301 [Worker-25: Launching ATM-Project - AtmProjectApplication] INFO  o.a.m.s.f.DefaultMavenResourcesFiltering - Copying 0 resource from src\main\resources to target\classes
2026-01-20 15:17:46,304 [Worker-25: Launching ATM-Project - AtmProjectApplication] INFO  o.a.m.s.f.DefaultMavenResourcesFiltering - skip non existing resourceDirectory C:\Users\SRUTHI\Documents\atm\ATM-Project\src\test\resources
2026-01-20 15:20:02,128 [Worker-6: Loading available Gradle versions] INFO  o.e.b.c.i.u.g.PublishedGradleVersions - Gradle version information cache is up-to-date. Trying to read.
2026-01-20 15:20:32,286 [Worker-2: Launching ATM-Project - AtmProjectApplication] INFO  o.a.m.s.f.DefaultMavenResourcesFiltering - Copying 1 resource from src\main\resources to target\classes
2026-01-20 15:20:32,304 [Worker-2: Launching ATM-Project - AtmProjectApplication] INFO  o.a.m.s.f.DefaultMavenResourcesFiltering - Copying 13 resources from src\main\resources to target\classes
2026-01-20 15:20:32,311 [Worker-2: Launching ATM-Project - AtmProjectApplication] INFO  o.a.m.s.f.DefaultMavenResourcesFiltering - skip non existing resourceDirectory C:\Users\SRUTHI\Documents\atm\ATM-Project\src\test\resources
2026-01-20 15:22:11,537 [Worker-19: Launching ATM-Project - AtmProjectApplication] INFO  o.a.m.s.f.DefaultMavenResourcesFiltering - Copying 1 resource from src\main\resources to target\classes
2026-01-20 15:22:11,563 [Worker-19: Launching ATM-Project - AtmProjectApplication] INFO  o.a.m.s.f.DefaultMavenResourcesFiltering - Copying 0 resource from src\main\resources to target\classes
2026-01-20 15:22:11,570 [Worker-19: Launching ATM-Project - AtmProjectApplication] INFO  o.a.m.s.f.DefaultMavenResourcesFiltering - skip non existing resourceDirectory C:\Users\SRUTHI\Documents\atm\ATM-Project\src\test\resources
2026-01-20 15:23:13,518 [Worker-3: Launching ATM-Project - AtmProjectApplication] INFO  o.a.m.s.f.DefaultMavenResourcesFiltering - Copying 1 resource from src\main\resources to target\classes
2026-01-20 15:23:13,526 [Worker-3: Launching ATM-Project - AtmProjectApplication] INFO  o.a.m.s.f.DefaultMavenResourcesFiltering - Copying 0 resource from src\main\resources to target\classes
2026-01-20 15:23:13,529 [Worker-3: Launching ATM-Project - AtmProjectApplication] INFO  o.a.m.s.f.DefaultMavenResourcesFiltering - skip non existing resourceDirectory C:\Users\SRUTHI\Documents\atm\ATM-Project\src\test\resources
2026-01-20 15:32:34,809 [Worker-3: Launching ATM-Project - AtmProjectApplication] INFO  o.a.m.s.f.DefaultMavenResourcesFiltering - Copying 1 resource from src\main\resources to target\classes
2026-01-20 15:32:34,833 [Worker-3: Launching ATM-Project - AtmProjectApplication] INFO  o.a.m.s.f.DefaultMavenResourcesFiltering - Copying 0 resource from src\main\resources to target\classes
2026-01-20 15:32:34,840 [Worker-3: Launching ATM-Project - AtmProjectApplication] INFO  o.a.m.s.f.DefaultMavenResourcesFiltering - skip non existing resourceDirectory C:\Users\SRUTHI\Documents\atm\ATM-Project\src\test\resources
2026-01-20 16:01:05,478 [Worker-22: Launching ATM-Project - AtmProjectApplication] INFO  o.a.m.s.f.DefaultMavenResourcesFiltering - Copying 1 resource from src\main\resources to target\classes
2026-01-20 16:01:05,488 [Worker-22: Launching ATM-Project - AtmProjectApplication] INFO  o.a.m.s.f.DefaultMavenResourcesFiltering - Copying 0 resource from src\main\resources to target\classes
2026-01-20 16:01:05,491 [Worker-22: Launching ATM-Project - AtmProjectApplication] INFO  o.a.m.s.f.DefaultMavenResourcesFiltering - skip non existing resourceDirectory C:\Users\SRUTHI\Documents\atm\ATM-Project\src\test\resources
2026-01-20 17:52:06,120 [Worker-5: Loading available Gradle versions] INFO  o.e.b.c.i.u.g.PublishedGradleVersions - Gradle version information cache is up-to-date. Trying to read.
